name,mass,radius,orbital_period,semi_major_axis,eccentricity,temp_calculated,detection_type,star_name,star_metallicity,star_mass,star_radius,star_teff
109 Psc b,6.8,1.152,1075.4,2.051,0.104,1357.0,"Radial Velocity, Astrometry",109 Psc,0.1,1.13,1.79,5600.0
1RXS 1609 b,6.6,1.7,2277081.388074019,305.0,0.25,633.8,Imaging,1RXS 1609,0.048,0.73,1.35,4060.0
2MASS J0103-5515 (AB)b,10.5,1.54,444609.92994983814,84.0,0.04039999999999999,1731.0,Imaging,2MASS J0103-5515,-0.138,0.4,0.94,5573.0
51 Eri Ab,4.1,1.11,10260.0,11.1,0.49,700.0,Imaging,51 Eri A,-0.027,1.75,0.94,5573.0
51 Peg b,0.61,1.2,4.2307966,0.052,0.006900000000000003,1263.8,Radial Velocity,51 Peg,0.18,1.03,1.176,5758.0
55 Cnc Ae,0.02703,0.1737,0.7365478,0.015439,0.027999999999999997,1018.6,"Radial Velocity, Primary Transit",55 Cnc A,0.35,0.9,0.963,5250.0
AB Pic b,12.9,1.75,8.05380809,242.0,0.5399999999999999,755.2,"Imaging, Astrometry",AB Pic,0.04000000000000001,0.9019999999999999,0.94,5285.0
AF Lep b,3.75,1.3,8875.0,8.98,0.012999999999999998,1183.8,Imaging,AF Lep,0.19,1.2,1.25,6130.0
AU Mic b,0.028,0.4273,8.463446,0.07,0.07,569.5,Primary Transit,AU Mic,-0.06999999999999999,0.5,0.75,3700.0
AU Mic c,0.0456,0.2248,18.859023,0.119,0.18,436.0,Primary Transit,AU Mic,-0.06999999999999999,0.5,0.75,3700.0
BD-10 3166 b,0.51,1.03,3.4878,0.046,0.010400000000000006,1586.6,Radial Velocity,BD-10 3166,0.5,0.99,1.71,5400.0
BD-14 3065 Ab,12.37,1.93,4.2889731,0.0656,0.07,2000.0,Primary Transit,BD-14 3065 A,-0.34,1.41,2.35,6935.0
BD+20 594 b,0.0164,0.1989,41.68547,0.2226,0.0,613.0,Primary Transit,BD+20 594,-0.24,0.847,1.088,5748.0
BEBOP-2 (AB)b,2.84,0.9876,188.763,0.867,0.089,790.0,Primary Transit,BEBOP-2 (AB),0.34,2.4398,0.94,6030.0
beta Pic b,11.9,1.35,7707.0,9.93,0.103,1240.8,Imaging,beta Pic,-0.01900000000000003,1.73,1.8,8052.0
beta Pic c,8.89,1.2,1227.0,2.68,0.32,1664.4,Radial Velocity,beta Pic,0.14379999999999998,1.73,1.8,8052.0
COCONUTS-2 b,7.3,1.03,312569402.31427133,6471.0,0.06,496.0,Imaging,COCONUTS-2,0.0,0.37,0.388,3406.0
CoRoT-10 b,2.75,0.97,13.2406,0.1055,0.53,1066.6,Primary Transit,CoRoT-10,0.26,0.89,0.79,5075.0
CoRoT-11 b,2.33,1.43,2.994325,0.04351,0.0,1573.4,Primary Transit,CoRoT-11,0.04000000000000001,1.27,1.36,6343.0
CoRoT-12 b,0.917,1.44,2.8280517,0.04016,0.07,1019.4,Primary Transit,CoRoT-12,0.15999999999999998,1.078,1.116,5675.0
CoRoT-13 b,1.308,0.885,4.0350906,0.051,0.0,1332.8,Primary Transit,CoRoT-13,0.01,1.09,1.01,5945.0
CoRoT-14 b,7.6,1.09,1.51214,0.027,0.0,1361.2,Primary Transit,CoRoT-14,0.05,1.13,1.21,6035.0
CoRoT-16 b,0.535,1.17,5.35227,0.0618,0.33,1213.6000000000001,Primary Transit,CoRoT-16,0.19,1.098,1.19,5650.0
CoRoT-17 b,2.43,1.02,3.768125,0.0461,0.0,1553.2,Primary Transit,CoRoT-17,0.0,1.04,1.59,5740.0
CoRoT-18 b,3.47,1.31,1.90009057,0.0295,0.08,1020.0,Primary Transit,CoRoT-18,-0.1,0.95,1.0,5440.0
CoRoT-19 b,1.11,1.29,3.8971372,0.0518,0.047,1571.8,Primary Transit,CoRoT-19,-0.02,1.21,1.65,6090.0
CoRoT-1 b,1.03,1.49,1.50896846,0.0254,0.0,1583.6,Primary Transit,CoRoT-1,0.065,1.26,1.29,6355.0
CoRoT-20 b,4.24,0.84,9.2431839,0.0902,0.562,1081.6,Primary Transit,CoRoT-20,0.14,1.14,0.92,5880.0
CoRoT-21 b,2.26,1.3,2.72474,0.0417,0.0,1569.2,Primary Transit,CoRoT-21,0.0,1.29,1.95,6200.0
CoRoT-22 b,0.06,0.4354,9.75598,0.092,0.077,885.0,Primary Transit,CoRoT-22,0.17,1.099,1.136,5939.0
CoRoT-23 b,2.8,1.08,3.6314,0.0477,0.16,847.4,Primary Transit,CoRoT-23,0.05,1.14,1.61,5900.0
CoRoT-24 b,0.018,0.33,5.1134,0.056,0.0,1070.0,Primary Transit,CoRoT-24,0.3,0.91,0.86,4950.0
CoRoT-24 c,0.088,0.44,11.759,0.098,0.0,850.0,Primary Transit,CoRoT-24,0.3,0.91,0.86,4950.0
CoRoT-25 b,0.27,1.08,4.86069,0.0578,0.08,1278.4,Primary Transit,CoRoT-25,-0.01,1.09,1.19,6040.0
CoRoT-26 b,0.52,1.26,4.20474,0.0526,0.0,1332.8,Primary Transit,CoRoT-26,0.01,1.09,1.79,5590.0
CoRoT-27 b,10.39,1.007,3.57532,0.0476,0.065,1500.0,Primary Transit,CoRoT-27,0.1,1.05,1.08,5900.0
CoRoT-28 b,,0.955,5.20851,0.059,0.047,1267.0,Primary Transit,CoRoT-28,0.15,1.01,1.78,5150.0
CoRoT-29 b,0.85,0.9,2.85057,0.039,0.082,1061.4,Primary Transit,CoRoT-29,0.2,0.976,0.9,5260.0
CoRoT-2 Ab,3.31,1.465,1.7429964,0.0281,0.0,1609.6,Primary Transit,CoRoT-2 A,-0.039999999999999994,0.972,0.938,5529.0
CoRoT-30 b,2.9,1.009,9.06005,0.0844,0.007000000000000006,750.0,Primary Transit,CoRoT-30,0.019999999999999997,0.98,0.91,5660.0
CoRoT-31 b,0.84,1.46,4.62941,0.0586,0.020000000000000004,927.2,Primary Transit,CoRoT-31,0.0,1.25,2.15,5370.0
CoRoT-32 b,0.15,0.57,6.71837,0.071,0.23359999999999997,938.0,Primary Transit,CoRoT-32,0.0,1.09,0.79,5970.0
CoRoT-35 b,1.1,1.68,3.22748,0.0429,0.0,1747.0,Primary Transit,CoRoT-35,-0.5,1.01,1.65,6390.0
CoRoT-36 b,0.68,1.41,5.616531,0.066,0.0,1567.0,Primary Transit,CoRoT-36,-0.1,1.32,1.52,6730.0
CoRoT-4 b,0.72,1.19,9.20166201,0.09,0.0,1721.4,Primary Transit,CoRoT-4,0.05,1.1,1.15,6190.0
CoRoT-5 b,0.467,1.33,4.0379148,0.04947,0.09,1092.2,Primary Transit,CoRoT-5,-0.25,1.0,1.186,6100.0
CoRoT-6 b,2.96,1.166,8.886593,0.0855,0.1,1268.6,Primary Transit,CoRoT-6,-0.2,1.055,1.025,6090.0
CoRoT-7 Ab,0.01907,0.136,0.8535,0.0172,0.12,708.8,Primary Transit,CoRoT-7 A,0.029999999999999995,0.93,0.87,5313.0
CoRoT-8 b,0.2158,0.5692,6.21229,0.063,0.0,1236.8,Primary Transit,CoRoT-8,0.3,0.88,0.77,5080.0
CoRoT-9 Ab,0.84,0.94,95.273804,0.407,0.133,1406.4,Primary Transit,CoRoT-9 A,-0.01,0.99,0.94,5625.0
CT Cha b,9.7,2.2,8.05380809,500.0,0.59,1043.4,Imaging,CT Cha,0.032,0.896,0.94,5573.0
DH Tau b,11.3,2.6,2722900.0,234.0,0.58,2050.0,Imaging,DH Tau,-0.182,0.4099999999999999,1.26,3600.0
DS Tuc Ab,0.0453,0.5085,8.138268,0.0795,0.0946,973.4,Primary Transit,DS Tuc A,-0.08,0.959,0.872,5597.0
EPIC 201390927 b,,0.31814,2.6378,0.03760525794962672,0.11840000000000002,1313.0,Primary Transit,EPIC 201390927,0.01,0.97,1.01,5711.0
EPIC 201456770 b,,0.20707,8.0069,0.07773811468675058,0.036,952.0,Primary Transit,EPIC 201456770,-0.214,0.93,0.861,5365.82
G 9-40 b,0.013,0.17,5.7459982,0.0418,0.0,440.6,Primary Transit,G 9-40,0.04000000000000001,0.29000000000000004,0.31,3348.0
Gaia-1 b,1.68,1.229,3.042524,0.04047,0.04905999999999999,696.2,Primary Transit,Gaia-1,0.036000000000000004,0.93,0.962,5370.0
Gaia-2 b,0.773,1.327,3.6915237,0.0467,0.346,1084.2,Primary Transit,Gaia-2,-0.0364,1.0,1.064,5720.0
Gaia EDR3 2077240046296834304 b,,0.81,4.99671123,0.032,0.040999999999999995,791.6,Primary Transit,Gaia EDR3 2077240046296834304,0.32,0.749,0.72,4410.0
GJ 1018 b,0.00843,0.1356,7.397225,0.0559,0.0366,458.0,Primary Transit,GJ 1018,-0.39,0.42700000000000005,0.428,3433.0
GJ 1132 b,0.00522,0.1035,1.628931,0.0154,0.0,580.0,Primary Transit,GJ 1132,-0.12,0.18100000000000005,0.207,3270.0
GJ 1214 b,0.02571,0.24463,1.580404497,0.01411,0.27,713.6,Primary Transit,GJ 1214,0.39,0.15000000000000002,0.216,3026.0
GJ 1252 b,0.00415,0.1053,0.5182349,0.00916,0.1056,997.0,Primary Transit,GJ 1252,0.1,0.381,0.391,3458.0
GJ 143 b,0.0815,0.2506,35.613442,0.1904,0.122,436.0,Primary Transit,GJ 143,0.003,0.76,0.73,4640.0
GJ 143 c,0.01164,0.08779,7.789787,0.0691,0.25,728.0,Primary Transit,GJ 143,0.003,0.76,0.73,4640.0
GJ 238 b,,0.0505,1.7446999,0.02123,0.049999999999999996,758.0,Primary Transit,GJ 238,0.15,0.41999999999999993,0.566,3485.0
GJ 3090 b,0.01051,0.19,2.8531054,0.03165,0.18,692.0,Primary Transit,GJ 3090,-0.06,0.519,0.516,3556.0
GJ 341 b,0.00227,0.0821,7.576863,0.0608,0.021040000000000003,540.0,Primary Transit,GJ 341,-0.236,0.522,0.525,3745.0
GJ 3470 b,0.0437,0.38826,3.336649,0.03557,0.019000000000000003,590.0,Primary Transit,GJ 3470,0.2,0.51,0.48,3652.0
GJ 3473 Ab,0.00585,0.11277,1.1980035,0.01589,0.0,773.0,Primary Transit,GJ 3473 A,0.11,0.36,0.364,3347.0
GJ 357 b,0.006566,0.10411,3.93086,0.033,0.047,525.0,Primary Transit,GJ 357,-0.12,0.3420000000000001,0.337,3505.0
GJ 367  b,0.001583,0.06566,0.3219225,0.0069,0.1,1416.0,Primary Transit,GJ 367,-0.01,0.454,0.457,3522.0
GJ 3929 b,0.00381,0.1026,2.6162745,0.02569,0.19380000000000003,569.0,Primary Transit,GJ 3929,0.0,0.30899999999999994,0.35,3369.0
GJ 414 Ab,,0.2632,50.817,0.24,0.48000000000000004,303.69999999999993,Radial Velocity,GJ 414 A,0.24,0.65,0.68,4120.0
GJ 414 Ac,,0.7833,748.3,1.43,0.093,123.29999999999995,Radial Velocity,GJ 414 A,0.24,0.65,0.68,4120.0
GJ 436 b,0.05836,0.32519,2.64394,0.02887,0.1912,580.0,Radial Velocity,GJ 436,-0.32,0.452,0.464,3684.0
GJ 486 b,0.00887,0.11643,1.467119,0.01734,0.05,700.0,Primary Transit,GJ 486,0.07,0.32299999999999995,0.328,3340.0
GJ 523 b,0.0739,0.2275,17.74574,0.1226,0.14,538.0,Primary Transit,GJ 523,-0.193,0.781,0.702,4660.0
GJ 674 b,,1.13,4.6944,0.039,0.07,770.2,Radial Velocity,GJ 674,-0.28,0.35,0.94,3600.0
GJ 777 Ad,0.0362,0.18,88.69,0.3886,0.058,1272.6,Radial Velocity,GJ 777 A,0.19,0.98,1.168,5549.0
GJ 7 b,0.00997,0.1213,10.215213,0.0675,0.15,456.0,Primary Transit,GJ 7,-0.7,0.467,0.44,3650.0
GJ 9827 b,0.01532,0.13641,1.2089765,0.01866,0.0,1043.5,Primary Transit,GJ 9827,-0.28,0.659,0.651,4255.0
GJ 9827 c,0.00604,0.107,3.648086,0.03896,0.04699999999999999,721.9,Primary Transit,GJ 9827,-0.28,0.659,0.651,4255.0
GJ 9827 d,0.01076,0.17441,6.20183,0.0555,0.0,604.9,Primary Transit,GJ 9827,-0.28,0.659,0.651,4255.0
Gliese 12 b,0.00223,0.08065,12.761416,0.066,0.16,315.0,Primary Transit,Gliese 12,-0.3,0.241,0.269,3253.0
GU Psc b,11.0,1.35,55220609.50664809,2000.0,0.0364,771.8,Imaging,GU Psc,-0.244,0.35,0.94,5573.0
HAT-P-10 Ab,0.46,1.045,3.722469,0.0439,0.0,1261.8,Primary Transit,HAT-P-10 A,0.13,0.82,0.81,4980.0
HAT-P-11 b,0.0736,0.389,4.887802443,0.053,0.265,750.0,Primary Transit,HAT-P-11,0.31000000000000005,0.809,0.683,4780.0
HAT-P-12 b,0.210489884529,0.949,3.2130598,0.0384,0.0,1657.0,Primary Transit,HAT-P-12,-0.2899999999999999,0.73,0.7,4650.0
HAT-P-13 b,0.9,1.44,2.916415,0.045,0.014200000000000004,1700.0,Primary Transit,HAT-P-13,0.43000000000000005,1.22,1.56,5638.0
HAT-P-14 Ab,2.444,1.01,4.627686,0.0606,0.095,1701.8000000000002,Primary Transit,HAT-P-14 A,0.11,1.386,1.468,6600.0
HAT-P-15 b,1.946,1.072,10.863502,0.0964,0.19,1196.2,Primary Transit,HAT-P-15,0.21999999999999997,1.013,1.08,5568.0
HAT-P-16 Ab,4.193,1.289,2.77596,0.0413,0.036,1473.6,Primary Transit,HAT-P-16 A,0.17,1.218,1.237,6158.0
HAT-P-17 b,0.571,0.98,10.3385308,0.0828,0.346,804.0,Primary Transit,HAT-P-17,0.0,0.857,0.837,5246.0
HAT-P-18 Ab,0.183,0.947,5.50802957,0.0559,0.106,841.0,Primary Transit,HAT-P-18 A,0.1,0.77,0.717,4870.0
HAT-P-19 b,0.292,1.132,4.008784,0.0466,0.067,823.6,Primary Transit,HAT-P-19,0.23,0.842,0.82,4990.0
HAT-P-1 Bb,0.525,1.319,4.46529976,0.05561,0.067,1322.0,Primary Transit,HAT-P-1 B,0.13,1.151,1.174,5980.0
HAT-P-20 Ab,7.246,0.867,2.875317,0.0361,0.015,731.2,Primary Transit,HAT-P-20 A,0.35,0.756,0.694,4595.0
HAT-P-21 b,4.063,1.024,4.124461,0.0494,0.22800000000000004,1095.8,Primary Transit,HAT-P-21,0.01,0.947,1.105,5588.0
HAT-P-22 Ab,2.147,1.08,3.21222,0.0414,0.016,875.6,Primary Transit,HAT-P-22 A,0.24,0.916,1.04,5302.0
HAT-P-23 Ab,2.09,1.368,1.212884,0.0232,0.106,1036.6,Primary Transit,HAT-P-23 A,0.15999999999999998,1.13,1.29,5924.0
HAT-P-24 Ab,0.685,1.242,3.35524,0.0465,0.067,1364.0,Primary Transit,HAT-P-24 A,-0.16,1.191,1.317,6373.0
HAT-P-25 b,0.567,1.19,3.652836,0.0466,0.032,1333.8,Primary Transit,HAT-P-25,0.31000000000000005,1.01,0.959,5500.0
HAT-P-26 b,0.0585,0.57,4.234502,0.0479,0.124,590.0,Primary Transit,HAT-P-26,-0.039999999999999994,0.816,0.788,5079.0
HAT-P-26 d,,0.1758,6.594,0.0643,0.036,785.0,Primary Transit,HAT-P-26,-0.039999999999999994,0.816,0.788,5079.0
HAT-P-27 Ab,0.66,1.055,3.0395803,0.0403,0.078,1002.6,Primary Transit,HAT-P-27 A,0.29,0.945,0.898,5300.0
HAT-P-27 Ac,,0.3863,1.1994,0.0217,0.022199999999999998,1426.0,Primary Transit,HAT-P-27 A,0.29,0.945,0.898,5300.0
HAT-P-28 b,0.626,1.212,3.257215,0.0434,0.051,1184.4,Primary Transit,HAT-P-28,0.12,1.025,1.103,5680.0
HAT-P-29 b,0.778,1.107,5.723186,0.0667,0.095,1262.8,Primary Transit,HAT-P-29,0.21,1.207,1.224,6087.0
HAT-P-2 b,8.74,0.951,5.6334729,0.0674,0.5170999999999999,1144.4,Primary Transit,HAT-P-2,0.04000000000000001,1.34,1.54,6414.0
HAT-P-30 Ab,0.723,1.41,2.81060078,0.0412,0.035,1712.0,Primary Transit,HAT-P-30 A,-0.08,1.18,1.33,6250.0
HAT-P-31 b,2.171,1.07,5.005425,0.055,0.245,1544.4,Primary Transit,HAT-P-31,0.15,1.218,1.36,6065.0
HAT-P-32 Ab,0.75,1.789,2.15000825,0.03427,0.044,1408.0,Primary Transit,HAT-P-32 A,-0.16,1.176,1.387,6001.0
HAT-P-33 Ab,0.763,1.827,3.474474,0.0503,0.148,1562.6,Primary Transit,HAT-P-33 A,0.05,1.403,1.777,6401.0
HAT-P-34 b,3.64,1.142,5.4526482,0.0861,0.44099999999999995,1288.0,Primary Transit,HAT-P-34,0.08,1.36,1.45,6509.0
HAT-P-35 Ab,1.054,1.332,3.646706,0.0498,0.025,906.6,Primary Transit,HAT-P-35 A,0.11,1.236,1.435,6096.0
HAT-P-36 b,1.832,1.264,1.327347,0.0238,0.063,1035.2,Primary Transit,HAT-P-36,0.26,1.022,1.096,5580.0
HAT-P-37 b,1.169,1.178,2.797436,0.0379,0.058,791.8,Primary Transit,HAT-P-37,0.029999999999999995,0.929,0.877,5500.0
HAT-P-38 b,0.267,0.825,4.640382,0.0523,0.067,1056.2,Primary Transit,HAT-P-38,0.06,0.886,0.923,5330.0
HAT-P-39 Ab,0.599,1.571,3.54387,0.0509,0.2294,1711.0,Primary Transit,HAT-P-39 A,0.19,1.404,1.625,6430.0
HAT-P-3 Ab,0.591,0.827,2.899703,0.03866,0.0,1490.1999999999998,Primary Transit,HAT-P-3 A,0.41,0.917,0.799,5224.0
HAT-P-40 b,0.615,1.73,4.457243,0.0608,0.05979999999999999,1821.4,Primary Transit,HAT-P-40,0.21999999999999997,1.512,2.206,6080.0
HAT-P-41 Ab,0.8,1.685,2.694047,0.0426,0.026000000000000002,1721.0,Primary Transit,HAT-P-41 A,0.13,1.32,1.65,6479.0
HAT-P-42 b,0.975,1.277,4.641876,0.0575,0.0,1427.0,Primary Transit,HAT-P-42,0.27,1.179,1.528,5743.0
HAT-P-43 b,0.66,1.283,3.332688,0.0443,0.0,1361.0,Primary Transit,HAT-P-43,0.23,1.048,1.104,5645.0
HAT-P-44 Bb,0.392,1.28,4.301217,0.0507,0.072,821.4,Primary Transit,HAT-P-44 B,0.33,0.939,0.979,5295.0
HAT-P-45 Ab,0.892,1.426,3.128992,0.0452,0.049,1291.8,Primary Transit,HAT-P-45 A,0.07,1.259,1.319,6330.0
HAT-P-46 b,0.493,1.284,4.463129,0.0577,0.123,1075.6,Primary Transit,HAT-P-46,0.3,1.763,1.395,7587.0
HAT-P-47 b,0.206,1.313,4.732182,0.0615,0.0,1558.2,Primary Transit,HAT-P-47,0.0,1.387,1.515,6703.0
HAT-P-48 b,0.168,1.131,4.40865,0.0543,0.0,1350.6,Primary Transit,HAT-P-48,0.019999999999999997,1.099,1.223,5946.0
HAT-P-49 b,1.73,1.448,2.6915575,0.0412,0.0,2193.0,Primary Transit,HAT-P-49,0.074,1.543,1.833,6820.0
HAT-P-4 b,0.68,1.27,3.0565114,0.0446,0.0,1455.6,Primary Transit,HAT-P-4,0.2,1.26,1.59,5890.0
HAT-P-50 b,1.36,1.288,3.1220109,0.0453,0.115,1862.0,Primary Transit,HAT-P-50,-0.18,1.273,1.698,6280.0
HAT-P-51 Ab,0.309,1.293,4.2180278,0.05069,0.123,1192.0,Primary Transit,HAT-P-51 A,0.27,0.976,1.041,5449.0
HAT-P-52 b,0.819,1.009,2.7535953,0.03694,0.047,1218.0,Primary Transit,HAT-P-52,0.28,0.887,0.893,5131.0
HAT-P-53 b,1.487,1.318,1.9616241,0.03159,0.134,1778.0,Primary Transit,HAT-P-53,0.0,1.093,1.209,5956.0
HAT-P-54 b,0.76,0.944,3.799847,0.04117,0.074,797.4,Primary Transit,HAT-P-54,-0.127,0.645,0.617,4390.0
HAT-P-55 b,0.582,1.182,3.5852467,0.04604,0.139,1313.0,Primary Transit,HAT-P-55,-0.03,1.013,1.011,5808.0
HAT-P-56 b,2.31,1.51,2.79083,0.0423,0.246,1840.0,Primary Transit,HAT-P-56,0.0,1.42,1.47,6566.0
HAT-P-57 Ab,1.85,1.413,2.465295,0.0406,0.0,2200.0,Primary Transit,HAT-P-57 A,-0.25,1.47,1.5,7500.0
HAT-P-58 b,0.372,1.332,4.013837,0.04994,0.073,1622.0,Primary Transit,HAT-P-58,0.12,1.031,1.53,5931.0
HAT-P-59 b,1.54,1.123,4.1419771,0.05064,0.03,1277.0,Primary Transit,HAT-P-59,0.217,1.0,1.1,5678.0
HAT-P-5 b,1.06,1.252,2.788491,0.04079,0.0,1734.6,Primary Transit,HAT-P-5,0.24,1.163,1.137,5960.0
HAT-P-60 b,0.574,1.631,4.7947813,0.06277,0.25,1772.0,Primary Transit,HAT-P-60,0.037000000000000005,1.435,2.197,6212.0
HAT-P-61 b,1.057,0.899,1.90231289,0.0301,0.9021999999999999,1505.0,Primary Transit,HAT-P-61,0.194,1.004,0.938,5587.0
HAT-P-62 b,0.761,1.073,2.6453235,0.03772,0.1,1512.0,Primary Transit,HAT-P-62,0.414,1.023,1.17,5629.0
HAT-P-63 b,0.614,1.119,3.377728,0.04294,0.069,1237.0,Primary Transit,HAT-P-63,0.251,0.925,0.9661,5400.0
HAT-P-64 b,0.58,1.703,4.007232,0.05387,0.041,1766.0,Primary Transit,HAT-P-64,-0.113,1.298,1.735,6457.0
HAT-P-65 b,0.527,1.89,2.6054552,0.03951,0.3,1930.0,Primary Transit,HAT-P-65,0.1,1.212,1.86,5835.0
HAT-P-66 b,0.783,1.59,2.972086,0.04363,0.0,1688.2,Primary Transit,HAT-P-66,0.035,1.255,1.881,6002.0
HAT-P-67 Ab,0.45,2.14,4.8101088,0.06505,0.24,1903.0,Primary Transit,HAT-P-67 A,-0.08,1.292,2.648,6417.0
HAT-P-68 b,0.724,1.072,2.29840551,0.02996,0.041,1028.0,Primary Transit,HAT-P-68,-0.06,0.6785,0.67,4508.0
HAT-P-69 b,3.58,1.676,4.7869491,0.06555,0.0,1990.0,Primary Transit,HAT-P-69,-0.061,1.698,1.854,7724.0
HAT-P-6 b,1.11,1.275,3.8529972,0.0494,0.0,1723.0,Primary Transit,HAT-P-6,-0.13,1.29,1.46,6570.0
HAT-P-70 b,6.78,1.87,2.74432452,0.04739,0.0,2562.0,Primary Transit,HAT-P-70,-0.059,1.89,1.858,8450.0
HAT-P-7 Ab,1.79,1.51,2.20473825,0.039,0.0,2200.0,Primary Transit,HAT-P-7 A,0.232,1.347,1.993,6532.23
HAT-P-8 Ab,1.35,1.42,3.076318,0.0473,0.0,1726.0,Primary Transit,HAT-P-8 A,0.048,1.285,1.431,6401.79
HAT-P-9 b,0.67,1.4,3.922814,0.053,0.0,1644.6000000000001,Primary Transit,HAT-P-9,0.12,1.28,1.32,6350.0
HATS-10 b,0.526,0.969,3.312846,0.0449,0.5,1407.0,Primary Transit,HATS-10,0.15,1.1,1.105,5880.0
HATS-11 b,0.85,1.609,3.619188,0.0507,0.34,1596.0,Primary Transit,HATS-11,0.029999999999999995,1.06,1.462,5871.0
HATS-12 b,2.38,0.692,3.142702,0.0441,0.085,1446.0,Primary Transit,HATS-12,-0.1,1.16,1.17,6357.0
HATS-13 b,0.543,1.212,3.0440499,0.04057,0.18,1244.0,Primary Transit,HATS-13,0.05,0.962,0.887,5523.0
HATS-14 b,1.071,1.039,2.7667641,0.03815,0.142,836.6,Primary Transit,HATS-14,0.33,0.967,0.933,5346.0
HATS-15 b,2.17,1.105,1.74748753,0.02712,0.0,1651.0,Primary Transit,HATS-15,0.0,0.871,0.922,5311.0
HATS-16 b,3.27,1.3,2.686502,0.03744,0.0,1248.6,Primary Transit,HATS-16,0.1,0.97,1.238,5738.0
HATS-17 b,1.338,0.777,16.254611,0.1308,0.028999999999999998,814.0,Primary Transit,HATS-17,0.3,1.131,1.091,5846.0
HATS-18 b,1.98,1.337,0.8378434,0.01761,0.166,2060.0,Primary Transit,HATS-18,0.28,1.037,1.02,5600.0
HATS-19 b,0.427,1.66,4.569673,0.0589,0.3,1570.0,Primary Transit,HATS-19,0.24,1.303,1.74,5896.0
HATS-1 Ab,1.855,1.302,3.446459,0.0444,0.12,1371.0,Primary Transit,HATS-1 A,-0.06,0.986,1.038,5870.0
HATS-20 b,0.273,0.776,3.7992969,0.04619,0.5,1147.0,Primary Transit,HATS-20,0.029999999999999995,0.91,0.892,5406.0
HATS-21 b,0.332,1.123,3.5543973,0.04676,0.0,1284.0,Primary Transit,HATS-21,0.3,1.08,1.021,5695.0
HATS-22 b,2.74,0.953,4.7228124,0.05025,0.079,858.0,Primary Transit,HATS-22,0.0,0.759,0.689,4803.0
HATS-23 b,1.47,1.86,2.1605156,0.03397,0.114,1654.0,Primary Transit,HATS-23,0.28,1.121,1.199,5780.0
HATS-24 b,2.44,1.487,1.3484954,0.02547,0.24,2067.0,Primary Transit,HATS-24,0.0,1.212,1.172,6346.0
HATS-25 b,0.613,1.26,4.2986432,0.05163,0.088,1586.6,Primary Transit,HATS-25,0.019999999999999997,0.994,1.107,5715.0
HATS-26 b,0.65,1.75,3.3023881,0.04735,0.122,993.4,Primary Transit,HATS-26,-0.02,1.299,2.04,6071.0
HATS-27 b,0.53,1.5,4.637038,0.0611,0.29,1623.0,Primary Transit,HATS-27,0.09,1.415,1.74,6438.0
HATS-28 b,0.672,1.194,3.1810781,0.04131,0.101,1048.2,Primary Transit,HATS-28,0.01,0.929,0.922,5498.0
HATS-29 b,0.653,1.251,4.6058749,0.05475,0.079,867.2,Primary Transit,HATS-29,0.15999999999999998,1.032,1.073,5670.0
HATS-2 b,1.345,1.168,1.354133,0.023,0.0,1561.4,Primary Transit,HATS-2,0.15,0.882,0.898,5227.0
HATS-30 Ab,0.706,1.175,3.1743516,0.04354,0.048,1187.6,Primary Transit,HATS-30 A,0.06,1.093,1.061,5943.0
HATS-31 b,0.88,1.64,3.37796,0.0478,0.23300000000000004,1823.0,Primary Transit,HATS-31,0.0,1.275,1.87,6050.0
HATS-32 b,0.92,1.249,2.8126548,0.04024,0.47100000000000003,1437.0,Primary Transit,HATS-32,0.39,1.099,1.097,5700.0
HATS-33 b,1.192,1.23,2.5495551,0.03727,0.08,1429.0,Primary Transit,HATS-33,0.29,1.062,1.022,5659.0
HATS-34 b,0.941,1.43,2.1061607,0.03166,0.0,1445.0,Primary Transit,HATS-34,0.24999999999999997,0.955,0.98,5380.0
HATS-35 b,1.222,1.464,1.8209933,0.03199,0.0,2037.0,Primary Transit,HATS-35,0.21,1.317,1.433,6300.0
HATS-36 b,2.79,1.153,4.175186,0.0523,0.294,1203.0,Primary Transit,HATS-36,0.15,1.1,1.1,5950.0
HATS-37 Ab,0.099,0.606,4.3315366,0.04913,0.345,1085.0,Primary Transit,HATS-37 A,0.051000000000000004,0.843,0.877,5326.0
HATS-38 b,0.074,0.614,4.375021,0.05036,0.122,1294.0,Primary Transit,HATS-38,-0.102,0.89,1.105,5732.0
HATS-39 b,0.63,1.57,4.5776348,0.06,0.275,1645.0,Primary Transit,HATS-39,0.0,1.379,1.621,6572.0
HATS-3 b,1.071,1.381,3.547851,0.0485,0.1968,1648.0,Primary Transit,HATS-3,-0.157,1.209,1.404,6351.0
HATS-40 b,1.59,1.58,3.2642736,0.04997,0.312,2100.0,Primary Transit,HATS-40,0.01,1.56,2.26,6460.0
HATS-41 b,9.7,1.33,4.193649,0.0583,0.38,1710.0,Primary Transit,HATS-41,0.47,1.496,1.71,6424.0
HATS-42 b,1.88,1.4,2.292102,0.03689,0.22900000000000004,1856.0,Primary Transit,HATS-42,0.21999999999999997,1.273,1.48,6060.0
HATS-43 b,0.261,1.18,4.3888497,0.04944,0.173,999.0,Primary Transit,HATS-43,0.05,0.837,0.812,5099.0
HATS-44 b,0.56,1.067,2.7439004,0.03649,0.27899999999999997,950.6,Primary Transit,HATS-44,0.32,0.86,0.847,5080.0
HATS-45 b,0.7,1.286,4.1876244,0.05511,0.24,1162.4,Primary Transit,HATS-45,0.019999999999999997,1.272,1.315,6450.0
HATS-46 b,0.173,0.903,4.7423729,0.05367,0.559,740.2,Primary Transit,HATS-46,-0.06,0.917,0.853,5495.0
HATS-47 Ab,0.369,1.117,3.9228038,0.04269,0.088,852.9,Primary Transit,HATS-47 A,-0.113,0.674,0.6564,4512.0
HATS-48 Ab,0.243,0.8,3.1316666,0.03769,0.162,954.6,Primary Transit,HATS-48 A,0.186,0.7279,0.7152,4546.0
HATS-49 b,0.353,0.765,4.1480467,0.04515,0.071,834.8,Primary Transit,HATS-49,0.208,0.7133,0.6977,4405.0
HATS-4 b,1.323,1.02,2.516729,0.0362,0.012999999999999998,1315.0,Primary Transit,HATS-4,0.43000000000000005,1.001,0.925,5403.0
HATS-50 b,0.39,1.13,3.8297015,0.05046,0.5159999999999999,1348.0,Primary Transit,HATS-50,0.3,1.168,1.117,5990.0
HATS-51 b,0.768,1.41,3.3488702,0.04639,0.33,1553.0,Primary Transit,HATS-51,0.3,1.187,1.44,5758.0
HATS-52 b,2.24,1.382,1.3665436,0.02498,0.246,1834.0,Primary Transit,HATS-52,0.21999999999999997,1.111,1.046,6010.0
HATS-53 b,0.595,1.34,3.8537768,0.04753,0.33,1312.0,Primary Transit,HATS-53,0.01,0.964,1.1,5644.0
HATS-54 b,0.753,1.015,2.5441765,0.037,0.126,1420.0,Primary Transit,HATS-54,0.37,1.05,1.23,5621.0
HATS-55 Ab,0.921,1.251,4.205833890981415,0.05412,0.092,1367.0,Primary Transit,HATS-55 A,0.108,1.1955,1.126,6214.0
HATS-56 b,0.602,1.688,4.324799,0.06043,0.019000000000000003,1902.0,Primary Transit,HATS-56,0.19,1.573,2.201,6536.0
HATS-57 Ab,3.147,1.13,2.350621,0.03493,0.027999999999999997,1413.4,Primary Transit,HATS-57 A,0.258,1.026,0.96,5587.0
HATS-58 Ab,1.03,1.095,4.2180896,0.05798,0.2262,1721.0,Primary Transit,HATS-58 A,0.126292,1.461,1.433,7175.0
HATS-59 b,0.806,1.126,5.416081,0.06112,0.129,1128.0,Primary Transit,HATS-59,0.18,1.038,1.036,5670.0
HATS-5 b,0.237,0.912,4.763387,0.0542,0.019000000000000003,1025.0,Primary Transit,HATS-5,0.19,0.936,0.871,5304.0
HATS-60 b,0.662,1.153,3.560829,0.04708,0.191,1528.0,Primary Transit,HATS-60,0.334,1.1,1.46,5690.0
HATS-61 b,3.4,1.195,7.817953,0.07908,0.092,1226.0,Primary Transit,HATS-61,0.241,1.075,1.667,5541.0
HATS-62 Ab,0.179,1.055,3.2768837,0.04163,0.29799999999999993,1237.0,Primary Transit,HATS-62 A,0.14,0.911,0.923,5435.0
HATS-63 b,0.96,1.207,3.0566527,0.04026,0.136,1398.0,Primary Transit,HATS-63,0.08,0.931,1.07,5626.0
HATS-64 b,0.96,1.679,4.908897,0.06562,0.151,1793.0,Primary Transit,HATS-64,0.208,1.562,2.113,6560.0
HATS-65 Ab,0.821,1.501,3.105161,0.04497,0.062,1634.0,Primary Transit,HATS-65 A,0.233,1.269,1.296,6276.0
HATS-66 b,5.33,1.411,3.1414391,0.04714,0.064,1998.0,Primary Transit,HATS-66,-0.034,1.406,1.851,6606.0
HATS-67 b,1.45,1.685,1.6091788,0.03032,0.05700000000000001,2193.0,Primary Transit,HATS-67,0.34,1.44,1.44,6605.0
HATS-68 b,1.29,1.2321,3.5862202,0.05071,0.036,1741.0,Primary Transit,HATS-68,0.163,1.337,1.769,6122.0
HATS-69 b,0.577,0.945,2.2252577,0.03211,0.5189999999999999,1295.7,Primary Transit,HATS-69,0.377,0.892,0.8785,5137.0
HATS-6 Bb,0.319,0.998,3.3252725,0.03623,0.064,471.79999999999995,Primary Transit,HATS-6 B,0.16812,0.574,0.57,3724.0
HATS-70 b,12.9,1.384,1.8882378,0.03632,0.18,2730.0,Primary Transit,HATS-70,0.04000000000000001,1.78,1.88,7930.0
HATS-71 b,0.45,1.08,3.79551764,0.03946,0.153,567.9,Primary Transit,HATS-71,0.237,0.569,0.5161,3254.0
HATS-72 b,0.1254,0.7224,7.3279474,0.066517,0.012999999999999998,739.3,Primary Transit,HATS-72,0.099,0.7311,0.7214,4656.1
HATS-74 Ab,1.46,1.032,1.73185606,0.02384,0.044,895.0,Primary Transit,HATS-74 A,0.514,0.6000000000000001,0.5758,3776.9
HATS-75 b,0.491,0.884,2.7886556,0.032742,0.064,772.0,Primary Transit,HATS-75,0.522,0.6017,0.5848,3790.4
HATS-76 b,2.629,1.079,1.9416423,0.02658,0.062,940.0,Primary Transit,HATS-76,0.322,0.662,0.626,4016.0
HATS-77 b,1.374,1.165,3.0876262,0.03607,0.045,828.0,Primary Transit,HATS-77,0.253,0.655,0.643,4071.0
HATS-7 b,0.12,0.563,3.185315,0.04012,0.0,1733.0,Primary Transit,HATS-7,0.24999999999999997,0.849,0.815,4985.0
HATS-8 b,0.138,0.873,3.583893,0.04667,0.38,1324.0,Primary Transit,HATS-8,0.21,1.056,1.086,5679.0
HATS-9 b,0.839,1.236,1.915291,0.0312,0.129,1746.0,Primary Transit,HATS-9,0.38,1.1,1.56,5599.0
HD 100546 b,1.65,6.9,91250.0,53.0,0.12539999999999998,932.0,"Imaging, Kinematic",HD 100546,0.14839999999999998,2.4,1.6,11000.0
HD 101581 b,,0.08529,4.46569,0.046,0.2454,834.0,Primary Transit,HD 101581,-0.344,0.653,0.63,4633.0
HD 101581 c,,0.0883,6.20401,0.0573,0.22396,747.0,Primary Transit,HD 101581,-0.344,0.653,0.63,4633.0
HD 104067 d,,0.116,2.1538197,0.03,0.0,1597.6,Radial Velocity,HD 104067,-0.06,0.791,0.94,4969.0
HD 106315 b,0.033,0.214,9.55288,0.0907,0.093,1153.0,Primary Transit,HD 106315,-0.311,1.09,1.3,6327.0
HD 106315 c,0.038,0.3908,21.05652,0.1536,0.22000000000000003,886.0,Primary Transit,HD 106315,-0.311,1.09,1.3,6327.0
HD 108236 b,,0.14149,3.79523,0.0469,0.2,1099.0,Primary Transit,HD 108236,-0.3,0.853,0.894,5720.0
HD 108236 c,,0.1845,6.2037,0.0651,0.18,932.0,Primary Transit,HD 108236,-0.3,0.853,0.894,5720.0
HD 108236 d,,0.2427,14.17555,0.1131,0.17,708.0,Primary Transit,HD 108236,-0.3,0.853,0.894,5720.0
HD 108236 e,,0.2783,19.5917,0.14,0.2,636.0,Primary Transit,HD 108236,-0.3,0.853,0.894,5720.0
HD 108236 f,,0.17995,29.54115,0.1758,0.051,1028.6,Primary Transit,HD 108236,-0.3,0.853,0.894,5720.0
HD 109749 Ab,,0.99,5.23921,0.0635,0.0451,1473.4,Radial Velocity,HD 109749 A,0.21999999999999997,1.2,1.3,5868.57
HD 110067 b,0.0179,0.19627,9.113678,0.0793,0.18760000000000002,800.0,Primary Transit,HD 110067,-0.2,0.798,0.788,5266.0
HD 110067 c,0.0198,0.2132,13.673694,0.104,0.0768,700.0,Primary Transit,HD 110067,-0.2,0.798,0.788,5266.0
HD 110067 d,0.02681,0.2543,20.519617,0.136,0.30860000000000004,602.0,Primary Transit,HD 110067,-0.2,0.798,0.788,5266.0
HD 110067 e,0.0123,0.1731,30.793091,0.1785,0.1588,533.0,Primary Transit,HD 110067,-0.2,0.798,0.788,5266.0
HD 110067 f,0.01586,0.232,41.05854,0.2163,0.059000000000000004,489.0,Primary Transit,HD 110067,-0.2,0.798,0.788,5266.0
HD 110067 g,0.0264,0.23258,54.76992,0.262,0.068,440.0,Primary Transit,HD 110067,-0.2,0.798,0.788,5266.0
HD 110113 b,0.01432,0.1829,2.541,0.035,0.093,1371.0,Primary Transit,HD 110113,0.0648,0.997,0.968,5732.0
HD 114082 b,1.55,1.05,225.5504,0.79,0.395,1216.4,Primary Transit,HD 114082,-0.21,1.28,1.48,6610.0
HD 114082 c,1.12,1.26,314.0,0.99,0.0,1562.4,Primary Transit,HD 114082,-0.21,1.28,1.48,6610.0
HD 114613 b,,1.182,4000.0,5.34,0.458,1316.3999999999999,Radial Velocity,HD 114613,0.18,1.27,2.14,5641.0
HD 115587 b,0.7,0.49,372.0,1.1081458040560253,0.109,1119.8,Primary Transit,HD 115587,0.282,1.248,1.198,6324.0
HD 118203 b,2.17,1.14,6.13499,0.07082,0.30999999999999994,1496.0,Radial Velocity,HD 118203,0.27,1.353,1.993,5872.0
HD 125390 b,,1.08,1756.2,1.55,0.591,1448.8,Radial Velocity,HD 125390,0.14279999999999995,1.36,6.17,4850.0
HD 13167 Ab,,1.167,2613.0,4.1,0.5629999999999998,1448.8,Radial Velocity,HD 13167 A,0.08399999999999999,1.35,2.39,5671.0
HD 135344 Ab,10.0,1.45,8.05380809,16.5,0.5,1233.2,Imaging,HD 135344 A,0.05,0.89,1.5,9540.0
HD 137010 b,,0.0946,355.0,0.88,0.1346,188.0,Primary Transit,HD 137010,-0.22,0.726,0.707,4770.0
HD 137496 b,0.01271,0.1169,1.62116,0.02732,0.0,2130.0,Primary Transit,HD 137496,-0.11599999999999999,1.0972,0.94,5573.0
HD 1397 b,0.415,1.026,11.53533,0.1097,0.251,1228.3,Primary Transit,HD 1397,0.27,1.322,2.328,5528.0
HD 143105 b,1.23,1.2,2.1974,0.0379,0.07,663.4,Radial Velocity,HD 143105,0.05,1.51,1.61,6380.0
HD 143811 (AB)b,5.6,1.4,119181.0,63.88,0.23000000000000004,1000.0,Imaging,HD 143811 (AB),0.0372,2.5,0.94,6575.0
HD 14787 b,,1.25,676.6,1.7,0.155,2001.2000000000003,Radial Velocity,HD 14787,0.12239999999999998,1.43,5.01,4942.0
HD 148797 b,0.1237,0.736,42.146,0.2568,0.15,762.0,Radial Velocity,HD 148797,-0.093,1.268,1.569,6441.0
HD 148797 c,0.1246,0.7467,68.1,0.3536,0.13,650.0,Primary Transit,HD 148797,-0.093,1.268,1.569,6441.0
HD 149026 b,0.28,0.74,2.8758916,0.041,0.012999999999999998,1634.0,"Primary Transit, Radial Velocity",HD 149026,0.36,1.3,1.497,6147.0
HD 149143 b,,1.05,4.07206,0.052,0.012300000000000005,959.8,Radial Velocity,HD 149143,0.26,1.1,0.94,5730.0
HD 1502 b,,1.183,428.5,1.262,0.031,1448.4,Radial Velocity,HD 1502,0.09,1.46,4.67,4947.0
HD 152843 b,0.0309,0.2721,11.6264,0.1049,0.046,1443.0,Primary Transit,HD 152843,-0.16,1.15,1.43,6310.0
HD 152843 c,0.03043,0.5299,27.13,0.148,0.074,1031.2,Primary Transit,HD 152843,-0.16,1.15,1.43,6310.0
HD 158259 b,,0.107,2.178,0.034303880709114803,0.004799999999999999,830.0,Radial Velocity,HD 158259,0.05299999999999999,1.08,1.21,5573.0
HD 15906 b,,0.1998,10.924709,0.09,0.11,668.0,Primary Transit,HD 15906,0.019999999999999997,0.79,0.762,4757.0
HD 15906 c,,0.2614,21.583298,0.141,0.04,532.0,Primary Transit,HD 15906,0.019999999999999997,0.79,0.762,4757.0
HD 159868 b,,1.202,1184.1,2.32,0.024000000000000007,1189.8,Radial Velocity,HD 159868,0.0,1.19,2.13,5534.0
HD 159868 c,,1.269,351.0,1.032,0.184,1217.754,Radial Velocity,HD 159868,0.0,1.19,2.13,5534.0
HD 163607 b,,1.269,75.2203,0.362,0.7441000000000001,836.4000000000001,Radial Velocity,HD 163607,0.21,1.12,1.76,5522.0
HD 163607 c,,1.202,1272.0,2.39,0.08,1037.6,Radial Velocity,HD 163607,0.21,1.12,1.76,5522.0
HD 17156 b,3.195,1.095,21.2163979,0.1623,0.6768,1177.4,Primary Transit,HD 17156,0.24,1.275,1.508,6079.0
HD 179949 b,,1.05,3.0925,0.045,0.010400000000000006,1097.8000000000002,Radial Velocity,HD 179949,0.21999999999999997,1.28,1.19,6260.0
HD 180053 b,,1.203,213.72,0.8571816747162619,0.25159999999999993,1828.2,Radial Velocity,HD 180053,0.056400000000000006,1.75,4.06,5130.0
HD 18015 Ab,,1.17,2278.0,3.87,0.148,1688.8000000000002,Radial Velocity,HD 18015 A,0.126,1.49,3.13,5599.0
HD 180902 b,,1.221,510.9,1.4,0.107,1783.2000000000003,Radial Velocity,HD 180902,0.04000000000000001,1.41,4.16,4961.0
HD 181342 b,,1.19,563.6,1.592,0.0,1484.4,Radial Velocity,HD 181342,0.26,1.69,4.71,4945.0
HD 183579 b,0.0302,0.3149,17.471278,0.1334,0.28,769.0,Primary Transit,HD 183579,-0.023,1.031,0.985,5788.0
HD 18742 b,,1.166,766.0,1.82,0.04,1404.2,Radial Velocity,HD 18742,-0.039999999999999994,1.36,5.13,4940.0
HD 189733 Ab,1.138,1.138,2.219,0.031,0.0,1429.6,Primary Transit,HD 189733 A,-0.03,0.8,0.805,4875.0
HD 190622 b,0.0242,0.27541,15.507612,0.1236,0.055,1240.6,Primary Transit,HD 190622,-0.185,1.044,1.205,6088.0
HD 191939 b,0.031,0.303,8.88029,0.078,0.0,893.0,Primary Transit,HD 191939,-0.16,0.81,0.945,5427.0
HD 191939 c,0.0227,0.2748,28.5805,0.17,0.0,605.0,Primary Transit,HD 191939,-0.16,0.81,0.945,5427.0
HD 191939 d,0.0182,0.2712,38.3525,0.207,0.0,549.0,Primary Transit,HD 191939,-0.16,0.81,0.945,5427.0
HD 192699 b,,1.206,340.94,1.063,0.082,1324.8,Radial Velocity,HD 192699,-0.15,1.38,4.41,5041.0
HD 202772 Ab,1.008,1.562,3.30887883,0.0519,0.047,2132.0,Primary Transit,HD 202772 A,0.29,1.703,2.614,6230.0
HD 203030 Ab,11.0,1.3,4048738.6134980014,487.0,0.0358,655.4,Imaging,HD 203030 A,-0.07939999999999998,0.94,0.875,5418.3
HD 20329 b,0.02335,0.1534,0.926118,0.018,0.0,2000.0,Primary Transit,HD 20329,-0.07,0.9,1.13,5596.0
HD 206893 c,10.31,1.46,2082.0,3.62,0.38,1052.0,Radial Velocity,HD 206893,0.20839999999999997,1.24,0.94,6486.0
HD 207496 Ab,0.0192,0.2007,6.441008,0.0629,0.23000000000000004,743.0,Primary Transit,HD 207496 A,0.095,0.8,0.769,4819.0
HD 207897 b,0.05,0.22348,16.202157,0.1164,0.047,632.3,Primary Transit,HD 207897,-0.039999999999999994,0.801,0.779,5071.0
HD 209458 b,0.69,1.38,3.52472,0.04747,0.008199999999999999,1355.0,Radial Velocity,HD 209458,0.019999999999999997,1.148,1.203,6092.0
HD 210702 Ab,,1.216,354.1,1.148,0.027999999999999997,1000.8,Radial Velocity,HD 210702 A,0.12,1.61,4.92,4951.0
HD 212301 Ab,,1.07,2.245715,0.036,0.014700000000000005,1157.6,Radial Velocity,HD 212301 A,0.188,1.22,1.166,6273.13
HD 213885 Ab,0.02778,0.15568,1.008035,0.02012,0.0,2128.0,Primary Transit,HD 213885 A,-0.039999999999999994,1.068,1.101,5978.0
HD 21520 b,0.0249,0.24061,25.1292,0.1726,0.0,637.0,Primary Transit,HD 21520,0.04899999999999999,1.09,1.044,5871.0
HD 219134 b,0.01343,0.134,3.093292,0.037,0.0,1281.4,Primary Transit,HD 219134,0.11,0.794,0.778,4699.0
HD 219134 c,0.01246,0.12624,6.765159,0.062,0.0,1281.4,Radial Velocity,HD 219134,0.11,0.794,0.778,4699.0
HD 219666 b,0.0522,0.4202,6.0344703,0.06356,0.0,1073.0,Primary Transit,HD 219666,0.04000000000000001,0.92,1.03,5527.0
HD 221416 b,0.1904,0.836,14.2767,0.1228,0.115,1515.4,Primary Transit,HD 221416,-0.08,1.212,2.943,5080.0
HD 224018 b,0.0129,0.0812,10.6413,0.0952,0.06,968.0,Primary Transit,HD 224018,0.05,1.013,1.147,5784.0
HD 224018 c,0.0327,0.2159,36.57669,0.217,0.020000000000000004,641.0,Primary Transit,HD 224018,0.05,1.013,1.147,5784.0
HD 224018 d,0.0132,0.214,138.0731,0.53,0.04,411.0,Primary Transit,HD 224018,0.05,1.013,1.147,5784.0
HD 22946 b,0.00821,0.12151,4.040295,0.05727,0.126,1241.0,Primary Transit,HD 22946,-0.05,1.104,1.157,6210.0
HD 22946 c,0.0208,0.20769,9.573083,0.1017,0.16,931.0,Primary Transit,HD 22946,-0.05,1.104,1.157,6210.0
HD 22946 d,0.0249,0.23258,47.42489,0.2958,0.16199999999999998,546.0,Primary Transit,HD 22946,-0.05,1.104,1.157,6210.0
HD 23472 Ab,0.02618,0.16701,17.667087,0.1162,0.072,543.0,Primary Transit,HD 23472 A,-0.038000000000000006,0.75,0.73,5573.0
HD 23472 Ac,0.01073,0.1668,29.79749,0.1646,0.063,467.00000000000006,Primary Transit,HD 23472 A,0.1868,0.75,0.73,5573.0
HD 23472 Ad,0.00173,0.0669,3.97664,0.04298,0.07,909.0,Primary Transit,HD 23472 A,0.2268,0.75,0.73,5573.0
HD 23472 Ae,0.00227,0.07298,7.90754,0.068,0.07,723.0,Primary Transit,HD 23472 A,0.12739999999999999,0.75,0.73,5573.0
HD 23472 Af,0.00242,0.10144,12.1621839,0.0956147476305277,0.07,630.0,Primary Transit,HD 23472 A,0.04680000000000001,0.75,0.73,5573.0
HD 260655 b,0.00673,0.1106,2.76953,0.02933,0.039,709.0,Primary Transit,HD 260655,-0.43,0.43899999999999995,0.439,3803.0
HD 260655 c,0.00972,0.13677,5.70588,0.04749,0.038,557.0,Primary Transit,HD 260655,-0.43,0.43899999999999995,0.439,3803.0
HD 2638 Ab,,1.04,3.444,0.044,0.0,1539.0,Radial Velocity,HD 2638 A,0.15999999999999998,0.93,0.94,5192.0
HD 2685 b,1.18,1.44,4.12692,0.0568,0.0,2061.0,Primary Transit,HD 2685,0.019999999999999997,1.44,1.57,6801.0
HD 283869 b,0.0205,0.1749,106.0,0.4,0.1006,255.0,Primary Transit,HD 283869,0.15,0.74,0.66,4655.0
HD 31221 b,12.0,1.32,4.66632,0.0618,0.22399999999999998,1912.6,Primary Transit,HD 31221,0.0494,1.447,1.55,7712.0
HD 3167 b,0.0158,0.152,0.959624,0.0186,0.074,1669.0,Primary Transit,HD 3167,-0.02,0.94,0.87,5528.0
HD 3167 c,0.0308,0.255,29.83832,0.1841,0.267,531.0,Primary Transit,HD 3167,-0.02,0.94,0.87,5528.0
HD 330075 b,,1.06,3.6413,0.039,0.01870000000000001,702.0,Radial Velocity,HD 330075,0.029999999999999995,0.95,0.94,6295.0
HD 33142 b,,1.235,329.7,1.075,0.052,1032.4,Radial Velocity,HD 33142,0.05,1.54,4.36,4978.0
HD 33142 c,,1.277,811.5,1.96,0.2,1411.8,Radial Velocity,HD 33142,0.05,1.54,4.36,4978.0
HD 332231 b,0.244,0.867,18.71204,0.1436,0.032,1286.4,Primary Transit,HD 332231,0.036000000000000004,1.127,1.277,6089.0
HD 33283 Ab,,0.99,18.1801,0.168,0.458,1443.8,Radial Velocity,HD 33283 A,0.366,1.24,1.2,5995.0
HD 35843 c,0.03562,0.2266,46.9622,0.25,0.15,479.0,"Radial Velocity, Primary Transit",HD 35843,-0.015199999999999993,1.03,0.879,5744.0
HD 38677 c,,0.16184,6.584,0.0733,0.05700000000000001,1239.0,Radial Velocity,HD 38677,0.11000000000000001,1.21,1.26,6196.0
HD 38677 d,,0.12428,2.882,0.0422,0.07,1632.0,Radial Velocity,HD 38677,0.032,1.21,1.26,6196.0
HD 38677 e,,0.13123,5.516,0.0651,0.07,1314.0,Radial Velocity,HD 38677,0.06600000000000002,1.21,1.26,6196.0
HD 38801 b,,1.134,686.8,1.66,0.059,1360.3999999999999,Radial Velocity,HD 38801,0.26,1.26,2.41,5207.0
HD 41004 Bb,,1.06,1.32363,0.0177,0.058,964.4,Radial Velocity,HD 41004 B,-0.01,0.84,1.04,5036.0
HD 46375 Ab,,1.02,3.02358,0.041,0.0524,1046.0,Radial Velocity,HD 46375 A,0.271,0.9328,0.914,5264.378
HD 4917 b,,1.224,400.5,1.1860137990806834,0.031000000000000007,1559.6000000000001,Radial Velocity,HD 4917,0.022600000000000002,1.32,5.01,4802.0
HD 49674 b,,0.98,4.94739,0.058,0.0495,1265.8,Radial Velocity,HD 49674,0.24999999999999997,1.07,0.94,5482.0
HD 50554 c,0.01148,0.1169,5.969362,0.066,0.04079999999999999,1261.4,Primary Transit,HD 50554,-0.07,1.04,1.11,5902.0
HD 50554 d,0.0211,0.1258,28.0694,0.168,0.04079999999999999,1261.4,Primary Transit,HD 50554,-0.07,1.04,1.11,5902.0
HD 5278 Ab,0.0245,0.2186,14.339186,0.12,0.08,943.0,Primary Transit,HD 5278 A,-0.12,1.126,1.194,6203.0
HD 5608 Ab,,1.222,779.9,1.911,0.056,1032.4,Radial Velocity,HD 5608 A,0.06,1.53,5.14,4877.0
HD 56414 Ab,,0.331,29.04992,0.229,0.68,1133.0,Primary Transit,HD 56414 A,0.0,1.89,1.751,8500.0
HD 60779 b,0.0463,0.2899,29.986175,0.192,0.053,1140.2,Primary Transit,HD 60779,-0.12,1.05,1.129,6081.0
HD 63433 b,0.0689,0.1945,7.1079477,0.0719,0.129,870.0,Primary Transit,HD 63433,-0.0276,0.99,0.912,5640.0
HD 63433 c,0.0482,0.2427,20.54383,0.1458,0.097,1467.4,Primary Transit,HD 63433,-0.044800000000000006,0.99,0.912,5640.0
HD 63433 d,,0.09573,4.209075,0.0503,0.16,1467.4,Primary Transit,HD 63433,-0.0244,0.99,0.912,5640.0
HD 63454 b,,1.06,2.81747,0.036,0.017700000000000007,850.4,Radial Velocity,HD 63454,0.11,0.8,0.94,4841.0
HD 63935 b,0.033,0.2668,9.058807,0.083,0.0,911.0,Primary Transit,HD 63935,0.07,0.933,0.959,5534.0
HD 63935 c,0.0349,0.259,21.4027,0.148,0.0,684.0,Primary Transit,HD 63935,0.07,0.933,0.959,5534.0
HD 72490 b,,1.218,858.0,1.88,0.124,1149.0,Radial Velocity,HD 72490,0.0716,1.21,4.96,4934.0
HD 73344 b,0.039,0.256,15.604,0.1296,0.03,835.0,Primary Transit,HD 73344,0.015200000000000009,1.378,1.43,6460.0
HD 73583 Ab,0.0321,0.2489,6.398042,0.0604,0.105,721.0,Primary Transit,HD 73583 A,0.0,0.66,0.71,4511.0
HD 73583 Ac,0.0302,0.2436,18.8805,0.1233,0.093,503.0,Primary Transit,HD 73583 A,0.0,0.66,0.71,4511.0
HD 75289 Ab,,1.03,3.50928,0.046,0.0211,990.0,Radial Velocity,HD 75289 A,0.29,1.05,1.25,6120.0
HD 76700 b,,0.99,3.97101,0.049,0.0616,1023.0,Radial Velocity,HD 76700,0.14,1.0,1.33,5726.0
HD 7924 b,,1.05,5.39792,0.05664,0.058,826.0,Radial Velocity,HD 7924,-0.15,0.832,0.78,5177.0
HD 80606 b,4.1641,1.032,111.436765,0.4603,0.93183,1454.0,Radial Velocity,HD 80606,0.43000000000000005,0.98,0.98,5645.0
HD 80653 b,0.01762,0.144,0.719573,0.0166,0.18,1653.1999999999998,Primary Transit,HD 80653,0.28,1.18,1.22,5950.0
HD 83342 b,0.4012,0.869,45.522149,0.2652,0.48000000000000004,1181.8,Primary Transit,HD 83342,-0.1,1.24,1.61,6303.91
HD 83443 b,,1.04,2.985628,0.0406,0.011999999999999997,842.6,Radial Velocity,HD 83443,0.35,0.9,1.04,5460.0
HD 85426 b,0.0267,0.248,16.70988,0.12966920758698103,0.05,824.0,Primary Transit,HD 85426,-0.02,0.991,1.13,5746.0
HD 86081 Ab,,1.08,1.99809,0.039,0.0575,1187.2,Radial Velocity,HD 86081 A,0.257,1.21,1.22,6028.0
HD 86226 c,0.02281,0.1927,3.9845,0.049,0.05,1311.0,Primary Transit,HD 86226,-0.039999999999999994,1.02,0.94,5573.0
HD 88133 b,,1.0,3.41566,0.047,0.0761,1267.8,Radial Velocity,HD 88133,0.34,1.2,1.93,5494.0
HD 88986   b,0.0541,0.2221,146.05,0.58,0.24,460.0,Radial Velocity,HD 88986,0.06,1.25,1.54,5861.0
HD 89345 b,0.1073,0.642,11.81469,0.105,0.203,1053.0,Primary Transit,HD 89345,0.45,1.12,1.657,5609.0
HD 93963 Ab,,0.1204,1.0391353,0.02085,0.0808,2042.0,Primary Transit,HD 93963 A,0.1,1.109,1.043,5987.0
HD 93963 Ac,,0.28799,3.6451398,0.04813,0.06,1344.0,Primary Transit,HD 93963 A,0.1,1.109,1.043,5987.0
HD 94834 Ab,,1.242,1576.0,2.74,0.14,1381.0,Radial Velocity,HD 94834 A,0.0422,1.11,4.2,4798.0
HD 95338 b,0.12406,0.3551,55.086,0.231,0.199,402.0,Primary Transit,HD 95338,0.04000000000000001,0.76,0.86,5212.0
HD 97658 b,0.02457,0.20047,9.489295,0.08,0.03,809.0,Primary Transit,HD 97658,-0.23,0.85,0.73,5170.0
HIP 113103 b,0.0186,0.16317,7.610303,0.06899,0.17,721.0,Primary Transit,HIP 113103,-0.1,0.761,0.742,4930.0
HIP 113103 c,0.0264,0.2141,14.245648,0.10479,0.17,585.0,Primary Transit,HIP 113103,-0.1,0.761,0.742,4930.0
HIP 116454 Ab,0.0372,0.226,9.1265,0.098,0.20499999999999996,690.0,Primary Transit,HIP 116454 A,-0.16,0.775,0.716,5089.0
HIP 41378 b,0.0217,0.054,15.5712,0.1334856530146926,0.2808,1284.4,Primary Transit,HIP 41378,0.046,1.245,1.306,6199.0
HIP 41378 c,0.0138,0.2436,31.6978,0.21440715906383265,0.2808,1284.4,Primary Transit,HIP 41378,0.046,1.245,1.306,6199.0
HIP 41378 d,0.0145,0.3158,1113.4465,2.2996730978854827,0.52,1393.8000000000002,Primary Transit,HIP 41378,0.046,1.245,1.306,6199.0
HIP 41378 e,0.038,0.437,131.0,0.5521631237713198,0.2808,1284.4,Primary Transit,HIP 41378,0.046,1.245,1.306,6199.0
HIP 41378 f,0.038,0.821,542.07975,1.37,0.0040000000000000036,335.0,Primary Transit,HIP 41378,0.046,1.245,1.306,6199.0
HIP 65426 b,7.1,1.44,211709.8516608857,87.0,0.10678,1283.0,Imaging,HIP 65426,-0.07399999999999998,1.96,1.77,8840.0
HIP 65 Ab,3.213,2.03,0.98097218,0.01782,0.0,1411.0,Primary Transit,HIP 65 A,0.18,0.781,0.7242,4590.0
HIP 67522 b,0.0938,0.897,6.9594738,0.0753,0.053,1174.0,Primary Transit,HIP 67522,0.041999999999999996,1.22,1.38,5675.0
HIP 67522 c,,0.731,14.334894,0.1235,0.08,915.0,Primary Transit,HIP 67522,0.041999999999999996,1.22,1.38,5675.0
HIP 94235 Ab,0.0352,0.2862,7.712121,0.0787,0.32,1060.0,Primary Transit,HIP 94235 A,0.0,1.094,1.08,5991.0
HIP 97166 b,0.063,0.2248,10.28891,0.089,0.661,757.0,Primary Transit,HIP 97166,0.27,0.898,0.836,5198.0
HR 8799 b,7.0,1.2,164250.0,68.0,0.0,1577.0,Imaging,HR 8799,-0.47,1.56,1.5,5573.0
HR 8799 c,8.3,1.3,82145.0,42.9,0.0,1577.0,Imaging,HR 8799,-0.47,1.56,1.5,5573.0
HR 8799 d,8.3,1.2,41054.0,27.0,0.1,748.8,Imaging,HR 8799,-0.47,1.56,1.5,5573.0
HR 8799 e,9.6,1.17,18000.0,16.4,0.15,1475.0,Imaging,HR 8799,-0.47,1.56,1.5,5573.0
IRAS 04125+2902 Ab,0.3,0.955,8.83,0.07548081261130203,0.058800000000000005,584.8,Primary Transit,IRAS 04125+2902 A,0.17763999999999996,0.7,1.15,3303.0
ISO 1I,,2e-06,8.05380809,0.0761,1.196,1183.8,Imaging,Sun,0.0652,1.0,1.0,5573.0
ISO 2I,,6.2e-05,8.05380809,0.0761,3.155,1164.4,Imaging,Sun,-0.015000000000000001,1.0,1.0,5573.0
K2-100 b,,0.32,1.673833,0.0296,0.24,1748.0,Primary Transit,K2-100,0.26,1.23,1.22,6168.0
K2-101 b,,0.178,14.677286,0.11073644699003081,0.1,889.4,Primary Transit,K2-101,0.14,0.8,0.73,4819.0
K2-102 Ab,,0.116,9.915615,0.08417958174368063,0.1,719.8,Primary Transit,K2-102 A,0.14,0.77,0.71,4695.0
K2-103 b,,0.177,21.169861,0.131,0.06,820.6,Primary Transit,EPIC 211822797,-0.16500000000000004,0.66,0.57,4148.21
K2-104 b,,0.175,1.974238,0.023,0.09,551.8,Primary Transit,K2-104,-0.14800000000000002,0.42999999999999994,0.49,3546.46
K2-105 b,0.0157,0.28058,8.2669721,0.078,0.0,878.0,Primary Transit,K2-105,0.15999999999999998,0.925,0.887,5400.0
K2-106 b,0.0245,0.14952,0.5713127,0.01314,0.0,2299.0,Primary Transit,K2-106,0.13,0.97,0.98,5617.0
K2-106 c,0.018,0.2534,13.339079,0.1091,0.18,741.0,Primary Transit,K2-106,0.13,0.97,0.98,5617.0
K2-107 b,0.84,1.426,3.313959,0.0475,0.182,1649.0,Primary Transit,K2-107,0.14,1.3,1.81,6061.0
K2-108 b,0.187,0.476,4.733999,0.0581,0.18,1360.0,Primary Transit,K2-108,0.36,1.17,1.76,5599.0
K2-10 b,0.08495,0.343,19.3044,0.14189657187414603,0.30999999999999994,1327.6,Primary Transit,K2-10,-0.07,0.973,0.968,5533.0
K2-110 b,0.0525,0.228,13.86387,0.1027,0.079,575.0,Primary Transit,K2-110,-0.21,0.75,0.71,4950.0
K2-111 b,0.01664,0.162,5.3518,0.057,0.13,1309.0,Primary Transit,K2-111,-0.46,0.84,1.25,5775.0
K2-113 b,1.28,1.083,5.817685,0.0642,0.0,1098.0,Primary Transit,K2-113,0.27,1.04,1.24,5660.0
K2-114 b,1.85,0.952,11.391013,0.0954,0.0,661.0,Primary Transit,K2-114,0.39,0.89,0.84,5044.0
K2-115 b,0.84,1.115,20.273034,0.1367,0.137,981.8,Primary Transit,K2-115,-0.1,0.95,0.88,5657.0
K2-116 b,,0.062,4.655411,0.048,0.06,660.4,Primary Transit,K2-116,-0.2074,0.69,0.67,4348.35
K2-117 b,,0.181,1.2916,0.0189,0.06,868.0,Primary Transit,K2-117,-0.05,0.54,0.51,3778.0
K2-117 c,,0.184,5.444017,0.0492,0.15,537.0,Primary Transit,K2-117,-0.05,0.54,0.51,3778.0
K2-118 b,,0.227,50.92092,0.245,0.2,617.4000000000001,Primary Transit,K2-118,-0.1714,0.76,0.73,4726.29
K2-119 b,,0.226,7.727283,0.0698,0.07,666.0,Primary Transit,K2-119,-0.05,0.76,0.71,4740.0
K2-11 b,,0.674,39.93767,0.2257,0.029999999999999992,734.0,Primary Transit,K2-11,0.1,0.9,0.85,5257.0
K2-120 Ab,,0.179,9.562742,0.078,0.14,720.5999999999999,Primary Transit,K2-120 A,0.3,0.69,0.67,4349.9
K2-121 b,,0.669,5.185761,0.0525,0.22000000000000003,723.0,Primary Transit,K2-121,-0.039999999999999994,0.72,0.68,4551.0
K2-122 Ab,,0.108,2.219282,0.0285,0.21000000000000002,814.0,Primary Transit,K2-122 A,0.32,0.63,0.59,4009.0
K2-123 b,8.9,0.246,30.951524,0.1649,0.06,338.0,Primary Transit,K2-123,0.029999999999999995,0.62,0.59,4035.0
K2-124 b,0.033,0.259,6.413651,0.049,0.08,442.0,Primary Transit,K2-124,0.023,0.39,0.39,3570.0
K2-125 b,,0.194,21.750264,0.121,0.08,664.0,Primary Transit,K2-125,-0.07,0.49,0.4,3654.47
K2-126 b,,0.176,7.385655,0.0656,0.06,601.0,Primary Transit,K2-126,0.019999999999999997,0.69,0.65,4339.0
K2-127 b,,0.747,3.588163,0.0411,0.12,809.0,Primary Transit,K2-127,-0.11,0.72,0.66,4575.0
K2-128 b,,0.127,5.675819,0.056,0.23000000000000004,653.0,Primary Transit,K2-128,-0.17060000000000003,0.71,0.78,4469.51
K2-129 b,,0.093,8.239493,0.057,0.13,701.0,Primary Transit,K2-129,-0.20600000000000002,0.36,0.36,3459.09
K2-12 b,,0.208,8.28212,0.0802,0.0858,1003.0,Primary Transit,K2-12,0.01,0.93,1.12,5675.0
K2-130 b,,0.112,2.49412,0.032,0.17,593.0,Primary Transit,K2-130,-0.061399999999999996,0.7,0.74,4356.47
K2-131 b,,0.152,0.36931,0.0095,0.0,2062.0,Primary Transit,K2-131,-0.17,0.84,0.75,5245.0
K2-132 b,0.49,1.3,9.1751,0.0916,0.29,1586.0,Primary Transit,K2-132,-0.11,1.19,4.11,4878.0
K2-133 b,0.0069,0.12,3.07133,0.03194,0.060000000000000005,700.6,Primary Transit,K2-133,-0.018000000000000002,0.46,0.46,3655.0
K2-133 c,0.01,0.143,4.86784,0.04341,0.060000000000000005,700.6,Primary Transit,K2-133,-0.018000000000000002,0.46,0.46,3655.0
K2-133 d,0.026,0.179,11.02454,0.07487,0.060000000000000005,700.6,Primary Transit,K2-133,-0.018000000000000002,0.46,0.46,3655.0
K2-133 e,,0.154,26.5841,0.1346,0.2274,296.0,Primary Transit,K2-133,0.016199999999999996,0.46,0.46,3655.0
K2-136 Ab,,0.088,7.975292,0.07191107509763071,0.1,553.0,Primary Transit,K2-136 A,-0.02,0.742,0.677,4500.0
K2-136 Ac,,0.26,17.307137,0.12053547233618882,0.13,425.0,Primary Transit,K2-136 A,-0.02,0.742,0.677,4500.0
K2-136 Ad,,0.129,25.575065,0.15637808261753305,0.14,373.0,Primary Transit,K2-136 A,-0.02,0.742,0.677,4500.0
K2-137 b,0.5,0.079,0.179715,0.0058,0.0,1471.0,Primary Transit,K2-137,0.08,0.46,0.44,3492.0
K2-138 b,0.0098,0.14,2.35322,0.0338,0.403,1308.0,Primary Transit,K2-138,0.15999999999999998,0.93,0.86,5378.0
K2-138 c,0.0198,0.225,3.55987,0.04454,0.296,1140.0,Primary Transit,K2-138,0.15999999999999998,0.93,0.86,5378.0
K2-138 d,0.0249,0.237,5.40478,0.05883,0.348,992.0,Primary Transit,K2-138,0.15999999999999998,0.93,0.86,5378.0
K2-138 e,0.0409,0.294,8.26144,0.07807,0.315,861.0,Primary Transit,K2-138,0.15999999999999998,0.93,0.86,5378.0
K2-138 f,0.005,0.251,12.75759,0.1043,0.364,745.0,Primary Transit,K2-138,0.15999999999999998,0.93,0.86,5378.0
K2-138 g,0.0135,0.2688,41.96797,0.231,0.059,518.0,Primary Transit,K2-138,0.15999999999999998,0.93,0.86,5378.0
K2-139 Ab,0.381,0.813,28.380619,0.1796,0.0,524.0,Primary Transit,K2-139 A,0.21999999999999997,0.882,0.893,5195.0
K2-13 b,,0.169,39.91488,0.2114,0.16799999999999998,511.0,Primary Transit,K2-13,-0.54,0.8,0.78,5698.0
K2-140 b,0.93,1.093,6.56918,0.0687,0.12,957.0,Primary Transit,K2-140,0.13,1.0,0.99,5705.0
K2-141 b,0.01598,0.135,0.2803244,0.007596527331665394,0.0,2039.0,Primary Transit,K2-141 ,-0.06,0.708,0.681,4599.0
K2-141 c,0.02328,0.624,7.7485,0.0694469103165156,0.0,1789.4,Primary Transit,K2-141 ,-0.06,0.708,0.681,4599.0
K2-146 b,0.01816,0.183,2.6446,0.027,0.129,585.94,Primary Transit,K2-146,-0.02,0.33000000000000007,0.33,3385.0
K2-146 c,0.02358,0.195,4.00498,0.034,0.075,558.94,Primary Transit,K2-146,-0.02,0.33000000000000007,0.33,3385.0
K2-147 b,,0.123,0.961917,0.0159,0.016,944.0,Primary Transit,K2-147,0.19,0.58,0.55,3672.0
K2-148 Ab,,0.119,4.38395,0.0454,0.22039999999999998,706.0,Primary Transit,K2-148 A,-0.11,0.639,0.6739,4081.0
K2-148 Ac,,0.154,6.9226,0.0616,0.22039999999999998,706.0,Primary Transit,K2-148 A,-0.11,0.639,0.6739,4081.0
K2-148 Ad,,0.146,9.7579,0.0774,0.22039999999999998,706.0,Primary Transit,K2-148 A,-0.11,0.639,0.6739,4081.0
K2-149 b,,0.146,11.332,0.083,0.0,783.8,Primary Transit,K2-149,0.11,0.59,0.57,3745.0
K2-14 b,,0.429,8.36802,0.0627,0.0706,488.0,Primary Transit,K2-14,-0.37,0.47,0.45,3789.0
K2-150 b,,0.178,10.59357,0.0727,0.06760000000000001,654.4000000000001,Primary Transit,K2-150,0.09,0.46,0.44,3499.0
K2-151Bb,,0.133,3.835476,0.0373,0.2934,566.0,Primary Transit,K2-151 B,-0.19,0.455,0.458,3659.0
K2-152 b,,0.204,32.6479,0.1716,0.19999999999999998,337.0,Primary Transit,K2-152,0.12,0.63,0.61,4044.0
K2-153 b,9.0,0.178,7.51574,0.0614,0.0424,497.0,Primary Transit,K2-153,-0.09,0.55,0.53,3845.0
K2-154 b,,0.178,3.67626,0.0405,0.21939999999999998,715.0,Primary Transit,K2-154,0.21,0.65,0.63,4097.0
K2-154 c,,0.185,7.95486,0.0677,0.2636,552.0,Primary Transit,K2-154,0.21,0.65,0.63,4097.0
K2-155 b,0.0148,0.161,6.342,0.0562,0.21939999999999998,708.0,Primary Transit,K2-155,-0.3,0.65,0.58,4258.0
K2-155 c,0.0205,0.232,13.85,0.0946,0.3494,583.0,Primary Transit,K2-155,-0.3,0.65,0.58,4258.0
K2-155 d,0.0154,0.17,40.718,0.1937,0.21499999999999997,381.0,Primary Transit,K2-155,-0.3,0.65,0.58,4258.0
K2-156 b,,0.103,0.81314,0.0149,0.01859999999999999,1347.0,Primary Transit,K2-156,-0.25,0.66,0.66,4597.0
K2-157 b,0.00359,0.08342,0.3652575,0.00962,0.0059999999999999915,2432.0,Primary Transit,K2-157,0.019999999999999997,0.89,0.86,5334.0
K2-158 b,,0.236,10.06049,0.0887,0.058800000000000005,794.0,Primary Transit,K2-158,0.07,0.92,0.95,5503.0
K2-158 c,,0.114,5.90279,0.0622,0.0844,948.0,Primary Transit,K2-158,0.07,0.92,0.95,5503.0
K2-159 b,,0.202,12.42205,0.1013,0.1532,684.0,Primary Transit,K2-159,-0.07,0.9,0.83,5425.0
K2-15 b,,0.221,11.8104,0.091,0.06939999999999999,676.0,Primary Transit,K2-15,-0.46,0.72,0.68,5131.0
K2-160 b,,0.284,3.705871,0.04733317551386302,0.006599999999999995,608.6,Primary Transit,K2-160,0.07,0.98,0.91,5649.0
K2-161 b,,0.546,9.283188,0.08760049899067186,0.0838,1612.6,Primary Transit,K2-161,-0.03,0.99,2.57,4972.0
K2-162 b,,0.128,9.45889,0.0795,0.21939999999999998,631.0,Primary Transit,K2-162,-0.17,0.75,0.69,4842.0
K2-163 b,,0.22,6.673117,0.06628398469963794,0.1014,807.4,Primary Transit,K2-163,0.14,0.83,0.76,4937.0
K2-164 b,,0.29,17.355066,0.14095319791308156,0.18,1436.0,Primary Transit,K2-164,-0.23,1.18,2.2,5791.0
K2-165 b,,0.114,2.354992,0.03310160659504439,0.06079999999999999,911.0,Primary Transit,K2-165,-0.05,0.83,0.8,5185.0
K2-165 c,,0.139,4.382745,0.05008260583108046,0.06079999999999999,911.0,Primary Transit,K2-165,-0.05,0.83,0.8,5185.0
K2-165 d,,0.236,14.101361,0.10915160748930185,0.06079999999999999,911.0,Primary Transit,K2-165,-0.05,0.83,0.8,5185.0
K2-166 b,,0.195,8.52695,0.0858,0.0319,1140.0,Primary Transit,K2-166,0.0466,1.07,0.94,5573.0
K2-166 c,6.0,0.109,3.80464,0.04960213731058968,0.0179,1014.6,Primary Transit,K2-166,0.0306,1.07,0.94,5573.0
K2-167 b,,0.2088,9.9785275,0.0928412788969174,0.144,886.0,Primary Transit,K2-167,-0.45,1.02,1.83,5908.0
K2-168 b,,0.166,15.8523,0.0979,0.006000000000000005,766.0,Primary Transit,K2-168,0.001399999999999998,0.88,0.83,5502.7
K2-168 c,,0.117,8.050722,0.06231,0.006000000000000005,961.0,Primary Transit,K2-168,0.042800000000000005,0.88,0.83,5502.7
K2-169 b,,0.114,6.380803,0.06822738203002446,0.0838,1612.6,Primary Transit,K2-169,0.26,0.99,0.92,5548.0
K2-16 b,,0.18,7.6188,0.0667,0.0354,658.0,Primary Transit,K2-16,-0.33,0.67,0.66,4761.0
K2-16 c,,0.227,19.07863,0.1229,0.0876,485.0,Primary Transit,K2-16,-0.33,0.67,0.66,4761.0
K2-16 d,,0.092,2.71578,0.0338936293638586,0.072,658.556,Primary Transit,K2-16,-0.33,0.67,0.66,4761.0
K2-170 b,,0.127,7.576544,0.07572418284423983,0.0514,1126.0,Primary Transit,K2-170,-0.11,0.96,0.98,5748.0
K2-170 c,,0.161,12.400047,0.10516455372037237,0.0514,1126.0,Primary Transit,K2-170,-0.11,0.96,0.98,5748.0
K2-171 b,,0.24,5.628466,0.0605647764012121,0.03259999999999999,752.8,Primary Transit,K2-171,-0.09,0.89,1.72,5250.0
K2-172 b,,0.149,14.316941,0.11452260662111693,0.1598,957.2,Primary Transit,K2-172,-0.06,0.93,0.87,5569.0
K2-172 c,,0.286,29.62682,0.18597208499170959,0.1598,957.2,Primary Transit,K2-172,-0.06,0.93,0.87,5569.0
K2-173 Ab,,0.143,5.868699,0.06437380018297184,0.0838,1543.4,Primary Transit,K2-173 A,-0.533,0.983,1.0,5573.35
K2-174 b,8.6,0.232,19.562307,0.126,0.107,454.99999999999994,Primary Transit,K2-174,0.113,0.7,0.68,4455.0
K2-175 Ab,,0.182,9.525988,0.09177238168510686,0.10865999999999998,1309.8,Primary Transit,K2-175 A,0.03560000000000001,1.081,1.673,5929.25
K2-176 Ab,,0.133,5.329439,0.05930478274147845,0.065,1161.6,Primary Transit,K2-176 A,0.191,0.932,1.0,5377.81
K2-177 b,,0.189,14.155185,0.12408013040462634,0.2262,1276.2,Primary Transit,K2-177,0.41,1.21,1.21,6063.0
K2-178 b,,0.317,8.747818,0.08304964473779375,0.1014,923.6,Primary Transit,K2-178,0.09,0.95,0.89,5525.0
K2-179 b,,0.224,5.172191,0.055703746395744456,0.044399999999999995,719.2,Primary Transit,K2-179,0.029999999999999995,0.82,0.77,5015.0
K2-17 b,,0.199,17.96753,0.119,0.08360000000000001,487.0,Primary Transit,K2-17,0.15,0.71,0.66,4320.0
K2-180 b,0.036,0.206,8.867209,0.0753,0.1346,731.0,Primary Transit,K2-180,-0.54,0.72,0.72,5358.0
K2-181 b,,0.253,6.894256,0.0706,0.8192,962.0,Primary Transit,K2-181,0.23,0.99,1.07,5608.0
K2-182 b,0.063,0.24,4.7369683,0.0526,0.04,969.0,Primary Transit,K2-182,0.09,0.88,0.8,5165.0
K2-183 b,,0.232,0.469269,0.0116,0.1014,878.2,Primary Transit,K2-183,0.0642,0.95,0.9685,5436.47
K2-183 c,,0.256,10.792635,0.0932,0.132,787.0,Primary Transit,K2-183,0.0642,0.95,0.9685,5436.47
K2-183 d,,0.255,22.631964,0.1527,0.2534,615.0,Primary Transit,K2-183,0.0642,0.95,0.9685,5436.47
K2-184 b,0.0343,0.10849,16.977959,0.1229,0.574,580.0,Primary Transit,K2-184,-0.2,0.759,0.76,5214.0
K2-185 b,,0.117,10.616646,0.09482264236316593,0.04340000000000001,871.2,Primary Transit,K2-185,-0.1,0.96,0.94,5788.0
K2-185 c,,0.2132,52.713494,0.2696,0.12140000000000001,477.0,Primary Transit,K2-185,-0.1,0.96,0.94,5788.0
K2-186 b,,0.283,41.474219,0.24000241934080246,0.144,886.0,Primary Transit,K2-186,0.06,1.02,0.98,5784.0
K2-187 b,,0.116,0.77392,0.0164,0.9907999999999999,1815.0,Primary Transit,K2-187,0.23,0.98,0.92,5484.0
K2-187 c,,0.161,2.872042,0.0392,0.1474,1173.0,Primary Transit,K2-187,0.23,0.98,0.92,5484.0
K2-187 d,,0.283,7.14921,0.072,0.8416,865.0,Primary Transit,K2-187,0.23,0.98,0.92,5484.0
K2-187 e,,0.212,13.609878,0.1106,0.7017999999999999,698.0,Primary Transit,K2-187,0.23,0.98,0.92,5484.0
K2-188 b,,0.12,1.742169,0.0289,0.020999999999999998,1692.0,Primary Transit,K2-188,-0.01,1.06,1.19,5977.0
K2-188 c,,0.252,7.810253,0.0785,0.0406,1026.0,Primary Transit,K2-188,-0.01,1.06,1.19,5977.0
K2-189 b,,0.136,2.588309,0.0361,0.1416,1197.0,Primary Transit,K2-189,0.0,0.94,0.87,5519.0
K2-189 c,,0.223,6.679195,0.068,0.07780000000000001,872.0,Primary Transit,K2-189,0.0,0.94,0.87,5519.0
K2-18 b,0.02807,0.211,32.939623,0.1429,0.2,284.0,Primary Transit,K2-18,0.12,0.36,0.41,3457.0
K2-190 b,,0.121,10.098858,0.08976198159638478,0.022,821.4,Primary Transit,K2-190,-0.19,0.9,0.91,5631.0
K2-190 c,,0.098,21.574023,0.1488898226930588,0.022,821.4,Primary Transit,K2-190,-0.19,0.9,0.91,5631.0
K2-191 b,,0.141,2.858646,0.03869764234306079,0.03399999999999999,821.4,Primary Transit,K2-191,0.31000000000000005,0.9,0.84,5176.0
K2-192 b,,0.136,4.162817,0.049,0.06760000000000001,939.0,Primary Transit,K2-192,0.15,0.9,0.81,5222.0
K2-193 b,,0.352,14.786889,0.1184,0.6309999999999999,739.0,Primary Transit,K2-193,0.0,1.01,0.98,5817.0
K2-194 b,,0.325,39.721386,0.23985788886952433,0.08600000000000001,1420.8,Primary Transit,K2-194,0.1,1.11,1.28,5979.0
K2-195 b,,0.279,15.852975,0.1208,0.0788,720.0,Primary Transit,K2-195,-0.1,0.94,0.99,5713.0
K2-195 c,,0.23,28.482786,0.1818001960058796,0.0834,978.6,Primary Transit,K2-195,-0.1,0.94,0.99,5713.0
K2-196 b,,0.321,48.324222,0.27739118867055046,0.024000000000000007,1096.754,Primary Transit,K2-196,0.01,1.16,1.54,6045.0
K2-197 Ab,,0.228,8.357881,0.0806,0.9021999999999999,848.0,Primary Transit,K2-197 A,0.08,1.0,0.93,5667.0
K2-198 b,,0.374,17.0428683,0.09083,0.06914000000000001,716.0,Primary Transit,K2-198,0.08399999999999999,0.8,0.76,5212.9
K2-198 c,,0.127,3.3596055,0.03077,0.06754,1230.0,Primary Transit,K2-198,0.2178,0.8,0.76,5212.9
K2-198 d,,0.218,7.4500177,0.05234,0.06754,943.0,Primary Transit,K2-198,-0.0916,0.8,0.76,5212.9
K2-199 b,0.0217,0.1543,3.2253993,0.0382,0.020000000000000004,913.0,Primary Transit,K2-199,-0.11,0.73,0.68,4648.0
K2-199 c,0.039,0.2543,7.3744897,0.0662,0.03,694.0,Primary Transit,K2-199,-0.11,0.73,0.68,4648.0
K2-19 b,0.1019,0.691,7.9193,0.074,0.1,854.0,Primary Transit,K2-19,0.1,0.93,0.86,5430.0
K2-19 c,0.0393,0.434,11.906,0.0971,0.1,745.0,Primary Transit,K2-19,0.1,0.93,0.86,5430.0
K2-19 d,0.031,0.102,2.50856,0.0344,0.016799999999999995,1252.0,Primary Transit,K2-19,0.1,0.93,0.86,5430.0
K2-200 Ab,,0.122,2.849883,0.03803770058481159,0.034,734.4,Primary Transit,K2-200 A,-0.039999999999999994,0.86,0.79,5233.0
K2-201 b,,0.125,1.05979,0.02040486412536635,0.036,1051.2,Primary Transit,K2-201,0.13,0.96,0.88,5507.0
K2-201 c,,0.293,22.779878,0.1577446933716717,0.036,1051.2,Primary Transit,K2-201,0.13,0.96,0.88,5507.0
K2-202 Ab,,0.205,3.405164,0.044584033011574195,0.29492199999999996,837.0,Primary Transit,K2-202 A,0.27,0.97,0.91,5406.0
K2-203 b,,0.122,9.695101,0.08363871277193892,0.012399999999999994,1064.8,Primary Transit,K2-203,-0.07,0.79,0.76,5000.0
K2-204 b,,0.272,7.055784,0.07344587244036183,0.0332,819.4,Primary Transit,K2-204,0.07,1.01,1.18,5755.0
K2-205 b,,0.178,26.672263,0.17462692086444653,0.1014,923.6,Primary Transit,K2-205,-0.26,0.95,1.08,5890.0
K2-206 Ab,,0.249,18.294549,0.1308732432311724,0.0358,938.8,Primary Transit,K2-206 A,-0.135,0.85,0.794,5066.0
K2-207 b,,0.232,12.48749,0.10491948209565287,0.1014,976.0,Primary Transit,K2-207,0.11,0.94,0.93,5522.0
K2-208 b,,0.15,4.190948,0.050489288314559636,0.0,805.4,Primary Transit,K2-208,-0.11,0.93,0.86,5582.0
K2-209 b,,0.077,2.080615,0.02933381000134474,0.0766,695.976,Primary Transit,K2-209,-0.06,0.74,0.71,4720.0
K2-210 b,,0.073,0.570233,0.013260058700116279,0.09999999999999998,1281.4,Primary Transit,K2-210,0.05,0.91,0.85,5396.0
K2-211 b,,0.123,0.669558,0.014594294678522041,0.092,789.6,Primary Transit,K2-211,0.15999999999999998,0.88,0.804,5187.94
K2-212 b,,0.2364,9.795635,0.0785,0.2016,542.0,Primary Transit,K2-212,0.029999999999999995,0.67,0.65,4272.0
K2-213 b,,0.135,8.13087,0.08229675077824058,0.03629999999999999,1152.8,Primary Transit,K2-213,0.24999999999999997,1.07,1.2,5794.0
K2-214 b,,0.217,8.596802,0.0834,0.12979999999999997,1006.0,Primary Transit,K2-214,0.05,1.05,1.27,5854.0
K2-215 b,,0.189,8.269648,0.08137445645720594,0.382,1150.0,Primary Transit,K2-215,0.11,1.0,0.97,5704.0
K2-216 b,0.02517,0.156,2.1748,0.028,0.0,1103.0,Primary Transit,K2-216,0.0,0.7,0.72,4503.0
K2-217 b,,0.319,14.074524,0.11974299698385198,0.40800000000000003,984.8,Primary Transit,K2-217,0.04000000000000001,1.1,1.33,5967.0
K2-218 Ab,,0.229,8.679885,0.08460047265344019,0.144,892.8000000000001,Primary Transit,K2-218 A,-0.018,1.02,1.058,5710.0
K2-219 b,,0.12,3.901287,0.0496404156120244,0.14400000000000002,886.0,Primary Transit,K2-219,0.13,1.02,1.19,5753.0
K2-219 c,,0.128,6.66767,0.07095988017696672,0.14400000000000002,886.0,Primary Transit,K2-219,0.13,1.02,1.19,5753.0
K2-219 d,,0.23,11.137278,0.09989632587843277,0.14400000000000002,886.0,Primary Transit,K2-219,0.13,1.02,1.19,5753.0
K2-21 b,0.00623,0.164,9.00315,0.076,0.1,852.4,Primary Transit,K2-21,-0.11,0.68,0.65,4222.06
K2-21 c,0.01561,0.222,15.0,0.107,0.21000000000000002,852.4,Primary Transit,K2-21,-0.11,0.68,0.65,4222.06
K2-220 b,,0.213,13.683256,0.1104,0.30173999999999995,758.0,Primary Transit,K2-220,0.04000000000000001,0.96,1.02,5660.0
K2-221 b,,0.15,2.399094,0.03577959214083084,0.10999999999999999,1116.0,Primary Transit,K2-221,0.13,1.01,0.95,5716.0
K2-222 b,0.0179,0.215,15.3863,0.1211,0.16,878.0,Primary Transit,K2-222,-0.21,1.0,1.09,6058.0
K2-223 b,,0.079,0.50565,0.0127,0.0358,2271.0,Primary Transit,K2-223,0.12,1.06,0.99,5835.0
K2-223 c,,0.14,4.56327,0.0549,0.01780000000000001,1091.0,Primary Transit,K2-223,0.12,1.06,0.99,5835.0
K2-224 b,,0.139,4.47904,0.0516,0.022800000000000008,1002.0,Primary Transit,K2-224,-0.19,0.91,0.84,5620.0
K2-224 c,,0.215,10.09489,0.0886,0.01079999999999999,764.0,Primary Transit,K2-224,-0.19,0.91,0.84,5620.0
K2-225 b,,0.311,15.87209,0.134,0.281,902.0,Primary Transit,K2-225,0.38,1.27,1.7,5742.0
K2-226 b,,0.137,3.27108,0.0413,0.0,1120.0,Primary Transit,K2-226,-0.03,0.88,0.91,5424.0
K2-227 b,,0.149,13.621832,0.11157364799261678,0.1168,880.2,Primary Transit,K2-227,-0.1,0.95,0.89,5673.0
K2-228 Bb,,0.108,2.69828,0.0338,0.1258,914.0,Primary Transit,K2-228 B,-0.25,0.71,0.65,4715.0
K2-229 b,0.00815,0.102,0.58426,0.0131,0.0,1818.0,Primary Transit,K2-229,-0.09,0.87,0.79,5315.0
K2-229 c,0.067,0.181,8.32727,0.0769,0.0,750.0,Primary Transit,K2-229,-0.09,0.87,0.79,5315.0
K2-229 d,0.079,0.2364,31.0,0.182,0.39,522.0,Primary Transit,K2-229,-0.09,0.87,0.79,5315.0
K2-22 Ab,1.4,0.223,0.381078,0.0088,0.396,2100.0,Primary Transit,K2-22 A,0.029999999999999995,0.6000000000000001,0.57,3830.0
K2-230 b,,0.175,2.86041,0.0409,0.06,1529.0,Primary Transit,K2-230,0.1,1.11,1.39,5945.0
K2-231 b,0.0227,0.223,13.841901,0.11509798001070165,0.023920000000000004,1039.2,Primary Transit,K2-231,0.14,1.01,0.95,5695.0
K2-232 Ab,0.398,1.0,11.168454,0.10356,0.258,1030.0,Primary Transit,K2-232 A,0.1,1.19,1.16,6154.0
K2-233 b,0.0104,0.125,2.46746,0.03317,0.0,1040.0,Primary Transit,K2-233,0.07,0.8,0.74,4950.0
K2-233 c,,0.119,7.06142,0.06687,0.0,728.0,Primary Transit,K2-233,0.07,0.8,0.74,4950.0
K2-233 d,0.0261,0.236,24.3662,0.1527,0.0,482.0,Primary Transit,K2-233,0.07,0.8,0.74,4950.0
K2-236 b,0.085,0.514,19.49221,0.1493,0.0,817.0,Primary Transit,K2-236,0.1,1.17,1.39,6069.0
K2-237 Ab,1.236,1.642,2.1805577,0.0353,0.0,1838.0,Primary Transit,K2-237 A,0.337,1.256,1.236,6180.0
K2-238 b,0.86,1.3,3.20466,0.046,0.0,1587.0,Primary Transit,K2-238,0.34,1.19,1.59,5630.0
K2-239 b,0.0044,0.098,5.24,0.0441,0.03219999999999999,502.0,Primary Transit,K2-239,-0.1,0.4,0.36,3420.0
K2-239 c,0.0028,0.089,7.775,0.0576,0.0554,427.0,Primary Transit,K2-239,-0.1,0.4,0.36,3420.0
K2-239 d,0.0041,0.098,10.115,0.0685,0.0554,399.0,Primary Transit,K2-239,-0.1,0.4,0.36,3420.0
K2-240 b,0.0157,0.178,6.034,0.0513,0.17120000000000002,586.0,Primary Transit,K2-240,-0.1,0.58,0.54,3810.0
K2-240 c,0.0145,0.161,20.523,0.1159,0.02339999999999999,389.0,Primary Transit,K2-240,-0.1,0.58,0.54,3810.0
K2-241 b,,0.227,26.8199,0.1567,0.0956,507.0,Primary Transit,K2-241,-0.44,0.71,0.75,5262.0
K2-242 b,,0.227,6.51389,0.0494,0.0636,416.0,Primary Transit,K2-242,-0.01,0.38,0.37,3459.0
K2-243 b,,0.194,11.54182,0.1087,0.15239999999999998,1035.0,Primary Transit,K2-243,-0.03,1.29,1.39,6570.0
K2-243 c,,0.179,24.94598,0.1817,0.19480000000000003,801.0,Primary Transit,K2-243,-0.03,1.29,1.39,6570.0
K2-244 b,,0.156,21.06884,0.1418,0.0882,638.0,Primary Transit,K2-244,-0.2899999999999999,0.86,0.92,5677.0
K2-245 Ab,,0.387,11.89307,0.0959,0.11339999999999999,923.0,Primary Transit,K2-245 A,-0.45,0.83,1.25,5793.0
K2-246 b,,0.311,5.76918,0.0602,0.0676,977.0,Primary Transit,K2-246,-0.19,0.87,0.94,5610.0
K2-247 Ab,,0.189,2.25021,0.0304,0.1296,979.0,Primary Transit,K2-247 A,-0.08,0.74,0.69,4667.0
K2-247 Ac,,0.195,6.49424,0.0615,0.08139999999999999,688.0,Primary Transit,K2-247 A,-0.08,0.74,0.69,4667.0
K2-248 b,,0.229,7.17256,0.0699,0.029999999999999992,886.0,Primary Transit,K2-248,-0.1,0.88,0.92,5528.0
K2-249 Ab,,0.249,12.409,0.1151,0.39042,1061.0,Primary Transit,K2-249 A,0.04000000000000001,1.32,1.57,6504.0
K2-24 b,0.05978,0.50299,20.88257,0.1673,0.06,732.0,Primary Transit,K2-24,0.41,1.091,1.185,5726.0
K2-24 c,0.0516,0.7075,42.34732,0.262,0.028200000000000003,591.0,Primary Transit,K2-24,0.41,1.091,1.185,5726.0
K2-250 b,,0.218,4.01457,0.0459,0.08,958.0,Primary Transit,K2-250,-0.09,0.8,0.81,5172.0
K2-251 b,,0.21,9.30075,0.0694,0.0818,437.0,Primary Transit,K2-251,-0.039999999999999994,0.52,0.49,3717.0
K2-252 b,,0.155,13.81513,0.1041,0.1778,639.0,Primary Transit,K2-252,-0.09,0.79,0.82,5152.0
K2-253 b,,1.13,4.00167,0.0506,0.16,1238.0,Primary Transit,K2-253,0.0,1.08,1.1,6027.0
K2-254 b,,0.145,4.09639,0.0448,0.08600000000000001,791.0,Primary Transit,K2-254,-0.14,0.71,0.67,4629.0
K2-254 c,,0.195,12.11839,0.0923,0.126,551.0,Primary Transit,K2-254,-0.14,0.71,0.67,4629.0
K2-255 b,,0.259,1.96417,0.0274,0.165,1034.0,Primary Transit,K2-255,-0.14,0.71,0.69,4676.0
K2-257 b,,0.074,1.60588,0.0216,0.19740000000000002,789.0,Primary Transit,K2-257,-0.03,0.52,0.5,3725.0
K2-258 b,,0.268,19.0921,0.149,0.2756,831.0,Primary Transit,K2-258,0.01,1.21,1.31,6351.0
K2-259 b,,0.207,15.48043,0.1271,0.31300000000000006,795.0,Primary Transit,K2-259,0.15999999999999998,1.14,1.13,6059.0
K2-25 b,0.0771,0.306,3.484552,0.030273366399975594,0.27,345.69999999999993,Primary Transit,K2-25,0.15,0.29000000000000004,0.29,3180.0
K2-260 Ab,1.42,1.552,2.6266657,0.0404,0.0,1957.0,Primary Transit,K2-260 A,-0.14,1.39,1.69,6367.0
K2-261 b,0.223,0.85,11.63344,0.102,0.42000000000000004,1080.0,Primary Transit,K2-261,0.36,1.1,1.65,5537.0
K2-263 b,0.0466,0.215,50.818947,0.2573,0.0,1309.2,Primary Transit,K2-263,-0.08,0.88,0.85,5368.0
K2-264 b,,0.199,5.840002,0.05023,0.0,496.0,Primary Transit,K2-264,-0.013,0.5,0.47,3660.0
K2-264 c,,0.238,19.660302,0.11283,0.0,331.0,Primary Transit,K2-264,-0.013,0.5,0.47,3660.0
K2-265 Ab,0.02058,0.153,2.369172,0.03376,0.084,711.2,Primary Transit,K2-265 A,0.078,0.92,0.98,5477.0
K2-266 Ab,0.0355,0.294,0.658524,0.01306,0.084,1515.0,Primary Transit,K2-266 A,-0.12,0.68,0.7337,4362.0
K2-266 Ac,0.00091,0.063,7.814,0.0679,0.042,665.0,Primary Transit,K2-266 A,-0.12,0.68,0.7337,4362.0
K2-266 Ad,0.028,0.261,14.697,0.1035,0.047,538.0,Primary Transit,K2-266 A,-0.12,0.68,0.7337,4362.0
K2-266 Ae,0.04499,0.244,19.482,0.1249,0.043,490.0,Primary Transit,K2-266 A,-0.12,0.68,0.7337,4362.0
K2-267 Ab,3.0,1.051,6.180235,0.07229,0.12379999999999998,1552.2,Primary Transit,K2-267 A,0.139,1.34,1.74,6513.0
K2-268 b,,0.126,2.151894,0.0308,0.16160000000000002,1121.0,Primary Transit,K2-268,0.029999999999999995,0.84,0.78,5068.0
K2-268 c,,0.24,9.326841,0.0819,0.1726,688.0,Primary Transit,K2-268,0.029999999999999995,0.84,0.78,5068.0
K2-268 d,,0.1329,4.528598,0.051392415082872435,0.199,888.0,Primary Transit,K2-268,0.029999999999999995,0.84,0.78,5068.0
K2-268 e,,0.1187,6.131243,0.06289588020157597,0.1532,801.0,Primary Transit,K2-268,0.029999999999999995,0.84,0.78,5068.0
K2-268 f,,0.1989,26.27057,0.165921568262487,0.1568,492.0,Primary Transit,K2-268,0.029999999999999995,0.84,0.78,5068.0
K2-269 b,,0.14,4.144965,0.0531,0.033600000000000005,1429.0,Primary Transit,K2-269,-0.08,1.16,1.45,6209.0
K2-26 b,,0.238,14.5665,0.0962,0.05740000000000001,430.0,Primary Transit,K2-26,-0.13,0.56,0.52,3785.0
K2-270 b,,0.123,1.543069,0.0247,0.096,1203.0,Primary Transit,K2-270,0.26,0.85,0.77,4877.0
K2-270 c,,0.263,4.400028,0.0497,0.13340000000000002,848.0,Primary Transit,K2-270,0.26,0.85,0.77,4877.0
K2-271 b,,0.649,8.562421,0.077,0.09337,893.0,Primary Transit,K2-271,-0.3,0.83,0.99,5644.0
K2-272 b,,0.26,14.453533,0.1081,0.2508,655.0,Primary Transit,K2-272,-0.28,0.81,0.81,5419.0
K2-273 b,,0.394,11.716332,0.0974,0.0414,672.0,Primary Transit,K2-273,0.2,0.9,0.84,5200.0
K2-274 b,,0.196,14.129714,0.1064,0.1554,589.0,Primary Transit,K2-274,-0.13,0.81,0.74,5065.0
K2-275 Ab,,0.2,3.280961,0.04,0.1052,905.0,Primary Transit,K2-275 A,-0.023,0.772,0.735,4783.55
K2-275 Ac,,0.209,8.438756,0.075,0.0758,660.0,Primary Transit,K2-275 A,-0.023,0.772,0.735,4783.55
K2-276 b,,0.336,18.718269,0.1291,0.2924,583.0,Primary Transit,K2-276,0.07,0.82,0.85,5139.0
K2-277 b,,0.185,6.326763,0.0675,0.1276,958.0,Primary Transit,K2-277,0.11,1.02,0.97,5741.0
K2-278 b,,0.266,3.334966,0.0488,0.01479999999999998,1711.0,Primary Transit,K2-278,0.0,1.4,1.61,6747.0
K2-279 b,,0.108,7.122605,0.067,0.0866,879.0,Primary Transit,K2-279,-0.37,0.79,0.86,5558.0
K2-27 Bb,0.09722,0.4,6.771315,0.06702,0.251,902.0,Primary Transit,K2-27 B,0.13,0.89,0.8925,5231.0
K2-280 b,0.1167,0.684,19.895202,0.1488,0.35,744.0,Primary Transit,K2-280,0.3,1.11,1.28,5742.0
K2-281 b,,0.73,8.687721,0.0773,0.03679999999999999,665.0,Primary Transit,K2-281,0.21999999999999997,0.82,0.76,4812.0
K2-282 b,,0.252,4.169836,0.0499,0.07899999999999999,1057.0,Primary Transit,K2-282,-0.23,0.92,0.967,5317.0
K2-282 c,,0.132,0.70531,0.0152,0.0,1011.6,Primary Transit,K2-282,-0.23,0.92,0.967,5317.0
K2-282 d,,0.232,27.263595,0.1725,0.0,1011.6,Primary Transit,K2-282,-0.23,0.92,0.967,5317.0
K2-283 b,,0.314,1.921036,0.0291,0.096,1186.0,Primary Transit,K2-283,0.28,0.89,0.82,5060.0
K2-284 b,,0.248,4.795069,0.04771,0.078,653.0,Primary Transit,K2-284,0.0,0.63,0.61,4140.0
K2-285 b,0.03046,0.231,3.471745,0.03817,0.0,1089.0,Primary Transit,K2-285,0.0,0.83,0.79,4975.0
K2-285 c,0.04933,0.315,7.138048,0.0824,0.0,741.0,Primary Transit,K2-285,0.0,0.83,0.79,4975.0
K2-285 d,0.02045,0.221,10.45582,0.1178,0.0,620.0,Primary Transit,K2-285,0.0,0.83,0.79,4975.0
K2-285 e,0.03367,0.174,14.76289,0.18041,0.0,501.0,Primary Transit,K2-285,0.0,0.83,0.79,4975.0
K2-286 b,0.0214,0.187,27.359,0.1768,0.21200000000000002,347.0,Primary Transit,K2-286,0.0,0.64,0.62,3926.0
K2-287 b,0.315,0.833,14.893291,0.1206,0.478,804.0,Primary Transit,K2-287,0.2,1.06,1.07,5695.0
K2-288 Bb,,0.152,31.393463,0.164,0.048400000000000006,226.36,Primary Transit,K2-288 B,-0.21,0.33000000000000007,0.32,3341.0
K2-289 b,0.1529,0.812,13.156969,0.107,0.07279999999999999,753.0,Primary Transit,K2-289,0.162,0.95,1.02,5529.0
K2-28 b,,0.207,2.260455,0.0214,0.0,568.0,Primary Transit,K2-28,0.26,0.26,0.29,3214.0
K2-290 Ab,0.0343,0.273,9.21165,0.0923,0.0,1230.0,Primary Transit,K2-290 A,-0.06,1.19,1.51,6302.0
K2-290 Ac,0.774,1.006,48.36685,0.305,0.0,676.0,Primary Transit,K2-290 A,-0.06,1.19,1.51,6302.0
K2-291 b,0.02042,0.142,2.225177,0.03261,0.0,1251.0,Primary Transit,K2-291,0.08,0.93,0.9,5520.0
K2-292 b,0.07709,0.235,16.9841,0.13,0.04,795.0,Primary Transit,K2-292,0.07,1.0,1.09,5725.0
K2-293 b,,0.219,13.1225,0.1,0.0278,750.0,Primary Transit,K2-293,0.218,0.96,0.95,5532.0
K2-294 b,,0.148,2.50387,0.036,0.063,1425.0,Primary Transit,K2-294,0.194,0.99,1.2,5612.0
K2-295 b,0.335,0.897,4.024867,0.0451,0.0,852.0,Primary Transit,K2-295,0.14,0.74,0.7,4444.0
K2-296 b,,0.167,28.1656,0.1368476598096392,0.14459999999999998,1046.2,Primary Transit,K2-296,-0.12600000000000003,0.4099999999999999,0.94,5573.0
K2-297 b,,0.062,2.13174,0.030340153601856244,0.006999999999999992,708.5999999999999,Primary Transit,K2-297,-0.1452,0.78,0.94,5573.0
K2-298 b,,0.093,4.1698,0.035,0.0,837.8,Primary Transit,K2-298,0.0,0.8,0.63,5053.0
K2-299 b,,0.152,4.50756,0.053001164504044546,0.0,1012.8,Primary Transit,K2-299,-0.22,0.93,0.847,5759.0
K2-299 c,,0.125,0.911724,0.01859,0.0,1012.8,Primary Transit,K2-299,-0.22,0.93,0.847,5759.0
K2-299 d,,0.232,14.647531,0.11837,0.0,1012.8,Primary Transit,K2-299,-0.22,0.93,0.847,5759.0
K2-29 Ab,0.73,1.19,3.2588321,0.04217,0.066,1171.0,Primary Transit,K2-29 A,0.2829,0.935,0.817,5387.06
K2-300 b,,0.09,2.87814,0.02866864028863134,0.094,505.59999999999997,Primary Transit,K2-300,-0.036000000000000004,0.361,0.3734,3489.0
K2-301 b,,0.145,5.29711,0.05183657065013745,0.278,599.8,Primary Transit,K2-301,0.0020000000000000044,0.63,0.6737,4055.0
K2-301 c,,0.107,0.354884,0.00841,0.278,599.8,Primary Transit,K2-301,0.0020000000000000044,0.63,0.6737,4055.0
K2-302 b,,0.08,2.25372,0.0203,0.049999999999999996,458.5999999999999,Primary Transit,K2-302,-0.33,0.22099999999999997,0.25,3467.0
K2-302 c,,0.0856,0.623232,0.00862,0.049999999999999996,458.5999999999999,Primary Transit,K2-302,-0.33,0.22099999999999997,0.25,3467.0
K2-302 d,,0.098,2.909219,0.024,0.049999999999999996,458.5999999999999,Primary Transit,K2-302,-0.33,0.22099999999999997,0.25,3467.0
K2-303 b,,0.086,1.58252,0.024107324056076584,0.0574,501.20000000000005,Primary Transit,EPIC 206317286,0.039999999999999994,0.71,0.94,5573.0
K2-303 c,,0.18682,17.515472,0.11972846949641762,0.0574,501.20000000000005,Primary Transit,EPIC 206317286,0.039999999999999994,0.71,0.94,5573.0
K2-304 b,,0.118,2.28943,0.03248436350775522,0.0608,715.8,Primary Transit,K2-304,-0.03,0.83,0.8,5171.0
K2-304 c,,0.2025,5.213965,0.0553,0.14500000000000002,866.0,Primary Transit,K2-304,-0.03,0.83,0.8,5171.0
K2-305 b,,0.194,18.0983,0.14073318777274196,0.004799999999999999,830.0,Primary Transit,K2-305,0.05299999999999999,1.08,1.218,5915.0
K2-306 b,,0.143,34.885,0.20124675119174695,0.0,997.6,Primary Transit,K2-306,0.086,0.85,0.752,5079.0
K2-307 b,,0.1,15.2841,0.12214294765030155,0.0578,1294.8,Primary Transit,K2-307,-0.18,0.99,0.98,6004.0
K2-307 c,,0.207,23.228555,0.15886,0.6863999999999999,648.0,Primary Transit,K2-307,-0.18,0.99,0.98,6004.0
K2-308 b,0.025,0.884,3.38628,0.04618002471729648,0.007999999999999993,860.8,Primary Transit,K2-308,-0.1,1.09,1.24,6100.0
K2-309 Ab,0.0425,0.8788,24.14041,0.1716,0.29,670.0,Primary Transit,K2-309 A,-0.013199999999999998,1.1,1.305,4970.0
K2-309 Ac,0.053,0.0428,8.24872,0.0839,0.43,947.0,Primary Transit,K2-309 A,0.0017999999999999978,1.1,1.305,4970.0
K2-309 Ad,0.019,0.5656,12.40214,0.1101,0.21000000000000002,855.0,Primary Transit,K2-309 A,0.010600000000000005,1.1,1.305,4970.0
K2-309 Ae,0.0334,0.848,46.768131,0.2667,0.57,549.0,Primary Transit,K2-309 A,0.009080000000000001,1.1,1.305,4970.0
K2-30 b,0.579,1.039,4.098503,0.04839,0.0,1092.0,Primary Transit,K2-30,-0.15,0.9,0.84,5425.0
K2-310 b,0.02907,0.231,13.603,0.098,0.2,536.0,Primary Transit,K2-310,-0.137,0.69,0.673,4581.0
K2-310 c,0.0303,0.24,65.55,0.28,0.192,316.0,Primary Transit,K2-310,-0.137,0.69,0.673,4581.0
K2-311 b,,1.11,3650.0,4.5,0.057999999999999996,821.4,Primary Transit,K2-311,-0.23,0.9,2.7,4898.0
K2-314 b,0.02753,0.174,3.5951,0.047,0.06,1616.0,Primary Transit,EPIC 249893012,0.2,1.05,1.71,5430.0
K2-314 c,0.04616,0.3274,15.624,0.13,0.07,990.0,Primary Transit,EPIC 249893012,0.2,1.05,1.71,5430.0
K2-314 d,0.03203,0.3515,35.747,0.22,0.15,752.0,Primary Transit,EPIC 249893012,0.2,1.05,1.71,5430.0
K2-315 b,,0.085,3.1443189,0.0234,0.11059999999999999,460.0,Primary Transit,K2-315,-0.24,0.17399999999999993,0.196,3300.0
K2-316 b,,0.119,1.133,0.0147,0.1738,841.0,Primary Transit,K2-316,-0.11599999999999999,0.4099999999999999,0.38,3436.0
K2-316 c,,0.163,5.26,0.0582,0.05628,423.0,Primary Transit,K2-316,-0.09600000000000002,0.4099999999999999,0.38,3436.0
K2-317 b,,0.261,6.22,0.0542,0.06988,432.0,Primary Transit,K2-317,-0.031399999999999983,0.4,0.38,3387.0
K2-318 b,,0.148,7.01,0.0911,0.092,456.0,Primary Transit,K2-318,-0.1064,0.56,0.55,3851.0
K2-319 Ab,,0.249,26.68,0.1516,0.04714,641.0,Primary Transit,K2-319 A,0.05220000000000001,0.95,0.9,5440.0
K2-31 Ab,1.774,1.06,1.25785,0.022,0.0,1293.8000000000002,Primary Transit,K2-31 A,0.15,0.922,1.029,5340.0
K2-320 b,,0.234,1.995,0.0142,0.09122,698.0,Primary Transit,K2-320,-0.10400000000000001,0.12,0.3,3157.0
K2-321 b,7.8,0.174,2.298,0.041,0.0654,701.0,Primary Transit,K2-321,-0.10199999999999998,0.6000000000000001,0.58,3855.0
K2-322 b,,0.171,8.205,0.0594,0.22999999999999998,635.0,Primary Transit,K2-322,-0.040999999999999995,0.63,0.6,4141.0
K2-323 b,,0.187,24.93,0.1275,0.1594,318.0,Primary Transit,K2-323,0.0202,0.48000000000000004,0.55,3710.0
K2-324 b,,0.217,3.262,0.0331,0.05399999999999999,707.0,Primary Transit,K2-324,-0.398,0.52,0.51,3752.0
K2-325 b,,0.196,6.93,0.0419,0.088,423.0,Primary Transit,K2-325,0.018000000000000002,0.27,0.3,3287.0
K2-326 b,,0.203,1.256,0.0198,0.03400000000000001,1114.0,Primary Transit,K2-326,-0.528,0.51,0.69,3924.0
K2-327 b,,0.09341,6.7987,0.0349,0.0,1713.2000000000003,Primary Transit,K2-327,-0.0662,0.2869999999999999,0.282,3648.0
K2-328 b,,0.08101,2.0478,0.0296,0.0,1681.8000000000002,Primary Transit,K2-328,-0.003,0.727,0.655,4520.0
K2-329 Ab,0.26,0.774,12.4551225,0.1016,0.0697,650.0,Primary Transit,K2-329 A,0.098,0.901,0.822,5282.0
K2-32 Ab,0.047,0.443,8.991828,0.08035,0.03,837.0,Primary Transit,K2-32 A,0.0,0.86,0.84,5315.0
K2-32 Ac,0.0255,0.244,20.66186,0.1399,0.049,634.0,Primary Transit,K2-32 A,0.0,0.86,0.84,5315.0
K2-32 Ad,0.0211,0.292,31.7142,0.1862,0.05,550.0,Primary Transit,K2-32 A,0.0,0.86,0.84,5315.0
K2-32 Ae,0.0066,0.09,4.34882,0.04951,0.043,1066.0,Primary Transit,K2-32 A,0.0,0.86,0.84,5315.0
K2-330 b,,0.2471,13.774798,0.1205,0.21899999999999997,969.0,Primary Transit,K2-330,-0.03,1.23,1.5,6232.0
K2-331 b,,0.1597,9.398977,0.09,0.0898,909.0,Primary Transit,K2-331,0.08,1.1,1.06,5994.0
K2-331 c,,0.2427,22.996591,0.163447,0.1094,673.0,Primary Transit,K2-331,0.08,1.1,1.06,5994.0
K2-332 b,,0.196,17.70632,0.08597,0.088,266.0,Primary Transit,K2-332,0.09,0.27,0.28,3315.0
K2-333 b,,0.5513,14.759287,0.1201,0.1512,827.0,Primary Transit,K2-333,0.07,1.06,1.22,6177.0
K2-334 b,,0.5041,5.113981,0.06439,0.14842,1380.0,Primary Transit,K2-334,0.17,1.36,1.49,6224.0
K2-335 b,,0.1972,12.283211,0.11168,0.2146,949.0,Primary Transit,K2-335,0.1,1.23,1.33,6222.0
K2-336 b,,0.1088,21.194733,0.1426,0.01200000000000001,569.0,Primary Transit,K2-336,-0.17,0.86,0.8,5424.0
K2-337 b,,0.2337,16.273563,0.1231,0.1854,850.0,Primary Transit,K2-337,-0.27,0.94,1.32,5869.0
K2-338 b,,0.0919,3.850614,0.04188,0.1834,783.0,Primary Transit,K2-338,-0.23,0.66,0.63,4558.0
K2-339 b,,0.1713,19.507428,0.12833,0.1042,508.0,Primary Transit,K2-339,-0.11,0.74,0.72,4857.0
K2-33 b,3.7,0.45,5.424865,0.0409,0.0,1495.6,Primary Transit,K2-33,0.0466,0.56,1.05,3540.0
K2-340 b,,0.2998,29.740451,0.18345,0.17020000000000002,606.0,Primary Transit,K2-340,0.08,0.93,1.13,5532.0
K2-341 b,,0.2864,36.552551,0.2142,0.1928,598.0,Primary Transit,K2-341,-0.05,0.98,1.16,5817.0
K2-342 b,,0.1811,11.561052,0.10044,0.7921999999999998,861.0,Primary Transit,K2-342,-0.06,1.01,1.09,5920.0
K2-343 Ab,,0.1472,2.787174,0.03057,0.0394,653.0,Primary Transit,K2-343 A,-0.1,0.49,0.46,3804.0
K2-343 Ac,,0.1802,7.676972,0.06,0.0706,465.0,Primary Transit,K2-343 A,-0.1,0.49,0.46,3804.0
K2-344 b,,0.1419,3.35585,0.035635963354574064,0.0394,722.0,Primary Transit,K2-344,-0.95,0.51,0.49,4374.0
K2-345 b,,0.1856,10.367437,0.07673,0.0298,437.0,Primary Transit,K2-345,0.26,0.56,0.52,3779.0
K2-346 b,,0.2016,26.201446,0.154,0.145,450.0,Primary Transit,K2-346,-0.18,0.71,0.7,4801.0
K2-347 b,,0.215,7.187257,0.063488,0.1654,640.0,Primary Transit,K2-347,-0.26,0.66,0.63,4599.0
K2-348 b,,0.2908,4.688418,0.05154,0.0858,908.0,Primary Transit,K2-348,0.13,0.83,0.85,5077.0
K2-348 c,,0.2382,12.550171,0.09937,0.029400000000000003,655.0,Primary Transit,K2-348,0.13,0.83,0.85,5077.0
K2-349 b,,0.1231,9.032178,0.06915,0.0324,518.0,Primary Transit,K2-349,-0.6600000000000001,0.54,0.49,4385.0
K2-34 b,1.78,1.245,2.995633,0.0426,0.0,1559.0,Primary Transit,K2-34,0.029999999999999995,1.15,1.44,6071.0
K2-350 Ab,,0.1374,4.163873,0.0503,0.12200000000000001,1158.0,Primary Transit,K2-350 A,-0.02,0.98,1.04,5789.0
K2-350 Ac,,0.2444,19.991944,0.1432,0.0974,687.0,Primary Transit,K2-350 A,-0.02,0.98,1.04,5789.0
K2-351 b,,0.2266,7.806164,0.07755,0.06,934.0,Primary Transit,K2-351,0.08,1.02,1.05,5769.0
K2-352 b,,0.17,8.23,0.0761,0.08126994191674733,964.7135467756585,Primary Transit,K2-352,-0.0013422812997046184,0.9367040345199569,0.94,5573.0
K2-352 c,,0.196,14.87,0.0761,0.08126994191674733,964.7135467756585,Primary Transit,K2-352,-0.0013422812997046184,0.9367040345199569,0.94,5573.0
K2-352 d,,0.1713,3.665912,0.0761,0.062,727.0,Primary Transit,K2-352,0.04000000000000001,0.8089999999999999,0.94,5573.0
K2-353 Ab,,0.4951,15.466805,0.116,0.01079999999999999,735.0,Primary Transit,K2-353 A,-0.21,0.87,0.99,5698.0
K2-354 b,,0.1392,3.793306,0.03653127430826182,0.062,543.0,Primary Transit,K2-354,-0.039999999999999994,0.42999999999999994,0.41,3669.0
K2-355 b,,0.2007,5.7385647,0.0632,0.20040000000000002,1066.0,Primary Transit,K2-355,-0.12,0.96,0.92,5790.0
K2-356 b,,0.2043,21.0267366,0.1599,0.1534,624.0,Primary Transit,K2-356,-0.11,0.9,0.86,5568.0
K2-357 b,,0.3319,16.3488637,0.145,0.134,735.0,Primary Transit,K2-357,-0.02,0.98,1.0,5794.0
K2-358 b,,0.2391,11.2510285,0.0863,0.1816,888.0,Primary Transit,K2-358,-0.07,0.93,0.91,5650.0
K2-359 b,,0.134,0.72091,0.01536,0.14839999999999998,974.0,Primary Transit,K2-359,0.314,0.93,1.087,5382.73
K2-35 b,,0.118,2.399964,0.031,0.13,735.0,Primary Transit,K2-35,0.04000000000000001,0.7,0.62,4402.71
K2-35 c,,0.172,5.608352,0.055,0.12,735.0,Primary Transit,K2-35,0.04000000000000001,0.7,0.62,4402.71
K2-360 b,0.02413,0.13962,0.87724,0.0177,0.06,2038.0,Primary Transit,K2-360,0.018,1.018,0.99,5711.17
K2-361 b,,0.107,0.578657,0.013596,0.7322,1339.0,Primary Transit,K2-361,-0.39,1.0,0.912,5627.0
K2-361 c,,0.205,11.811437,0.1015,0.7322,1339.0,Primary Transit,K2-361,-0.39,1.0,0.912,5627.0
K2-362 b,,0.0883,0.762406,0.01606,0.1502,800.8,Primary Transit,K2-362,0.28,0.95,0.89,5620.0
K2-363 b,,0.098,0.728113,0.0118,0.1314,932.0,Primary Transit,K2-363,-0.18,0.4179999999999999,0.4239,3506.0
K2-365 b,0.02722,0.25926,23.448172,0.1503,0.0854,710.0,Primary Transit,K2-365,-0.021,0.982,1.057,5568.0
K2-366 b,0.01995,0.21046,15.937039,0.1207,0.047799999999999995,770.0,Primary Transit,K2-366,-0.216,0.825,0.94,5601.0
K2-367 b,0.02036,0.21528,20.645099,0.13642124113895412,0.092,450.0,Primary Transit,K2-367,-0.351,0.756,0.625,4348.0
K2-368 b,,0.13266,5.02629,0.052109,0.067,705.0,Primary Transit,K2-368,-0.25,0.746,0.663,4663.0
K2-368 c,,0.19021,20.2009,0.131675,0.067,705.0,Primary Transit,K2-368,-0.25,0.746,0.663,4663.0
K2-368 d,,0.13855,9.65869,0.080477,0.067,705.0,Primary Transit,K2-368,-0.25,0.746,0.663,4663.0
K2-369 b,0.0069,0.11714,5.761612,0.0586,0.17959999999999998,1080.0,Primary Transit,K2-369,-0.234,0.735,0.881,5682.0
K2-36 Bb,0.01227,0.128,1.422614,0.0223,0.0,1224.0,Primary Transit,K2-36 B,-0.047,0.769,0.754,4772.39
K2-36 Bc,0.02454,0.2783,5.3410507,0.054,0.0,788.0,Primary Transit,K2-36 B,-0.047,0.769,0.754,4772.39
K2-370 b,0.0349,0.2248,2.1408091,0.0321,0.30999999999999994,1420.0,Primary Transit,K2-370,0.018,0.984,0.971,5377.0
K2-371 b,4.71,1.16,3.114905,0.0297,0.0554,1000.0,Primary Transit,K2-371,-0.107,0.958,0.736,4925.0
K2-372 b,0.0289,0.26274,9.844077,0.0857,0.16340000000000005,870.0,Primary Transit,K2-372,-0.064,0.847,0.922,5479.0
K2-373 b,0.0162,0.18387,11.02066,0.1087,0.10800000000000001,1130.0,Primary Transit,K2-373,0.01,1.099,1.53,5980.0
K2-374 b,0.01139,0.14212,4.521953,0.0494,0.0928,1210.0,Primary Transit,K2-374,-0.3,1.04,0.929,5786.0
K2-374 c,0.01797,0.19743,16.43445,0.117,0.04079999999999999,790.0,Primary Transit,K2-374,-0.3,1.04,0.929,5786.0
K2-375 b,0.01834,0.20011,14.453895,0.1206,0.0298,1000.0,Primary Transit,K2-375,-0.05399999999999999,1.05,1.548,5826.0
K2-376 Ab,0.0129,0.15488,5.776475,0.0608,0.08800000000000001,1240.0,Primary Transit,K2-376 A,-0.176,1.124,1.133,6044.0
K2-377 b,0.01237,0.15104,12.832235,0.0975,0.0822,530.0,Primary Transit,K2-377,-0.008,0.674,0.698,4314.0
K2-378 b,0.02838,0.2569,2.060438,0.0442,0.12479999999999998,1130.0,Primary Transit,K2-378,-0.206,0.923,0.732,4823.0
K2-379 b,0.01759,0.19458,8.777247,0.1256,0.053399999999999996,680.0,Primary Transit,K2-379,-0.045,0.856,0.751,4603.0
K2-37 b,,0.144,4.44117,0.0511,0.07959999999999999,974.0,Primary Transit,K2-37,-0.03,0.9,0.85,5413.0
K2-37 c,,0.245,6.42904,0.0654,0.13446,861.0,Primary Transit,K2-37,-0.03,0.9,0.85,5413.0
K2-37 d,,0.244,14.09189,0.1103,0.0454,663.0,Primary Transit,K2-37,-0.03,0.9,0.85,5413.0
K2-380 Ab,0.02504,0.24347,9.401312,0.0953,0.3226,1110.0,Primary Transit,K2-380 A,-0.049,0.993,1.32,5911.0
K2-381 b,,0.1981,16.0343,0.11306,0.067,692.5999999999999,Primary Transit,K2-381,-0.244,0.754,0.675,4473.0
K2-381 c,,0.08886,7.9388,0.07,0.067,692.5999999999999,Primary Transit,K2-381,-0.244,0.754,0.675,4473.0
K2-381 d,,0.15033,26.8054,0.159237,0.067,692.5999999999999,Primary Transit,K2-381,-0.244,0.754,0.675,4473.0
K2-382 b,0.0162,0.18485,23.82167548380311,0.1577,0.15446000000000001,610.0,Primary Transit,K2-382,-0.027,0.922,0.811,5452.0
K2-383 b,0.01026,0.13953,1.865962,0.0307,0.0538,1270.0,Primary Transit,K2-383,0.187,1.061,0.804,5129.0
K2-384 b,,0.09599,2.231527,0.023482058295172928,0.04820000000000001,573.8,Primary Transit,K2-384,0.07,0.33000000000000007,0.348,3623.0
K2-384 c,,0.10625,4.194766,0.03576623486662334,0.04820000000000001,573.8,Primary Transit,K2-384,0.07,0.33000000000000007,0.348,3623.0
K2-384 d,,0.12419,6.679582,0.04877166571209862,0.04820000000000001,573.8,Primary Transit,K2-384,0.07,0.33000000000000007,0.348,3623.0
K2-384  e,,0.11999,9.715043,0.06260819973620849,0.04820000000000001,573.8,Primary Transit,K2-384,0.07,0.33000000000000007,0.348,3623.0
K2-384 f,,0.19824,13.62749,0.07845343785927551,0.04820000000000001,573.8,Primary Transit,K2-384,0.07,0.33000000000000007,0.348,3623.0
K2-385 b,0.0101,0.1373,2.380867,0.03596,0.079,1100.0,Primary Transit,K2-385,-0.224,0.927,0.761,4844.0
K2-386 Ab,0.01954,0.207,7.473223,0.07255,0.0,1010.0,Primary Transit,K2-386 A,0.055999999999999994,0.911,0.97,5749.0
K2-387 b,0.14303,0.65323,28.735327,0.1523,0.07399999999999998,310.0,Primary Transit,K2-387,0.126,0.57,0.585,3572.0
K2-388 b,0.0412,0.3265,6.339069,0.0633,0.133,970.0,Primary Transit,K2-388,0.12400000000000001,0.842,0.897,5367.0
K2-389 b,0.01778,0.19484,8.584043,0.0762,0.0914,1050.0,Primary Transit,K2-389,-0.034,0.802,1.084,5782.0
K2-389 c,0.01655,0.182,20.851337,0.1378,0.036,780.0,Primary Transit,K2-389,-0.034,0.802,1.084,5782.0
K2-38 b,0.06,0.17,4.01593,0.04994,0.197,1266.0,Primary Transit,K2-38,0.235,1.054,1.141,5705.0
K2-38 c,0.03115,0.216,10.56103,0.0964,0.161,858.0,Primary Transit,K2-38,0.235,1.054,1.141,5705.0
K2-390 b,0.06364,0.41625,3.312792,0.0402,0.12140000000000001,1310.0,Primary Transit,K2-390,-0.116,0.966,0.789,5558.0
K2-391 b,0.00783,0.12231,4.622654,0.0495,0.19999999999999996,900.0,Primary Transit,K2-391,-0.5429999999999999,0.757,0.566,5543.0
K2-392 b,0.014,0.165,15.398723,0.1143,0.14520000000000002,840.0,Primary Transit,K2-392,-0.238,0.841,1.058,5726.0
K2-393 b,0.01995,0.20983,10.413181,0.0895,0.0756,950.0,Primary Transit,K2-393,0.076,0.881,1.071,5678.0
K2-394 b,0.01237,0.15095,5.095717,0.05048,0.1912,890.0,Primary Transit,K2-394,-0.388,0.66,0.704,4197.0
K2-395 b,0.02404,0.23169,4.803352,0.0548,0.0858,910.0,Primary Transit,K2-395,-0.033,0.952,0.783,5007.0
K2-395 c,0.03716,0.30288,8.491282,0.0801,0.012459999999999999,750.0,Primary Transit,K2-395,-0.033,0.952,0.783,5007.0
K2-396 b,0.0107,0.14087,0.673862,0.0148,0.013679999999999998,1990.0,Primary Transit,K2-396,0.237,0.954,0.92,5236.0
K2-396 c,0.0315,0.27871,25.76051,0.1681,0.16708,590.0,Primary Transit,K2-396,0.237,0.954,0.92,5236.0
K2-397 b,0.02121,0.21563,3.572326,0.0447,0.096,1210.0,Primary Transit,K2-397,0.11,0.937,0.966,5387.0
K2-398 b,0.01913,0.20287,6.393025,0.0664,0.096,1240.0,Primary Transit,K2-398,-0.257,0.945,1.239,5946.0
K2-398 c,0.07366,0.45482,18.787839,0.1362,0.082,870.0,Primary Transit,K2-398,-0.257,0.945,1.239,5946.0
K2-39 b,0.09,0.56,4.60543,0.062,0.0,1059.0,Primary Transit,K2-39,0.32,0.66,2.97,4881.0
K2-3 b,0.02039,0.194,10.054626,0.0775,0.0,463.00000000000006,Primary Transit,K2-3,-0.32,0.6000000000000001,0.56,3896.0
K2-3 c,0.00673,0.165,24.646582,0.1405,0.0,344.0,Primary Transit,K2-3,-0.32,0.6000000000000001,0.56,3896.0
K2-3 d,0.00881,0.135,44.55646,0.2086,0.0,282.0,Primary Transit,K2-3,-0.32,0.6000000000000001,0.56,3896.0
K2-400 b,0.00519,0.10376,3.865053,0.0347,0.19460000000000002,570.0,Primary Transit,K2-400,-0.05099999999999999,0.374,0.382,3578.0
K2-401 b,0.01834,0.2018,6.293099,0.05857,0.086,660.0,Primary Transit,K2-401,-0.098,0.676,0.68,4328.0
K2-402 b,0.0245,0.23892,17.27474,0.1283,0.082,870.0,Primary Transit,K2-402,-0.378,0.944,1.28,5716.0
K2-403 b,0.07838,0.47578,33.589979,0.1879,0.1594,887.6,Primary Transit,K2-403,-0.16,0.784,0.886,5511.0
K2-404 b,0.02306,0.2257,13.115365,0.09078136283923571,0.0558,450.0,Primary Transit,K2-404,0.005,0.552,0.552,3748.0
K2-405 b,0.05862,0.40762,3.435471,0.045,0.057999999999999996,980.0,Primary Transit,K2-405,0.132,1.034,0.765,4927.0
K2-406 Ab,0.06305,0.41057,22.549406,0.15678,0.6629999999999999,720.0,Primary Transit,K2-406 A,-0.03799999999999999,1.01,0.9688,5666.0
K2-407 b,0.00664,0.11446,4.941907,0.05445,0.0059999999999999915,1110.0,Primary Transit,K2-407,0.014,0.881,0.927,5563.0
K2-407 c,0.00783,0.1213,9.22453,0.08267,0.0518,900.0,Primary Transit,K2-407,0.014,0.881,0.927,5563.0
K2-408 b,0.01224,0.14961,20.978959,0.139,0.15940000000000001,610.0,Primary Transit,K2-408,-0.171,0.813,0.784,5335.0
K2-409 b,0.02121,0.22143,1.908084,0.02893,0.9021999999999999,1800.0,Primary Transit,K2-409,-0.03599999999999999,1.0,1.275,5644.0
K2-411 b,,0.088305,3.2141,0.0511,0.07159999999999998,1073.3999999999999,Primary Transit,K2-411,0.14,1.018,1.375,5711.0
K2-412 b,,0.18878,5.9382,0.0586,0.0,1060.0,Primary Transit,K2-412,0.014,0.893,0.977,5590.0
K2-413 b,,0.067794,0.8094,0.0117,0.0418,592.4000000000001,Primary Transit,K2-413,-0.205,0.808,0.7,4116.0
K2-413 c,,0.109975,5.3301,0.0426,0.0418,592.4000000000001,Primary Transit,K2-413,-0.205,0.808,0.7,4116.0
K2-414 b,,0.10875,4.3696,0.0487,0.036,883.0,Primary Transit,K2-414,-0.1,0.814,0.732,4343.0
K2-414 c,,0.172068,6.669,0.0552,0.036,883.0,Primary Transit,K2-414,-0.1,0.814,0.732,4343.0
K2-415 b,0.009,0.09055,4.0179694,0.027,0.03,400.0,Primary Transit,K2-415,-0.13,0.16349999999999998,0.1965,3173.0
K2-416 b,0.023,0.241,10.1,0.069,0.01859999999999999,503.0,Primary Transit,K2-416,-0.1002,0.48260000000000003,0.94,5573.0
K2-417 b,0.0299,0.2837,8.3,0.065,0.23999999999999994,549.0,Primary Transit,K2-417,-0.11859999999999998,0.87,0.94,5573.0
K2-418 b,0.0327,0.2079,16.141132,0.124,0.23000000000000004,804.0,Primary Transit,K2-418,-0.12,0.97,1.0,5868.0
K2-419 Ab,0.617,0.941,20.35847252,0.1208,0.042,377.0,Primary Transit,K2-419 A,-0.11,0.562,0.541,3711.0
K2-42 b,,0.192,6.68796,0.0617,0.058800000000000005,584.8,Primary Transit,K2-42,0.17763999999999996,0.7,0.64,4613.0
K2-43 b,,0.402,3.471149,0.0201,0.10200000000000001,939.0,Primary Transit,K2-43,-0.30999999999999994,0.57,0.54,3840.6
K2-43 c,,0.216,2.198884,0.0148,0.10200000000000001,1094.0,Primary Transit,K2-43,-0.30999999999999994,0.57,0.54,3840.6
K2-44 b,0.0379,0.245,5.65639,0.06618439378657806,0.12,1145.754,Primary Transit,K2-44,0.0,1.15,1.58,5912.0
K2-45 b,,0.599,1.7292684,0.0224,0.082,505.5,Primary Transit,K2-45,0.01080000000000001,0.5,0.45,4103.0
K2-46 b,,0.183,19.1541,0.13821,0.008999999999999994,851.4,Primary Transit,K2-46,-0.034,0.96,1.29,6256.0
K2-47 b,,0.169,31.6372,0.1779,0.040600000000000004,624.2,Primary Transit,K2-47,0.06999999999999999,0.75,0.76,5054.0
K2-48 b,,0.2,20.5065,0.1344,0.021239999999999988,914.0,Primary Transit,K2-48,-0.0068799999999999955,0.77,0.73,4899.0
K2-49 b,,0.172,2.77065,0.0309,0.11380000000000001,739.2,Primary Transit,K2-49,-0.47400000000000003,0.51,0.45,4175.0
K2-4 b,,0.187,10.003417,0.078,0.08,643.4,Primary Transit,K2-4,-0.12,0.64,0.684,4120.0
K2-50 b,,0.142,8.7529,0.0705,0.03201999999999999,864.292,Primary Transit,K2-50,0.13899999999999996,0.61,0.94,5573.0
K2-50 c,,0.089,3.96151,0.04225199314835731,0.03201999999999999,864.292,Primary Transit,K2-50,0.13899999999999996,0.61,0.94,5573.0
K2-52 b,0.4046,1.606,3.535055,0.054,0.29259999999999997,2004.0,Primary Transit,K2-52,0.05500000000000001,1.69,2.19,7147.0
K2-53 b,0.0289,0.232,12.20772,0.098,0.0534,665.0,Primary Transit,K2-53,-0.03699999999999999,0.85,0.81,5263.0
K2-54 Bb,,0.103,9.7843,0.0671,0.01759999999999999,563.3999999999999,Primary Transit,K2-54 B,-0.057999999999999996,0.617,0.637,3996.0
K2-55 b,0.138,0.341,2.849258,0.03486,0.124,900.0,Primary Transit,K2-55,0.376,0.7,0.63,4456.0
K2-57 b,,0.187,9.0063,0.0746,0.07980000000000001,624.2,Primary Transit,K2-57,-0.12199999999999998,0.68,0.62,4434.0
K2-58 b,,0.239,7.05254,0.0692,0.092,857.2,Primary Transit,K2-58,0.00880000000000001,0.89,0.86,5413.0
K2-58 c,,0.145,2.53726,0.035,0.092,857.2,Primary Transit,K2-58,0.00880000000000001,0.89,0.86,5413.0
K2-58 d,,0.153,22.8827,0.1517,0.092,857.2,Primary Transit,K2-58,0.00880000000000001,0.89,0.86,5413.0
K2-59 b,,0.215,20.6921,0.1354,0.021239999999999988,914.0,Primary Transit,K2-59,-0.0068799999999999955,0.77,0.73,5055.0
K2-59 c,,0.205,11.2954,0.0905,0.021239999999999988,914.0,Primary Transit,K2-59,-0.0068799999999999955,0.77,0.73,5055.0
K2-5 b,,0.17,5.73594,0.0532,0.1678,565.0,Primary Transit,K2-5,-0.47,0.56,0.55,4066.0
K2-5 c,,0.202,10.93241,0.0818,0.0334,456.0,Primary Transit,K2-5,-0.47,0.56,0.55,4066.0
K2-60 b,0.426,0.683,3.00265,0.045,0.0,1400.0,Primary Transit,K2-60,0.01,0.97,1.12,5500.0
K2-61 b,,0.221,2.57302,0.0392,0.1835,1322.6,Primary Transit,K2-61,0.07880000000000001,1.21,1.36,6293.0
K2-62 b,0.01252,0.1579,6.67188,0.0606,0.0,745.0,Primary Transit,K2-62,-0.21,0.667,0.666,4662.0
K2-62 c,0.0208,0.1936,16.19752,0.1095,0.0,554.0,Primary Transit,K2-62,-0.21,0.667,0.666,4662.0
K2-63 b,,0.287,20.257,0.1627,0.094,1861.8000000000002,Primary Transit,K2-63,0.18200000000000002,1.4,1.63,6771.0
K2-63 c,,0.348,25.4556,0.189,0.094,1861.8000000000002,Primary Transit,K2-63,0.18200000000000002,1.4,1.63,6771.0
K2-64 b,,0.185,6.53044,0.0619,0.026000000000000002,651.8,Primary Transit,K2-64,-0.20040000000000002,0.74,0.73,5312.0
K2-65 b,,0.141,12.6475,0.1014,0.0668,1009.6,Primary Transit,K2-65,-0.08400000000000002,0.87,0.84,5213.0
K2-66 b,0.06702,0.222,5.06963,0.05983,0.0,1372.0,Primary Transit,K2-66,-0.047,1.11,1.67,5887.0
K2-68 b,,0.141,8.05428,0.0708,0.08799999999999998,619.8,Primary Transit,K2-68,-0.031199999999999995,0.73,0.68,4746.0
K2-69 b,,0.207,7.06599,0.0591,0.038,650.2,Primary Transit,K2-69,-0.01759999999999999,0.55,0.49,4127.0
K2-6 b,,0.223,30.94191,0.1898,0.1534,615.0,Primary Transit,K2-6,-0.1,0.92,0.89,5692.0
K2-70 b,,0.258,13.97896,0.1112,0.0358,655.4,Primary Transit,K2-70,-0.07939999999999998,0.94,0.93,5622.0
K2-71 b,,0.192,6.98541,0.0559,0.15299999999999997,628.2,Primary Transit,K2-71,-0.00839999999999999,0.48000000000000004,0.43,4006.0
K2-72 b,,0.096,5.577212,0.04,0.11,551.8,Primary Transit,K2-72,0.005999999999999983,0.27,0.33,3360.47
K2-72 c,,0.103,15.189034,0.078,0.11,551.8,Primary Transit,K2-72,0.005999999999999983,0.27,0.33,3360.47
K2-72 d,,0.09,7.760178,0.05,0.11,551.8,Primary Transit,K2-72,0.005999999999999983,0.27,0.33,3360.47
K2-72 e,,0.115,24.158868,0.106,0.11,551.8,Primary Transit,K2-72,0.005999999999999983,0.27,0.33,3360.47
K2-73 b,,0.219,7.49543,0.07619,0.124,886.0,Primary Transit,K2-73,0.04000000000000001,1.02,1.058,5867.0
K2-74 b,,0.206,19.5666,0.1402,0.008999999999999994,851.4,Primary Transit,K2-74,-0.034,0.96,0.98,6060.0
K2-75 b,,0.238,7.8142,0.081,0.051000000000000004,1372.6,Primary Transit,K2-75,0.0392,1.16,1.56,5995.0
K2-75 c,,0.247,18.311,0.1429,0.051000000000000004,1372.6,Primary Transit,K2-75,0.0392,1.16,1.56,5995.0
K2-77 b,1.9,0.205,8.199796,0.07511536447757408,0.14,857.4,Primary Transit,K2-77,0.29,0.8,0.76,4970.0
K2-79 b,0.0371,0.3649,10.99475,0.0987,0.078,1021.0,Primary Transit,K2-79,-0.005999999999999998,1.06,1.28,5926.0
K2-7 b,,0.238,28.67992,0.1814,0.3584,651.0,Primary Transit,K2-7,-0.25,1.0,1.56,5699.0
K2-80 b,,0.179,19.0918,0.135,0.03,663.2,Primary Transit,K2-80,0.19499999999999995,0.9,0.87,5441.0
K2-80 c,,0.131,5.605,0.0596,0.03,663.2,Primary Transit,K2-80,0.19499999999999995,0.9,0.87,5441.0
K2-80 d,,0.228,28.867253,0.18079283993102524,0.03,663.2,Primary Transit,K2-80,0.19499999999999995,0.9,0.87,5441.0
K2-81 b,,0.176,6.102325,0.059,0.06,727.6,Primary Transit,K2-81,0.041400000000000006,0.75,0.63,4674.13
K2-83 b,,0.111,2.74697,0.03014,0.15299999999999997,628.2,Primary Transit,K2-83,-0.00839999999999999,0.48000000000000004,0.42,3910.0
K2-83 c,,0.132,9.99767,0.07131,0.15299999999999997,628.2,Primary Transit,K2-83,-0.00839999999999999,0.48000000000000004,0.42,3910.0
K2-84 b,,0.215,6.4215,0.0665,0.008940000000000003,834.0,Primary Transit,K2-84,0.010599999999999995,0.95,0.93,5652.0
K2-84 c,,0.181,27.86,0.1768,0.008940000000000003,834.0,Primary Transit,K2-84,0.010599999999999995,0.95,0.93,5652.0
K2-85 b,,0.09,0.684533,0.01263,0.114,713.0,Primary Transit,K2-85,-0.14908000000000002,0.57,0.51,4268.0
K2-86 b,,0.175,8.77683,0.077,0.078,917.8,Primary Transit,K2-86,-0.1002,0.79,0.76,5482.0
K2-87 b,0.1192,0.678,9.726618,0.094,0.21760000000000002,979.0,Primary Transit,K2-87,0.328,1.16,1.4,5747.0
K2-88 b,,0.11,4.6122,0.0345,0.06659999999999999,641.6,Primary Transit,K2-88,-0.098,0.26,0.26,3537.0
K2-89 b,,0.055,1.096026,0.01462,0.0364,771.8,Primary Transit,K2-89,-0.244,0.35,0.32,3691.0
K2-8 b,,0.319,10.35239,0.0856,0.2278,631.0,Primary Transit,K2-8,0.019999999999999997,0.78,0.75,4846.0
K2-8 c,,0.215,5.06416,0.0532,0.012399999999999994,801.0,Primary Transit,K2-8,0.019999999999999997,0.78,0.75,4846.0
K2-90 b,0.028,0.232,13.733314,0.096,0.22959999999999997,502.0,Primary Transit,K2-90,-0.225,0.63,0.62,4484.0
K2-90 c,,0.116,2.900706,0.035,0.19,579.3199999999999,Primary Transit,K2-90,-0.225,0.63,0.62,4484.0
K2-91 b,,0.098,1.419549,0.0164,0.14,561.8599999999999,Primary Transit,K2-91,-0.03799999999999999,0.29000000000000004,0.28,3622.0
K2-95 b,1.67,0.346,10.134016,0.0696,0.16,383.0,Primary Transit,K2-95,-0.03,0.44,0.42,3548.0
K2-97 b,1.1,0.947,8.406726,0.086,0.05002,1499.0,Primary Transit,K2-97,0.33,1.2,4.47,4717.0
K2-98 b,0.101,0.464,10.136448,0.0974,0.26480000000000004,1092.0,Primary Transit,K2-98,-0.06,1.2,1.57,6172.0
K2-99 b,0.87,1.046,18.24783,0.153,0.22000000000000003,1184.0,Primary Transit,K2-99,0.21,1.63,2.63,6217.0
K2-9 b,,0.201,18.4498,0.091,0.16519999999999999,314.0,Primary Transit,K2-9,-0.25,0.30000000000000004,0.322,3528.0
KELT-10 b,0.679,1.399,4.166285,0.0525,0.06,1377.0,Primary Transit,KELT-10,0.09,1.112,1.209,5948.0
KELT-11 Ab,0.195,1.3,4.736529,0.06229,0.0,1712.0,Primary Transit,KELT-11 A,0.18,1.438,2.72,5370.0
KELT-12 b,0.95,1.79,5.0316144,0.0617,0.0,1530.8,Primary Transit,WASP-86,0.23,1.239,1.291,6330.0
KELT-15 Ab,0.93,1.468,3.32,0.04664,0.28,1225.4,Primary Transit,KELT-15 A,0.047,1.181,1.481,6003.0
KELT-16 Ab,2.75,1.415,0.9689951,0.02044,0.0816,1556.4,Primary Transit,KELT-16 A,-0.002,1.211,1.36,6236.0
KELT-17 b,1.31,1.525,3.0801716,0.04881,0.18239999999999998,2087.0,Primary Transit,KELT-17,-0.018,1.635,1.645,7454.0
KELT-18 Ab,1.176,1.568,2.8716082,0.04573,0.0,2077.0,Primary Transit,KELT-18 A,0.09,1.524,1.908,6670.0
KELT-19 Ab,4.07,1.91,4.6117093,0.06475048691494077,0.22599999999999998,1935.0,Primary Transit,KELT-19 A,-0.12,1.62,1.83,7500.0
KELT-20 Ab,3.518,1.83,3.4741085,0.0542,0.05478000000000001,2230.0,Primary Transit,KELT-20 A,-0.2899999999999999,2.0,1.561,8981.0
KELT-21 Ab,3.88,1.584,3.6127732,0.0536,0.08259999999999999,2025.0,Primary Transit,KELT-21 A,-0.405,1.458,1.638,7598.0
KELT-22 Ab,3.69,1.2,1.38665318,0.0248,0.0,1880.0,Primary Transit,KELT-22 A,0.15999999999999998,1.05,1.11,5700.0
KELT-23 Ab,0.937,1.29,2.25528756,0.03523,0.0914,1513.0,Primary Transit,KELT-23 A,-0.105,0.942,0.996,5899.0
KELT-2 Ab,1.486,1.306,4.1137914,0.05498,0.185,1244.2,Primary Transit,KELT-2 A,-0.015,1.31,1.842,6148.0
KELT-3 Ab,1.47,1.35,2.7033904,0.04117,0.0,1643.0,Primary Transit,KELT-3 A,0.048,1.34,1.61,6518.0
KELT-4 Ab,0.9,1.7,2.989594,0.04321,0.03,1827.0,Radial Velocity,KELT-4 A,-0.116,1.204,1.61,6207.0
KELT-6 b,0.44,1.13,7.8456067,0.0747,0.028999999999999998,1366.0,Primary Transit,KELT-6,-0.27,1.126,1.529,6272.0
KELT-7 b,1.33,1.52,2.734784,0.0446,0.18399999999999997,2025.0,Primary Transit,KELT-7,0.46,1.6400000000000001,1.75,6770.0
KELT-8 b,0.874,1.86,3.24406,0.04571,0.035,1675.0,Primary Transit,KELT-8,0.27,1.211,1.67,5754.0
KELT-9 Ab,2.88,1.936,1.4811235,0.03368,0.0,3921.0,Primary Transit,KELT-9 A,-0.03,2.52,2.362,10170.0
Kepler-1000 b,,0.425,120.0181272,0.5416315993741401,0.0632,1758.6000000000001,Primary Transit,Kepler-1000,0.35,1.4,1.51,6453.0
Kepler-1001 b,,0.281,14.30511983,0.11321533463256268,0.022,772.4,Primary Transit,Kepler-1001,-0.03,0.9,0.88,5491.0
Kepler-1001 c,,0.141,9.18186,0.08424252307131887,0.022,772.4,Primary Transit,Kepler-1001,-0.03,0.9,0.88,5491.0
Kepler-1002 Ab,,0.1561,4.33642933,0.0564,0.0,1453.0,Primary Transit,Kepler-1002 A,0.12,1.275,1.603,6180.0
Kepler-1003 b,,0.159,3.55485691,0.04799019269113875,0.08600000000000001,942.6,Primary Transit,Kepler-1003,0.01,1.11,1.17,6109.0
Kepler-1004 b,,0.56,5.28789787,0.06253547457466063,0.08600000000000001,944.0,Primary Transit,Kepler-1004,-0.039999999999999994,1.11,3.39,4972.0
Kepler-1005 b,,0.134,6.49801525,0.06929212850838887,0.9713999999999999,1110.4,Primary Transit,Kepler-1005,0.019999999999999997,1.0,1.06,5782.0
Kepler-1006 Ab,,0.137,19.76172042,0.14848883315108924,0.1346,1300.0,Primary Transit,Kepler-1006 A,-0.14,1.064,1.175,6327.0
Kepler-1007 Ab,,0.1026,5.18498961,0.048,0.0,652.0,Primary Transit,Kepler-1007 A,0.23,0.73,0.7,4587.0
Kepler-1008 Ab,,0.116,12.43929428,0.0951,0.0,627.0,Primary Transit,Kepler-1008 A,0.045,0.85,0.724,5066.94
Kepler-1009 b,,0.194,11.35011917,0.08429096699542118,0.02239999999999999,855.2,Primary Transit,Kepler-1009,-0.12,0.59,0.57,4027.0
Kepler-100 b,0.023,0.118,6.88705,0.07390267533279947,0.13,1257.1999999999998,Primary Transit,Kepler-100,0.019999999999999997,1.08,1.49,5825.0
Kepler-100 c,0.02218,0.196,12.8159,0.11180745014749863,0.020000000000000004,906.2,Primary Transit,Kepler-100,0.019999999999999997,1.08,1.49,5825.0
Kepler-100 d,0.00944,0.144,35.3331,0.21983280337048355,0.38,1089.2,Primary Transit,Kepler-100,0.019999999999999997,1.08,1.49,5825.0
Kepler-1010 Ab,,0.2177,34.2685741,0.193,0.0,477.0,Primary Transit,Kepler-1010,-0.01,0.86,0.79,5123.0
Kepler-1011 b,,0.256,5.75322197,0.061913397356695966,0.016799999999999995,906.2,Primary Transit,Kepler-1011,0.08,0.91,0.88,5416.0
Kepler-1012 b,,0.115,5.50860439,0.06101439964186755,0.08940000000000001,980.0,Primary Transit,Kepler-1012,0.05,0.95,0.91,5556.0
Kepler-1013 b,,0.192,18.93054959,0.1317550406452207,0.11639999999999999,708.0,Primary Transit,Kepler-1013,0.04000000000000001,0.81,0.76,4954.0
Kepler-1014 b,,0.213,16.57110363,0.12394393046072069,0.0,1240.4,Primary Transit,Kepler-1014,-0.06,0.88,0.84,5388.0
Kepler-1015 b,,0.317,16.00494214,0.1443427293699039,0.2516,1186.2,Primary Transit,Kepler-1015,0.06,1.49,1.81,6769.0
Kepler-1016 b,,0.194,1.95452434,0.031002915619357856,0.0838,1612.6,Primary Transit,Kepler-1016,-0.03,0.99,1.0,5821.0
Kepler-1016 c,,0.328,105.6551369,0.44323654498902243,0.0838,1612.6,Primary Transit,Kepler-1016,-0.03,0.99,1.0,5821.0
Kepler-1017 b,,0.178,7.23400469,0.07265133373574026,0.14359999999999998,1024.6,Primary Transit,Kepler-1017,0.04000000000000001,0.93,0.87,5473.0
Kepler-1018 b,,0.23,49.1013514,0.25856685055158,0.1338,928.4,Primary Transit,Kepler-1018,-0.05,0.91,0.88,5518.0
Kepler-1019 Ab,,0.1526,1.411230023,0.0221,0.0,1164.0,Primary Transit,Kepler-1019 A,-0.16,0.658,0.7445,4205.32
Kepler-101 b,0.16,0.51,3.4876812,0.0474,0.086,1513.0,Primary Transit,Kepler-101,0.33,1.17,1.56,5667.0
Kepler-101 c,0.01,0.112,6.02976,0.0684,0.0,1413.0,Primary Transit,Kepler-101,0.33,1.17,1.56,5667.0
Kepler-1020 b,,0.203,96.9151496,0.4008029867367512,0.0,1246.8000000000002,Primary Transit,Kepler-1020,0.0,0.87,0.8,5227.0
Kepler-1021 b,,0.208,13.47469571,0.10838588579187824,0.0,935.8,Primary Transit,Kepler-1021,-0.05,0.89,0.86,5431.0
Kepler-1022 b,,0.211,10.99469878,0.08777518590048015,0.046000000000000006,898.94,Primary Transit,Kepler-1022,0.06,0.71,0.68,4445.0
Kepler-1023 b,,0.235,62.1387714,0.3047189821359567,0.20800000000000002,1024.6,Primary Transit,Kepler-1023,0.05,0.93,0.89,5494.0
Kepler-1024 b,,0.349,66.4162133,0.30421070891589963,0.036,906.8,Primary Transit,Kepler-1024,-0.1,0.81,0.78,5143.0
Kepler-1025 b,,0.177,37.3229493,0.22871231714636314,0.026000000000000002,1108.0,Primary Transit,Kepler-1025,-0.03,1.09,1.13,6089.0
Kepler-1026 b,,0.197,36.5156053,0.20246880417233348,0.0194,866.0,Primary Transit,Kepler-1026,-0.02,0.79,0.75,4948.0
Kepler-1027 Ab,,0.0812,1.907810683,0.0295,0.0,1268.0,Primary Transit,Kepler-1027 A,0.0,0.92,1.179,5348.0
Kepler-1028 b,,0.119,2.51462432,0.03552709212258026,0.030199999999999998,898.2,Primary Transit,Kepler-1028,-0.09,0.9,0.87,5522.0
Kepler-1029 b,,0.112,4.41769648,0.050145498329663134,0.036,715.0,Primary Transit,Kepler-1029,0.01,0.82,0.77,5030.0
Kepler-102 b,0.01353,0.042,5.28696,0.055,0.16940000000000002,792.0,Primary Transit,Kepler-102,0.18,0.81,0.76,4909.0
Kepler-102 c,0.00944,0.052,7.07142,0.067,0.0194,718.0,Primary Transit,Kepler-102,0.18,0.81,0.76,4909.0
Kepler-102 d,0.012,0.105,10.3117,0.0878776842666659,0.036,761.2,Primary Transit,Kepler-102,0.18,0.81,0.76,4909.0
Kepler-102 e,0.028,0.198,16.1457,0.117,0.0,579.0,Primary Transit,Kepler-102,0.18,0.81,0.76,4909.0
Kepler-102 f,0.01636,0.079,27.4536,0.165,0.0474,457.0,Primary Transit,Kepler-102,0.18,0.81,0.76,4909.0
Kepler-1030 b,,0.221,19.32952416,0.13304774627244456,0.0,805.6,Primary Transit,Kepler-1030,-0.01,0.8,0.76,4983.0
Kepler-1031 Ab,,0.078,1.22621732,0.023461217626843188,0.11399999999999999,803.8,Primary Transit,Kepler-1031 A,-0.09,1.09,1.12,6051.81
Kepler-1032 Ab,,0.167,3.29011795,0.04034607623258506,0.04,894.2,Primary Transit,Kepler-1032 A,0.15999999999999998,0.77,0.71,4647.0
Kepler-1033 b,,0.224,7.56052806,0.07508861989963518,0.0,869.6,Primary Transit,Kepler-1033,0.06,0.94,0.92,5547.0
Kepler-1034 b,,0.202,12.12400943,0.09869313829387065,0.08,911.0,Primary Transit,Kepler-1034,-0.06,0.83,0.8,5198.0
Kepler-1035 Ab,,0.1231,2.714078374,0.0386,0.0,1301.0,Primary Transit,Kepler-1035 A,0.2135,1.03,0.97,5753.5
Kepler-1036 b,,0.269,122.8808058,0.4834972261206211,0.1714,923.6,Primary Transit,Kepler-1036,0.04000000000000001,0.95,0.89,5533.0
Kepler-1037 b,,0.114,1.06378867,0.01940907965821496,0.06079999999999999,682.6,Primary Transit,Kepler-1037,-0.03,0.82,0.78,5105.0
Kepler-1038 b,,0.315,148.4603382,0.5366614304492378,0.0,758.2,Primary Transit,Kepler-1038,-0.039999999999999994,0.89,0.8,5238.0
Kepler-1038 c,,0.12633,7.127659798,0.0692,0.0,784.0,Primary Transit,Kepler-1038,-0.039999999999999994,0.89,0.8,5238.0
Kepler-1039 b,,0.13,0.93488424,0.017587779310761487,0.12040000000000001,864.4,Primary Transit,Kepler-1039,0.01,0.79,0.74,4870.0
Kepler-103 b,0.031,0.301,15.9654,0.133,0.17,866.2,Primary Transit,Kepler-103,0.07,1.09,1.44,5845.0
Kepler-103 c,0.114,0.459,179.612,0.6679,0.1,866.2,Primary Transit,Kepler-103,0.07,1.09,1.44,5845.0
Kepler-1040 Ab,,0.2034,201.118319,0.6559,0.0,300.0,Primary Transit,Kepler-1040 A,0.064,1.01,0.9785,5694.0
Kepler-1041 b,,0.262,24.7576421,0.1723474624038908,0.1286,1222.6,Primary Transit,Kepler-1041,0.01,1.06,1.08,5957.0
Kepler-1042 b,,0.195,10.13202575,0.08465410626707175,0.067,612.8,Primary Transit,Kepler-1042 A,-0.1,0.75,0.72,4815.0
Kepler-1043 b,,0.227,38.5053398,0.22068526366250488,0.0,826.6,Primary Transit,Kepler-1043,-0.11,0.92,0.9,5629.0
Kepler-1044 b,,0.238,6.77408868,0.07309234940671124,0.11576,1198.4,Primary Transit,Kepler-1044,0.04000000000000001,1.08,1.11,5985.0
Kepler-1045 b,,0.24,26.41045478,0.1678211997509648,0.056,742.52,Primary Transit,Kepler-1045,-0.03,0.86,0.82,5301.0
Kepler-1046 Ab,,0.153,14.37508035,0.11919225922479958,0.036,1201.6,Primary Transit,Kepler-1046 A,0.0,1.04,1.04,5913.0
Kepler-1047 b,,0.186,56.1886887,0.2995049016739354,0.0488,1214.0,Primary Transit,Kepler-1047,0.29,1.08,1.13,5754.0
Kepler-1047 c,,0.088,3.18897601,0.044232230277409905,0.0488,1214.0,Primary Transit,Kepler-1047,0.29,1.08,1.13,5754.0
Kepler-1048 Ab,,0.144,6.92101021,0.06565938829823628,0.067,667.8,Primary Transit,Kepler-1048 A,0.01,0.75,0.7,4651.0
Kepler-1049 b,,0.085,3.27346074,0.035050286139677554,0.066,649.7,Primary Transit,Kepler-1049,-0.33,0.51,0.49,3864.0
Kepler-104 Ab,0.031314,0.2123,11.427548,0.09286,0.0,852.0,Primary Transit,Kepler-104 A,-0.38,1.08,1.35,5921.0
Kepler-104 Ac,0.0224785,0.2105,23.668205,0.15088,0.0,668.0,Primary Transit,Kepler-104 A,-0.38,1.08,1.35,5921.0
Kepler-104 Ad,5.54,0.23508,51.755394,0.2542,0.0,515.0,Primary Transit,Kepler-104 A,-0.38,1.08,1.35,5921.0
Kepler-1050 b,,0.143,15.3787546,0.1266445082242986,0.086,1242.2,Primary Transit,Kepler-1050,0.029999999999999995,1.09,1.13,6010.0
Kepler-1050 c,,0.132,21.1284569,0.15651312778443605,0.086,1242.2,Primary Transit,Kepler-1050,0.029999999999999995,1.09,1.13,6010.0
Kepler-1051 b,,0.303,25.96200249,0.1965626002553289,0.289,1511.0,Primary Transit,Kepler-1051,0.04000000000000001,1.43,1.73,6675.0
Kepler-1052 b,,0.214,34.8536903,0.2046,0.0,522.0,Primary Transit,Kepler-1052,0.029999999999999995,1.02,0.965,5720.0
Kepler-1052 c,,0.21126,180.9259949,0.6135,0.0,302.0,Primary Transit,Kepler-1052,0.029999999999999995,1.02,0.965,5720.0
Kepler-1053 b,,0.087,2.41435165,0.03239224198113466,0.095,655.4359999999999,Primary Transit,Kepler-1053,0.1,0.74,0.69,4529.0
Kepler-1054 b,,0.235,4.30655689,0.05628208192264177,0.37260000000000004,836.8,Primary Transit,Kepler-1054,0.09,1.22,1.34,6209.0
Kepler-1055 b,,0.11,2.29503623,0.03438997080165521,0.01659999999999999,788.6,Primary Transit,Kepler-1055,-0.02,0.98,0.94,5723.0
Kepler-1056 b,,0.269,27.495606,0.18825432222088817,0.17200000000000001,919.0,Primary Transit,Kepler-1056,0.019999999999999997,1.12,1.2,6127.0
Kepler-1057 b,,0.3,14.08827448,0.11872163805057258,0.12159999999999999,1236.4,Primary Transit,Kepler-1057,0.01,1.07,1.1,5987.0
Kepler-1058 Ab,,0.1882,110.9643706,0.3679,0.0,239.0,Primary Transit,Kepler-1058 A,-0.06,0.73,0.69,4644.0
Kepler-1059 b,,0.154,3.76419105,0.043748679034404776,0.067,667.8,Primary Transit,Kepler-1059,-0.15,0.75,0.72,4906.0
Kepler-105 b,0.016,0.429,5.4122,0.066,0.47,1418.0,Primary Transit,Kepler-105,-0.19,0.96,0.89,5827.0
Kepler-105 c,0.01447,0.117,7.1262,0.072,0.2974,1130.6,Primary Transit,Kepler-105,-0.19,0.96,0.89,5827.0
Kepler-1060 b,,0.212,46.8779367,0.2578422852685639,0.0838,1612.6,Primary Transit,Kepler-1060,-0.03,0.99,0.99,5797.0
Kepler-1061 b,,0.177,2.75798267,0.04027478888514893,0.026000000000000002,1108.0,Primary Transit,Kepler-1061,-0.03,1.09,1.07,6067.0
Kepler-1062 Ab,,0.157,9.30412078,0.07778514660058043,0.192,582.8,Primary Transit,Kepler-1062 A,0.11,0.69,0.78,4412.0
Kepler-1063 Ab,,0.1856,14.07969236,0.1176,0.0,931.0,Primary Transit,Kepler-1063 A,0.09,1.09,1.14,5945.0
Kepler-1064 Ab,,0.138,16.54080322,0.12236976422055063,0.0692,1080.0,Primary Transit,Kepler-1064 A,0.0,0.85,0.79,5153.0
Kepler-1065 b,,0.333,3.60930891,0.04586577521476332,0.10540000000000001,927.0,Primary Transit,Kepler-1065,-0.01,0.94,0.93,5635.0
Kepler-1065 c,,0.143,2.37030743,0.03465313159163011,0.10540000000000001,927.0,Primary Transit,Kepler-1065,-0.01,0.94,0.93,5635.0
Kepler-1066 b,,0.211,1.93155984,0.030655675340290765,0.006599999999999981,897.0,Primary Transit,Kepler-1066,-0.03,0.98,0.98,5762.0
Kepler-1067 b,,0.071,0.76212926,0.01632138628247191,0.05514,813.4,Primary Transit,Kepler-1067,0.029999999999999995,0.95,0.943,5461.0
Kepler-1067 c,,0.15584,5.425839901,0.0601,0.0,973.0,Primary Transit,Kepler-1067,0.029999999999999995,0.95,0.943,5461.0
Kepler-1068 b,,0.324,16.92344113,0.13160215246347678,0.7001999999999999,864.8,Primary Transit,Kepler-1068,0.029999999999999995,1.01,1.01,5806.0
Kepler-1069 b,,0.143,23.8990296,0.16454903041746177,0.18519999999999998,1612.6,Primary Transit,Kepler-1069,0.04000000000000001,0.99,0.98,5722.0
Kepler-106 b,0.01668,0.073,6.16486,0.06690299556840967,0.9021999999999999,1045.2,Primary Transit,Kepler-106,-0.12,1.0,1.04,5858.0
Kepler-106 c,0.033,0.223,13.5708,0.11321406513754585,0.9021999999999999,1045.2,Primary Transit,Kepler-106,-0.12,1.0,1.04,5858.0
Kepler-106 d,0.02549,0.085,23.9802,0.16547483317161152,0.9021999999999999,1045.2,Primary Transit,Kepler-106,-0.12,1.0,1.04,5858.0
Kepler-106 e,0.035,0.228,43.8445,0.24742305550671212,0.9021999999999999,1045.2,Primary Transit,Kepler-106,-0.12,1.0,1.04,5858.0
Kepler-1070 b,,0.154,6.2216147,0.07172886345285608,0.0722,1276.2,Primary Transit,Kepler-1070,0.029999999999999995,1.21,1.32,6261.0
Kepler-1071 Ab,,0.212,6.1799844,0.06372665958308109,0.034,956.8,Primary Transit,Kepler-1071 A,0.01,0.86,0.81,5215.0
Kepler-1072 b,,0.141,1.5690665,0.02855297730490116,0.0502,1164.2,Primary Transit,Kepler-1072,0.07,1.2,1.32,6199.0
Kepler-1073 b,,0.205,8.67888593,0.0848695331254851,0.07,935.8,Primary Transit,Kepler-1073,0.0,1.03,0.987,5774.0
Kepler-1073 c,,0.146,4.02582254,0.05085639570584577,0.07,935.8,Primary Transit,Kepler-1073,0.0,1.03,0.987,5774.0
Kepler-1073 d,,0.132725,2.50475282,0.0352,0.0,1369.0,Primary Transit,Kepler-1073,0.0,1.03,0.987,5774.0
Kepler-1074 b,,0.112,5.94566534,0.05508256326226478,0.10439999999999999,1176.0,Primary Transit,Kepler-1074,-0.06,0.6000000000000001,0.57,4002.0
Kepler-1075 Ab,,0.127,1.52372816,0.02171856312930552,0.12079999999999999,977.2,Primary Transit,Kepler-1075 A,-0.17,0.56,0.54,3959.0
Kepler-1076 Ab,,0.071,6.14727918,0.061729734137337754,0.0194,898.6,Primary Transit,Kepler-1076 A,-0.01,0.79,0.74,4868.0
Kepler-1077 b,,0.247,34.3511874,0.21166935075221105,0.0,557.8000000000001,Primary Transit,Kepler-1077,0.029999999999999995,1.02,1.02,5816.0
Kepler-1078 b,,0.17,3.00725242,0.04061183607639546,0.10540000000000001,927.0,Primary Transit,Kepler-1078,-0.01,0.94,0.92,5612.0
Kepler-1079 Ab,,0.1579,13.24503482,0.1092,0.0,887.0,Primary Transit,Kepler-1079 A,0.21,1.08,1.36,5758.0
Kepler-107 b,0.01104,0.137,3.1800218,0.04544,0.0,1593.0,Primary Transit,Kepler-107,0.321,1.24,1.45,5854.0
Kepler-107 c,0.02954,0.142,4.901452,0.06064,0.0,1379.0,Primary Transit,Kepler-107,0.321,1.24,1.45,5854.0
Kepler-107 d,0.01196,0.077,7.95839,0.08377,0.0,1173.0,Primary Transit,Kepler-107,0.321,1.24,1.45,5854.0
Kepler-107 e,0.02706,0.259,14.749143,0.12639,0.0,955.0,Primary Transit,Kepler-107,0.321,1.24,1.45,5854.0
Kepler-1080 b,,0.293,77.2548396,0.3726016523357434,0.29999999999999993,905.2,Primary Transit,Kepler-1080,0.09,1.1,1.16,5956.0
Kepler-1081 b,,0.09,3.85691855,0.046897672239157036,0.006000000000000005,1084.0,Primary Transit,Kepler-1081,0.01,0.88,0.84,5345.0
Kepler-1082 b,,0.1,1.5432066,0.02683645877227876,0.04,908.1999999999999,Primary Transit,Kepler-1082,-0.06,1.03,1.14,5923.0
Kepler-1083 b,,0.3,33.4177993,0.19244663508561016,0.036,941.0,Primary Transit,Kepler-1083,-0.02,0.81,0.77,5049.0
Kepler-1084 Ab,,0.099,2.05333679,0.033384346904459274,0.08600000000000001,985.4,Primary Transit,Kepler-1084 A,-0.02,1.12,1.28,6113.0
Kepler-1085 b,,0.644,219.3217528,0.749305435430014,0.08600000000000001,1029.6,Primary Transit,Kepler-1085,0.08,1.11,1.14,6000.0
Kepler-1085 c,,0.292,56.7771,0.3043592802926344,0.08600000000000001,1029.6,Primary Transit,Kepler-1085,0.08,1.11,1.14,6000.0
Kepler-1086 Bb,,0.1909,18.78429232,0.1198,0.0,433.0,Primary Transit,Kepler-1086 B,0.3096,0.7,0.615,4484.48
Kepler-1086 Bc,,0.2569,161.515617,0.503,0.0,211.0,Primary Transit,Kepler-1086 B,0.3096,0.7,0.615,4484.48
Kepler-1087 Ab,,0.074,0.693842661,0.0148,0.0,2161.0,Primary Transit,Kepler-1087 A,0.377,0.9,1.073,5267.04
Kepler-1088 b,,0.127,23.12748644,0.16572586449184606,0.10776,1070.6,Primary Transit,Kepler-1088,0.05,1.08,1.08,5975.0
Kepler-1089 b,,0.163,5.13248562,0.04761199288619825,0.0286,647.6,Primary Transit,Kepler-1089,-0.09,0.52,0.49,3753.0
Kepler-108 Bb,,0.732,49.183921,0.2829,0.22000000000000003,669.0,Primary Transit,Kepler-108 B,0.36,1.247,2.057,5626.0
Kepler-108 Bc,,0.6941,190.323494,0.6972,0.04,426.0,Primary Transit,Kepler-108 B,0.36,1.247,2.057,5626.0
Kepler-1090 Ab,,0.201,198.680179,0.6517231009759599,0.0,758.2,Primary Transit,Kepler-1090 A,-0.039999999999999994,0.89,1.035,5217.0
Kepler-1090 Ac,,0.29369,42.42720032,0.2274,0.0,496.0,Primary Transit,Kepler-1090 A,-0.039999999999999994,0.89,1.035,5217.0
Kepler-1091 b,,0.13,1.43474156,0.025397228616847706,0.002699999999999994,1042.8,Primary Transit,Kepler-1091,0.0,1.01,1.03,5851.0
Kepler-1092 b,,0.185,58.6017925,0.2992143489119945,0.0838,1612.6,Primary Transit,Kepler-1092,-0.09,0.99,1.0,5862.0
Kepler-1093 b,,0.174,25.0824626,0.17759729554584133,0.013999999999999985,827.6,Primary Transit,Kepler-1093,-0.01,1.13,1.2,6166.0
Kepler-1093 c,,0.175,89.722292,0.41539041587955916,0.013999999999999985,827.6,Primary Transit,Kepler-1093,-0.01,1.13,1.2,6166.0
Kepler-1094 b,,0.284,78.1000231,0.3798094883192158,0.132,1073.4,Primary Transit,Kepler-1094,0.06,1.14,1.21,6112.0
Kepler-1095 b,,0.108,4.27103091,0.05131305189375644,0.10339999999999999,735.4,Primary Transit,Kepler-1095,-0.09,0.94,0.92,5658.0
Kepler-1096 b,,0.111,2.89221751,0.03516943277286553,0.072,676.6000000000001,Primary Transit,Kepler-1096,-0.1,0.66,0.63,4306.0
Kepler-1097 b,,0.291,187.747029,0.6106842944104968,0.0398,809.6,Primary Transit,Kepler-1097,-0.11,0.82,0.79,5211.0
Kepler-1098 b,,0.116,2.54307286,0.036949992242993564,0.0772,1475.0,Primary Transit,Kepler-1098,-0.02,0.99,0.99,5794.0
Kepler-1099 b,,0.252,2.16845259,0.03344802636262803,0.7504,1141.8,Primary Transit,Kepler-1099,-0.02,1.01,1.0,5837.0
Kepler-109 Ab,0.02297,0.211,6.48163,0.07127852148227307,0.21000000000000002,1049.0,Primary Transit,Kepler-109 A,-0.02,1.094,1.387,5950.0
Kepler-109 Ac,0.06859,0.225,21.2227,0.15716998630566145,0.03,1260.6,Primary Transit,Kepler-109 A,-0.02,1.094,1.387,5950.0
Kepler-10 b,0.01019,0.1311,0.837491,0.01685,0.06,2188.0,Primary Transit,Kepler-10,-0.15,0.91,1.06,5708.0
Kepler-10 c,0.03552,0.2101,45.2943,0.241,0.136,579.0,Primary Transit,Kepler-10,-0.15,0.91,1.06,5708.0
Kepler-1100 b,,0.156,6.42200058,0.07326087505443787,0.1502,1131.6,Primary Transit,Kepler-1100,0.05,1.21,1.34,6247.0
Kepler-1101 b,,0.22,81.3151059,0.36586443154484005,0.06939999999999999,851.2,Primary Transit,Kepler-1101,-0.039999999999999994,0.94,0.91,5614.0
Kepler-1102 b,,0.237,51.3285623,0.27111896358258414,0.05659999999999999,837.0,Primary Transit,Kepler-1102,-0.08,0.96,0.94,5724.0
Kepler-1103 b,,0.203,19.79191978,0.15075198022788655,0.08600000000000001,996.0,Primary Transit,Kepler-1103,-0.01,1.11,1.15,6092.0
Kepler-1104 b,,0.11,5.03728015,0.06381781618033652,0.2244,1739.8,Primary Transit,Kepler-1104,0.13,1.3,1.41,6417.0
Kepler-1105 b,,0.179,4.42157218,0.04782269135500745,0.21400000000000002,762.5400000000001,Primary Transit,Kepler-1105,0.28,0.71,0.68,4299.0
Kepler-1106 b,,0.147,1.25275217,0.02394314450849041,0.06,1131.0,Primary Transit,Kepler-1106,0.0,1.11,1.17,6104.0
Kepler-1107 b,,0.12,0.57103852,0.013024863234378826,0.034,956.8,Primary Transit,Kepler-1107,0.01,0.86,0.82,5268.0
Kepler-1108 b,,0.13,4.51005748,0.05205299146845824,0.0862,936.4,Primary Transit,Kepler-1108,-0.09,0.88,0.84,5406.0
Kepler-1109 b,,0.195,37.6467384,0.22718418132900225,0.2258,1373.0,Primary Transit,Kepler-1109,0.04000000000000001,1.05,1.06,5893.0
Kepler-110 b,,0.163,12.691112,0.107,0.047200000000000006,701.4000000000001,Primary Transit,Kepler-110,-0.151,0.7548,1.15,5960.0
Kepler-110 c,,0.197,31.719775,0.198,0.047200000000000006,701.4000000000001,Primary Transit,Kepler-110,-0.151,0.7548,1.15,5960.0
Kepler-1110 b,,0.237,9.69312032,0.08145419209032638,0.1006,648.1759999999999,Primary Transit,Kepler-1110,-0.16,0.73,0.7,4781.0
Kepler-1111 b,,0.178,8.79617863,0.08753001574121483,0.3,923.6,Primary Transit,Kepler-1111,0.019999999999999997,1.1,1.15,6077.0
Kepler-1112 b,,0.269,14.36267939,0.12962496779332916,0.32402,1263.0,Primary Transit,Kepler-1112,0.04000000000000001,1.34,1.54,6496.0
Kepler-1113 b,,0.251,42.3004954,0.25088020427801244,0.1502,1102.4,Primary Transit,Kepler-1113,0.18,1.12,1.17,5931.0
Kepler-1114 b,,0.12,14.97435694,0.1154078338452234,0.078,1178.2,Primary Transit,Kepler-1114,-0.08,0.87,0.83,5374.0
Kepler-1115 b,,0.152,23.5540725,0.19124088752451596,0.16999999999999998,1679.2,Primary Transit,Kepler-1115,-0.51,1.6,1.73,8480.0
Kepler-1116 b,,0.227,41.6977827,0.23522307744908735,0.1014,923.6,Primary Transit,Kepler-1116,0.01,0.95,0.93,5641.0
Kepler-1117 Ab,,0.099,4.79028459,0.05558771601197857,0.05514,813.4,Primary Transit,Kepler-1117 A,0.029999999999999995,0.95,0.93,5612.0
Kepler-1118 b,,0.244,38.6715075,0.2244818487750066,0.04019999999999999,1170.0,Primary Transit,Kepler-1118,0.0,0.96,0.97,5688.0
Kepler-1119 b,,0.171,8.3265153,0.08464083397380708,0.08600000000000001,1072.0,Primary Transit,Kepler-1119,0.029999999999999995,1.11,1.17,6083.0
Kepler-111 b,,0.141,3.341815,0.046,0.21799999999999997,950.4,Primary Transit,Kepler-111,0.005,0.7724,1.16,5952.0
Kepler-111 c,,0.651,224.784608,0.761,0.21799999999999997,950.4,Primary Transit,Kepler-111,0.005,0.7724,1.16,5952.0
Kepler-1120 b,,0.123,2.94902905,0.037668730674649716,0.08439999999999999,889.2,Primary Transit,Kepler-1120,-0.039999999999999994,0.78,0.74,4904.0
Kepler-1121 b,,0.17,13.15141081,0.12069099955333108,0.22199999999999998,1700.6,Primary Transit,Kepler-1121,0.12,1.29,1.59,6231.0
Kepler-1122 b,,0.182,42.1917357,0.2345547802761798,0.0010599999999999915,841.0,Primary Transit,Kepler-1122,-0.03,0.92,0.89,5544.0
Kepler-1123 b,,0.149,4.33946454,0.05167516001159697,0.20800000000000002,1024.6,Primary Transit,Kepler-1123,0.05,0.93,0.9,5500.0
Kepler-1124 b,,0.114,2.85234897,0.028204681824336383,0.060399999999999995,1157.4,Primary Transit,Kepler-1124,-0.5899999999999999,0.35,0.34,3658.0
Kepler-1125 b,,0.164,17.6700642,0.13270787795085126,0.10139999999999999,923.6,Primary Transit,Kepler-1125,-0.09,0.95,0.94,5683.0
Kepler-1126 b,,0.154,108.593329,0.4405157680424314,0.1042,791.5559999999999,Primary Transit,Kepler-1126,-0.26,0.92,0.93,5798.0
Kepler-1126 c,,0.15006,199.6679993,0.6193,0.0,305.0,Primary Transit,Kepler-1126,-0.26,0.92,0.93,5798.0
Kepler-1127 b,,0.175,5.12330347,0.058540179570958355,0.23399999999999999,1045.6,Primary Transit,Kepler-1127,0.04000000000000001,0.97,0.95,5664.0
Kepler-1128 b,,0.326,61.6178167,0.30409567245852137,0.1714,782.0,Primary Transit,Kepler-1128,0.04000000000000001,0.94,0.91,5543.0
Kepler-1129 b,,0.264,24.3397804,0.16712491076531946,0.9021999999999999,1060.2,Primary Transit,Kepler-1129,-0.039999999999999994,1.0,1.0,5831.0
Kepler-1129 c,,0.244,76.5369586,0.3587106064866468,0.9021999999999999,1060.2,Primary Transit,Kepler-1129,-0.039999999999999994,1.0,1.0,5831.0
Kepler-112 b,,0.211,8.408878,0.076,0.08199999999999999,792.0,Primary Transit,Kepler-112,-0.588,0.5778,0.84,5544.0
Kepler-112 c,,0.214,28.574263,0.172,0.08199999999999999,792.0,Primary Transit,Kepler-112,-0.588,0.5778,0.84,5544.0
Kepler-1130 Ab,,0.07565,5.45298175,0.0596,0.0,904.0,Primary Transit,Kepler-1130 A,0.08,0.919,0.8707,5327.0
Kepler-1130 Ac,,0.05745,3.266612036,0.04235,0.0,1072.0,Primary Transit,Kepler-1130 A,0.08,0.919,0.8707,5327.0
Kepler-1130 Ad,,0.05701,4.27225316,0.05065,0.0,981.0,Primary Transit,Kepler-1130 A,0.08,0.919,0.8707,5327.0
Kepler-1131 b,,0.142,3.53232449,0.04661040620533664,0.04,974.4,Primary Transit,Kepler-1131,0.05,1.03,1.04,5851.0
Kepler-1132 b,,0.21,62.8916228,0.3004219791485673,0.0,877.6,Primary Transit,Kepler-1132,-0.01,0.87,0.83,5298.0
Kepler-1133 b,,0.176,11.55562343,0.09927806900069296,0.11246,779.4,Primary Transit,Kepler-1133,-0.02,0.93,0.9,5569.0
Kepler-1134 b,,0.236,17.13263989,0.12477838809585237,0.003799999999999998,1180.2,Primary Transit,Kepler-1134,-0.1,0.84,0.81,5281.0
Kepler-1135 b,,0.165,76.957857,0.35515871236257696,0.12140000000000001,969.6,Primary Transit,Kepler-1135,0.019999999999999997,0.96,0.94,5656.0
Kepler-1136 b,,0.146,2.36172433,0.03162960142185444,0.1074,897.14,Primary Transit,Kepler-1136,0.029999999999999995,0.72,0.68,4512.0
Kepler-1137 b,,0.196,23.9210791,0.18910993663262654,0.2516,1209.0,Primary Transit,Kepler-1137,0.05,1.5,1.84,6807.0
Kepler-1138 b,,0.152,3.17060005,0.042218123679715586,0.1714,923.6,Primary Transit,Kepler-1138,0.04000000000000001,0.95,0.92,5582.0
Kepler-1139 b,,0.106,0.81316672,0.016982140643903274,0.19,1041.8,Primary Transit,Kepler-1139,0.05,0.94,0.91,5550.0
Kepler-113 b,0.037,0.162,4.754,0.05111597205600722,0.14100000000000001,766.6,Primary Transit,Kepler-113,0.05,0.75,0.69,4725.0
Kepler-113 c,0.02737,0.194,8.92507,0.0777902068754487,0.14100000000000001,766.6,Primary Transit,Kepler-113,0.05,0.75,0.69,4725.0
Kepler-1140 b,,0.247,24.0862707,0.151454084711934,0.081,740.6,Primary Transit,Kepler-1140,-0.08,0.76,0.73,4850.0
Kepler-1141 b,,0.073,2.34451194,0.03523482956762022,0.124,1099.6,Primary Transit,Kepler-1141,0.04000000000000001,1.01,1.07,5791.0
Kepler-1142 b,,0.131,18.3027248,0.13680369550160415,0.0674,1034.0,Primary Transit,Kepler-1142,0.019999999999999997,0.97,0.96,5685.0
Kepler-1143 Ab,,0.1499,2.888904439,0.0371,0.0,976.0,Primary Transit,Kepler-1143 A,-0.06,0.78,0.696,4832.0
Kepler-1143 Ac,,0.2882,210.631486,0.6477,0.0,234.0,Primary Transit,Kepler-1143 A,-0.06,0.78,0.696,4832.0
Kepler-1144 b,,0.178,17.14647302,0.13142822528135176,0.006599999999999981,897.0,Primary Transit,Kepler-1144,-0.03,0.98,0.96,5753.0
Kepler-1145 b,,0.125,3.97076766,0.046127023635301495,0.04584,805.6,Primary Transit,Kepler-1145,-0.13,0.79,0.75,5064.0
Kepler-1146 b,,0.11,2.3522658,0.03183451619975713,0.0766,695.976,Primary Transit,Kepler-1146,-0.06,0.74,0.7,4692.0
Kepler-1147 b,,0.233,10.62784997,0.09899255357412323,0.21400000000000002,771.4,Primary Transit,Kepler-1147,0.11,1.09,1.14,5941.0
Kepler-1148 b,,0.151,1.10446351,0.019819499004808394,0.036,941.0,Primary Transit,Kepler-1148,-0.02,0.81,0.77,5054.0
Kepler-1149 Ab,,0.128,3.73089898,0.04770722360347729,0.0838,1612.6,Primary Transit,Kepler-1149 A,0.0789,0.99,1.283,5604.94
Kepler-114 b,0.022,0.112,5.188549,0.053,0.08470000000000001,722.0,Primary Transit,Kepler-114,-0.003,0.71,0.67,4605.0
Kepler-114 c,0.009,0.143,8.041,0.07,0.054700000000000006,623.0,Primary Transit,Kepler-114,-0.003,0.71,0.67,4605.0
Kepler-114 d,0.012,0.226,11.776,0.09,0.08470000000000001,549.0,Primary Transit,Kepler-114,-0.003,0.71,0.67,4605.0
Kepler-1150 Bb,,0.2079,2.787874175,0.0382,0.0,1432.0,Primary Transit,Kepler-1150 B,0.01,0.729,0.73,4604.0
Kepler-1151 b,,0.198,65.6478424,0.31031631785830915,0.02439999999999999,1118.0,Primary Transit,Kepler-1151,-0.11,0.88,0.85,5470.0
Kepler-1152 b,,0.078,1.64680191,0.022735886323595658,0.026799999999999997,722.8,Primary Transit,Kepler-1152,-0.25,0.55,0.53,3964.0
Kepler-1153 b,,0.154,1.75583533,0.028065087745411554,0.09999999999999998,1193.6,Primary Transit,Kepler-1153,0.029999999999999995,0.91,0.88,5470.0
Kepler-1154 b,,0.209,5.1856142,0.06439029305246309,0.10799999999999998,1061.3999999999999,Primary Transit,Kepler-1154,0.04000000000000001,1.26,1.43,6327.0
Kepler-1154 c,,0.211,8.45808312,0.08922123536093897,0.10799999999999998,1061.3999999999999,Primary Transit,Kepler-1154,0.04000000000000001,1.26,1.43,6327.0
Kepler-1155 b,,0.181,33.469743,0.20871039401442307,0.178,741.8,Primary Transit,Kepler-1155,0.04000000000000001,1.03,1.03,5842.0
Kepler-1156 b,,0.118,11.89520511,0.1036918703094052,0.9713999999999999,1110.4,Primary Transit,Kepler-1156,0.019999999999999997,1.0,1.0,5778.0
Kepler-1157 Ab,,0.0705,4.45743267,0.0448,0.0,732.0,Primary Transit,Kepler-1157 A,0.05,0.714,0.745,4533.0
Kepler-1158 b,,0.209,13.5396293,0.12675768672055543,0.2294,1711.0,Primary Transit,Kepler-1158,0.18,1.41,1.95,6203.0
Kepler-1159 b,,0.211,22.70816791,0.1690961824625486,0.288,1278.2,Primary Transit,Kepler-1159,0.04000000000000001,1.19,1.28,6217.0
Kepler-115 b,,0.097,2.403679,0.036,0.3404,1218.4,Primary Transit,Kepler-115,-0.081,1.0,1.21,5979.0
Kepler-115 c,,0.232,8.990889,0.087,0.3404,1218.4,Primary Transit,Kepler-115,-0.081,1.0,1.21,5979.0
Kepler-1160 b,,0.191,7.97034958,0.07722257404235136,0.0362,938.2,Primary Transit,Kepler-1160,0.01,0.92,0.89,5519.0
Kepler-1161 b,,0.19,10.71252541,0.08110394858930381,0.031959999999999995,1046.2,Primary Transit,Kepler-1161,-0.35,0.59,0.57,4253.0
Kepler-1162 b,,0.183,32.5635249,0.19,0.0,490.0,Primary Transit,Kepler-1162,-0.03,0.9,0.826,5276.0
Kepler-1162 c,,0.16755,59.284064,0.2832,0.0,401.0,Primary Transit,Kepler-1162,-0.03,0.9,0.826,5276.0
Kepler-1163 b,,0.092,6.11786898,0.07112410419088104,0.23859999999999998,806.0,Primary Transit,Kepler-1163,0.019999999999999997,1.22,1.35,6302.0
Kepler-1164 b,,0.1,3.97599768,0.047307915030218625,0.022,889.6,Primary Transit,Kepler-1164,-0.03,0.85,0.79,5183.0
Kepler-1165 b,,0.138,9.478522,0.09227799702486573,0.06,955.0,Primary Transit,Kepler-1165,0.05,1.11,1.735,6019.0
Kepler-1165 c,,0.2998,29.96870041,0.1969,0.0,644.0,Primary Transit,Kepler-1165,0.05,1.11,1.735,6019.0
Kepler-1166 b,,0.151,33.2406882,0.19862058600834,0.022,821.4,Primary Transit,Kepler-1166,-0.02,0.9,0.86,5446.0
Kepler-1167 b,,0.153,1.00393374,0.018443463554088043,0.0844,973.2,Primary Transit,Kepler-1167,-0.05,0.79,0.75,4971.0
Kepler-1168 b,,0.223,55.8226539,0.2774662440511484,0.0,1255.0,Primary Transit,Kepler-1168,0.13,0.87,0.82,5157.0
Kepler-1169 b,,0.084,6.11009134,0.07145003536634266,0.17,1555.0,Primary Transit,Kepler-1169,0.26,1.24,1.23,6191.0
Kepler-116 b,,0.305,5.968734,0.069,0.016399999999999998,834.4,Primary Transit,Kepler-116,-0.064,1.16,1.45,6142.0
Kepler-116 c,,0.205,13.07163,0.116,0.016399999999999998,834.4,Primary Transit,Kepler-116,-0.064,1.16,1.45,6142.0
Kepler-1170 b,,0.215,9.98969327,0.08568303658210484,0.0484,808.6,Primary Transit,Kepler-1170,-0.09,0.8,0.76,5069.0
Kepler-1171 b,,0.228,1.44259224,0.029589991570561518,0.18239999999999998,1846.2,Primary Transit,Kepler-1171,-0.01,1.58,1.95,7044.0
Kepler-1172 b,,0.285,26.0204423,0.1699426854652511,0.11286000000000002,901.6,Primary Transit,Kepler-1172,-0.039999999999999994,0.92,0.89,5558.0
Kepler-1173 b,,0.079,0.7698536,0.01589528545978097,0.0584,945.8,Primary Transit,Kepler-1173,0.0,0.86,0.82,5252.0
Kepler-1174 b,,0.142,6.89225223,0.07301554078656323,0.14079999999999998,894.2,Primary Transit,Kepler-1174,-0.039999999999999994,1.04,1.04,5936.0
Kepler-1175 b,,0.267,37.94563,0.21694622602716793,0.022,838.6,Primary Transit,Kepler-1175,-0.039999999999999994,0.9,0.86,5453.0
Kepler-1176 b,,0.219,24.1738579,0.1669172364881928,0.8804999999999998,1098.2,Primary Transit,Kepler-1176,-0.01,1.01,1.02,5844.0
Kepler-1177 b,,0.17,106.247547,0.4433887992477874,0.06999999999999999,917.2,Primary Transit,Kepler-1177,0.019999999999999997,0.98,0.97,5712.0
Kepler-1178 Ab,,0.0562,31.8055128,0.1596,0.0,378.0,Primary Transit,Kepler-1178 A,-0.192,0.85,0.936,5084.79
Kepler-1179 b,,0.118,2.68505749,0.03627094793253587,0.0,851.2,Primary Transit,Kepler-1179,-0.03,0.84,0.81,5212.0
Kepler-117 b,0.094,0.719,18.7959228,0.1445,0.0493,984.0,Primary Transit,Kepler-117,-0.039999999999999994,1.13,1.61,6150.0
Kepler-117 c,1.84,1.101,50.790391,0.2804,0.0323,704.0,Primary Transit,Kepler-117,-0.039999999999999994,1.13,1.61,6150.0
Kepler-1180 b,,0.1526,16.8600805,0.1246,0.0,765.0,Primary Transit,Kepler-1180,0.0,1.17,1.418,6163.0
Kepler-1181 b,,0.143,4.89336495,0.0621,0.0,1374.0,Primary Transit,Kepler-1181,-0.21900000000000003,1.33,1.36,6495.28
Kepler-1181 c,,0.15559,8.93484887,0.0928,0.0,1124.0,Primary Transit,Kepler-1181,-0.21900000000000003,1.33,1.36,6495.28
Kepler-1182 b,,0.215,11.17394617,0.10076558896507383,0.04079999999999999,1082.2,Primary Transit,Kepler-1182,0.01,1.04,1.05,5924.0
Kepler-1183 b,,0.252,28.5057189,0.1856883897372127,0.3404,1222.8,Primary Transit,Kepler-1183,0.04000000000000001,1.0,0.99,5765.0
Kepler-1184 b,,0.239,53.5991044,0.2875178902634429,0.1334,1096.2,Primary Transit,Kepler-1184,-0.039999999999999994,1.05,1.07,5983.0
Kepler-1185 b,,0.119,104.3518976,0.4350983098870968,0.0326,812.96,Primary Transit,Kepler-1185,-0.039999999999999994,0.96,0.87,5622.0
Kepler-1186 b,,0.199,16.07677615,0.1246055145552627,0.0634,924.8,Primary Transit,Kepler-1186,0.0,0.95,0.93,5635.0
Kepler-1187 b,,0.233,18.87064068,0.1438102374031092,0.3316,1122.6,Primary Transit,Kepler-1187,-0.01,1.06,1.09,5975.0
Kepler-1188 b,,0.186,17.1369543,0.1340078656262785,0.036,1201.6,Primary Transit,Kepler-1188,0.0,1.04,1.06,5913.0
Kepler-1189 b,,0.158,3.78858982,0.0500713694579196,0.08600000000000001,1029.6,Primary Transit,Kepler-1189,0.08,1.11,1.16,6012.0
Kepler-118 b,,0.175,7.518496,0.073,0.034,932.2,Primary Transit,Kepler-118,0.18,0.86,1.09,5274.0
Kepler-118 c,,0.685,20.17202,0.141,0.034,932.2,Primary Transit,Kepler-118,0.18,0.86,1.09,5274.0
Kepler-1190 Ab,,0.119,10.45843441,0.08493716013019241,0.08,1000.74,Primary Transit,Kepler-1190 A,-0.264,0.711,0.7205,4521.62
Kepler-1191 b,,0.135,5.60014851,0.059443278743744075,0.03400000000000001,938.8,Primary Transit,Kepler-1191,-0.08,0.85,0.81,5308.0
Kepler-1192 b,,0.211,25.2034787,0.16266841207705784,0.104,748.4,Primary Transit,Kepler-1192,-0.16,0.86,0.83,5438.0
Kepler-1193 b,,0.118,2.83265213,0.04087271610091457,0.0,799.2,Primary Transit,Kepler-1193,0.12,1.08,1.21,5908.0
Kepler-1194 Ab,,0.135,16.22371307,0.12492217596993027,0.0456,1184.2,Primary Transit,Kepler-1194 A,0.0,0.94,0.92,5590.0
Kepler-1195 b,,0.186,8.49642241,0.07494305423718457,0.05500000000000001,631.176,Primary Transit,Kepler-1195,-0.25,0.74,0.71,4965.0
Kepler-1196 b,,0.199,66.1849031,0.3234035142136673,0.0626,1046.6,Primary Transit,Kepler-1196,0.0,0.98,0.97,5756.0
Kepler-1197 Ab,,0.0999,2.032318856,0.0283,0.0,1011.0,Primary Transit,Kepler-1197 A,0.06,0.718,0.746,4552.0
Kepler-1198 b,,0.131,7.6847716,0.07563887201945875,0.1436,956.1999999999999,Primary Transit,Kepler-1198,0.029999999999999995,0.93,0.9,5517.0
Kepler-1199 Ab,,0.103,15.0447198,0.11879425500413435,0.1014,873.6,Primary Transit,Kepler-1199 A,-0.27,0.94,1.17,5889.0
Kepler-119 b,,0.321,2.422082,0.035,0.074,1080.6,Primary Transit,Kepler-119,-0.083,1.0784,0.84,5595.0
Kepler-119 c,,0.082,4.125103,0.049,0.074,1080.6,Primary Transit,Kepler-119,-0.083,1.0784,0.84,5595.0
Kepler-11 b,0.006,0.161,10.3039,0.091,0.045,1414.8,Primary Transit,Kepler-11,0.0,0.96,1.06,5663.0
Kepler-11 c,0.009,0.256,13.0241,0.107,0.025999999999999995,1183.6,Primary Transit,Kepler-11,0.0,0.96,1.06,5663.0
Kepler-11 d,0.023,0.278,22.6845,0.155,0.0040000000000000036,1436.8,Primary Transit,Kepler-11,0.0,0.96,1.06,5663.0
Kepler-11 e,0.025,0.374,31.9996,0.195,0.011999999999999997,1081.8,Primary Transit,Kepler-11,0.0,0.96,1.06,5663.0
Kepler-11 f,0.006,0.222,46.6888,0.25,0.012999999999999998,1007.6,Primary Transit,Kepler-11,0.0,0.96,1.06,5663.0
Kepler-11 g,0.079,0.297,118.3807,0.466,0.15,1155.2,Primary Transit,Kepler-11,0.0,0.96,1.06,5663.0
Kepler-1200 b,,0.095,1.11854972,0.019394452325414892,0.1634,573.376,Primary Transit,Kepler-1200,0.04000000000000001,0.74,0.7,4612.0
Kepler-1201 b,,0.204,15.18725932,0.12785438781949296,0.10964,1244.0,Primary Transit,Kepler-1201,0.029999999999999995,1.15,1.24,6177.0
Kepler-1202 Ab,,0.262,28.6851324,0.18831304188522663,0.07,971.0,Primary Transit,Kepler-1202 A,0.06,1.03,1.04,5834.0
Kepler-1203 b,,0.095,0.58800076,0.012035810304964237,0.2324,698.4,Primary Transit,Kepler-1203,0.01,0.64,0.61,4105.0
Kepler-1204 b,,0.272,85.7350285,0.3907341385053741,0.07,971.0,Primary Transit,Kepler-1204,0.06,1.03,1.03,5825.0
Kepler-1205 b,,0.126,1.07839035,0.019744243963994625,0.0,788.6,Primary Transit,Kepler-1205,-0.039999999999999994,0.84,0.81,5226.0
Kepler-1206 b,,0.146,1.21699766,0.02105651896326121,0.0,732.8,Primary Transit,Kepler-1206,0.07,0.8,0.75,4877.0
Kepler-1207 b,,0.145,13.68237119,0.11606633879657387,0.21559999999999996,968.6,Primary Transit,Kepler-1207,0.05,1.06,1.06,5909.0
Kepler-1208 b,,0.207,11.08507637,0.09183732106083571,0.009399999999999992,805.6,Primary Transit,Kepler-1208,-0.03,0.8,0.76,5001.0
Kepler-1209 b,,0.135,25.369116,0.18407805265150093,0.08900000000000001,1292.2,Primary Transit,Kepler-1209,0.12,1.23,1.38,6210.0
Kepler-120 b,,0.192,6.312501,0.055,0.026000000000000002,862.8,Primary Transit,Kepler-120,-0.449,0.716,0.53,4096.0
Kepler-120 c,,0.136,12.794585,0.088,0.026000000000000002,862.8,Primary Transit,Kepler-120,-0.449,0.716,0.53,4096.0
Kepler-1210 b,,0.152,8.07124073,0.07843313415843109,0.1714,782.0,Primary Transit,Kepler-1210,0.04000000000000001,0.94,0.92,5568.0
Kepler-1211 b,,0.227,11.01816836,0.09719861988738279,0.05659999999999999,837.0,Primary Transit,Kepler-1211,-0.08,0.96,0.94,5705.0
Kepler-1212 b,,0.191,12.94130146,0.11322603059006267,0.3,818.8,Primary Transit,Kepler-1212,0.029999999999999995,1.1,1.15,6051.0
Kepler-1213 b,,0.106,5.34982412,0.06358549229756269,0.1258,1094.2,Primary Transit,Kepler-1213,0.13,1.14,1.21,6050.0
Kepler-1214 Ab,,0.211,18.82634264,0.1333972978093596,0.09999999999999998,953.4,Primary Transit,Kepler-1214 A,0.05,0.85,0.8,5130.0
Kepler-1215 b,,0.109,4.76703963,0.05540774319556941,0.1014,923.6,Primary Transit,Kepler-1215,0.01,0.95,0.93,5616.0
Kepler-1216 b,,0.124,4.37034536,0.053013399541248146,0.0838,1612.6,Primary Transit,Kepler-1216,0.029999999999999995,0.99,0.98,5743.0
Kepler-1217 b,,0.178,2.03232507,0.032553235202965436,0.026599999999999985,798.2,Primary Transit,Kepler-1217,0.07,1.06,1.08,5905.0
Kepler-1218 b,,0.128,22.9221266,0.16372009109967822,0.149,1299.0,Primary Transit,Kepler-1218,-0.02,1.06,1.1,5986.0
Kepler-1219 b,,0.189,16.10467749,0.1366998727849716,0.20479999999999998,1061.3999999999999,Primary Transit,Kepler-1219,0.05,1.25,1.94,5944.0
Kepler-121 b,,0.209,3.177422,0.039,0.052,670.4,Primary Transit,Kepler-121,-0.38,0.8404,0.7,5311.0
Kepler-121 c,,0.203,41.008011,0.216,0.052,670.4,Primary Transit,Kepler-121,-0.38,0.8404,0.7,5311.0
Kepler-1220 Ab,,0.136,7.42693741,0.07574778316314491,0.9021999999999999,1060.2,Primary Transit,Kepler-1220 A,-0.039999999999999994,1.0,0.99,5842.0
Kepler-1221 Ab,,0.168,12.00096042,0.09957427915976041,0.052000000000000005,1304.6,Primary Transit,Kepler-1221 A,0.09,0.87,0.82,5194.0
Kepler-1222 b,,0.07,1.91694425,0.028973180257565866,0.0,788.6,Primary Transit,Kepler-1222,-0.039999999999999994,0.84,0.8,5239.0
Kepler-1223 b,,0.109,16.301259,0.11876109105183522,0.20800000000000002,805.6,Primary Transit,Kepler-1223,0.04000000000000001,0.8,0.75,4870.0
Kepler-1224 Ab,,0.1178,13.32354078,0.1165,0.0,872.0,Primary Transit,Kepler-1224 A,0.14,1.21,1.193,6254.0
Kepler-1225 b,,0.162,7.01075434,0.07592172472899329,0.013999999999999985,844.0,Primary Transit,Kepler-1225,0.01,1.13,1.19,6140.0
Kepler-1226 Ab,,0.129,17.2923453,0.13394692292971094,0.144,886.0,Primary Transit,Kepler-1226 A,-0.08,1.02,1.02,5923.0
Kepler-1227 Ab,,0.204,94.2887577,0.40806305056055175,0.0092,727.16,Primary Transit,Kepler-1227 A,-0.039999999999999994,0.97,0.95,5747.0
Kepler-1228 b,,0.137,0.57736958,0.012700794362899196,0.1214,932.0,Primary Transit,Kepler-1228,-0.18,0.78,0.74,5063.0
Kepler-1229 Ab,0.00799,0.1195,86.82974,0.3006,0.0,1225.8000000000002,Primary Transit,Kepler-1229 A,0.21,0.559,0.5658,3774.0
Kepler-122 b,,0.209,5.766193,0.064,0.0772,1388.6,Primary Transit,Kepler-122,-0.202,0.99,1.22,6050.0
Kepler-122 c,,0.524,12.465988,0.108,0.0772,1388.6,Primary Transit,Kepler-122,-0.202,0.99,1.22,6050.0
Kepler-122 d,,0.196,21.587475,0.155,0.0772,1388.6,Primary Transit,Kepler-122,-0.202,0.99,1.22,6050.0
Kepler-122 e,,0.232,37.993273,0.227,0.0772,1388.6,Primary Transit,Kepler-122,-0.202,0.99,1.22,6050.0
Kepler-122 f,0.113,0.156,56.268,0.2912166055468253,0.0772,1388.6,TTV,Kepler-122,-0.202,0.99,1.22,6050.0
Kepler-1230 b,,0.242,9.95661537,0.09390164346380554,0.1286,1222.6,Primary Transit,Kepler-1230,0.01,1.06,1.08,5961.0
Kepler-1231 b,,0.127,10.41725184,0.09522975161410205,0.023999999999999994,980.0,Primary Transit,Kepler-1231,0.06,1.01,1.0,5778.0
Kepler-1232 b,,0.172,26.7839183,0.17325087425516145,0.038,790.8,Primary Transit,Kepler-1232,0.06,0.92,0.89,5471.0
Kepler-1233 b,,0.232,45.1263042,0.2650142695113854,0.0016399999999999887,1255.154,Primary Transit,Kepler-1233,0.019999999999999997,1.16,1.25,6198.0
Kepler-1234 b,,0.251,11.94014029,0.09650127099008747,0.1,805.6,Primary Transit,Kepler-1234,0.01,0.8,0.76,4967.0
Kepler-1235 b,,0.07,4.16055856,0.05024492013436911,0.0362,1097.2,Primary Transit,Kepler-1235,0.01,0.93,0.9,5541.0
Kepler-1236 b,,0.191,31.0571618,0.18696949061021403,0.11199999999999999,943.6,Primary Transit,Kepler-1236,-0.09,0.86,0.82,5337.0
Kepler-1237 b,,0.255,84.5733226,0.37557351993560256,0.14039999999999997,971.8,Primary Transit,Kepler-1237,0.12,0.94,0.9,5472.0
Kepler-1238 b,,0.172,4.14787559,0.056065411832752814,0.09999999999999998,1375.6,Primary Transit,Kepler-1238,0.05,1.3,1.48,6386.0
Kepler-1239 b,,0.259,5.19104016,0.0667383843998033,0.01479999999999998,1807.8000000000002,Primary Transit,Kepler-1239,0.21999999999999997,1.4,1.57,6564.0
Kepler-123 b,,0.262,17.232366,0.135,0.07,644.1999999999999,Primary Transit,Kepler-123,-0.199,1.03,1.26,6089.0
Kepler-123 c,,0.132,26.695074,0.181,0.07,644.1999999999999,Primary Transit,Kepler-123,-0.199,1.03,1.26,6089.0
Kepler-1240 Ab,,0.103,4.8663815,0.05676006422332499,0.21259999999999996,924.4,Primary Transit,Kepler-1240 A,0.04000000000000001,0.98,0.96,5682.0
Kepler-1241 b,,0.235,18.5525701,0.13158081361891083,0.0038000000000000117,1180.2,Primary Transit,Kepler-1241,-0.09,0.84,0.8,5261.0
Kepler-1242 b,,0.202,13.62798432,0.1040594221394705,0.05399999999999999,858.2,Primary Transit,Kepler-1242,-0.05,0.77,0.74,4895.0
Kepler-1243 b,,0.156,16.8320729,0.1289275009377699,0.101,1252.6,Primary Transit,Kepler-1243,0.01,0.96,0.94,5667.0
Kepler-1244 b,,0.12,3.70428172,0.054044359666210254,0.365,1306.6,Primary Transit,Kepler-1244,0.05,1.46,1.77,6680.0
Kepler-1245 b,,0.128,4.35409304,0.05045776832613378,0.034,643.0,Primary Transit,Kepler-1245,-0.01,0.86,0.83,5306.0
Kepler-1245 c,,0.128,2.93658468,0.03880531867261135,0.034,643.0,Primary Transit,Kepler-1245,-0.01,0.86,0.83,5306.0
Kepler-1246 Ab,,0.121,11.32271513,0.09034513239848609,0.1966,563.9200000000001,Primary Transit,Kepler-1246 A,-0.03,0.73,0.69,4611.0
Kepler-1247 b,,0.208,13.71220213,0.10840959103219247,0.034,734.4,Primary Transit,Kepler-1247,-0.05,0.86,0.82,5303.0
Kepler-1248 Ab,,0.0928,7.46718958,0.0806,0.0,1035.0,Primary Transit,Kepler-1248 A,0.24,1.21,1.21,6149.0
Kepler-1249 b,,0.212,24.3347127,0.177077434227514,0.18,1227.6,Primary Transit,Kepler-1249,0.06,1.19,1.28,6202.0
Kepler-124 Ab,,0.0946,3.41045981,0.0395,0.0,892.0,Primary Transit,Kepler-124 A,-0.46,0.88,0.722,5188.0
Kepler-124 Ac,,0.196,13.82142084,0.1005,0.0,560.0,Primary Transit,Kepler-124 A,-0.46,0.88,0.722,5188.0
Kepler-124 Ad,,0.1347,30.9505927,0.1719,0.0,428.0,Primary Transit,Kepler-124 A,-0.46,0.88,0.722,5188.0
Kepler-1250 b,,0.171,2.60754383,0.037571877207914446,0.18519999999999998,1612.6,Primary Transit,Kepler-1250,0.04000000000000001,0.99,0.98,5717.0
Kepler-1251 Ab,,0.164,45.0904643,0.2451785648813077,0.11286000000000002,901.6,Primary Transit,Kepler-1251 A,-0.039999999999999994,0.92,0.89,5545.0
Kepler-1252 b,,0.149,15.0540329,0.12369931090470307,0.3046,1355.2,Primary Transit,Kepler-1252,0.029999999999999995,1.06,1.09,5949.0
Kepler-1253 Ab,,0.1311,68.8861017,0.3133,0.0,501.0,Primary Transit,Kepler-1253 A,-0.48,1.01,1.54,5670.58
Kepler-1254 b,,0.138,9.99113313,0.08497114089262792,0.0804,563.0,Primary Transit,Kepler-1254,-0.1,0.78,0.75,4985.0
Kepler-1254 c,,0.116,3.60084276,0.043032613579004224,0.0804,563.0,Primary Transit,Kepler-1254,-0.1,0.78,0.75,4985.0
Kepler-1254 d,,0.117,5.72717226,0.0586347551761703,0.0804,563.0,Primary Transit,Kepler-1254,-0.1,0.78,0.75,4985.0
Kepler-1255 b,,0.207,36.2919336,0.22379209482880305,0.10600000000000001,1309.8,Primary Transit,Kepler-1255,0.019999999999999997,1.08,1.12,6018.0
Kepler-1256 b,,0.133,12.4127754,0.11240991947856911,0.10319999999999999,1263.2,Primary Transit,Kepler-1256,0.05,1.17,1.36,6129.0
Kepler-1257 b,,0.136,2.66831376,0.03696030261098024,0.030199999999999998,898.2,Primary Transit,Kepler-1257,-0.09,0.9,0.87,5502.0
Kepler-1258 b,,0.077,0.98494017,0.019632776215402645,0.0838,1612.6,Primary Transit,Kepler-1258,-0.07,0.99,0.99,5839.0
Kepler-1259 b,,0.128,0.66308526,0.014046657600877996,0.112,805.6,Primary Transit,Kepler-1259,-0.07,0.8,0.77,5053.0
Kepler-125 b,,0.211,4.164389,0.041,0.0488,722.8,Primary Transit,Kepler-125,0.126,0.55,0.51,3810.0
Kepler-125 c,,0.066,5.774464,0.051,0.0488,722.8,Primary Transit,Kepler-125,0.126,0.55,0.51,3810.0
Kepler-1260 b,,0.158,19.1187753,0.14506815436839376,0.1286,1222.6,Primary Transit,Kepler-1260,0.01,1.06,1.08,5961.0
Kepler-1261 b,,0.202,48.4308991,0.24746648510943176,0.044399999999999995,719.2,Primary Transit,Kepler-1261,0.029999999999999995,0.82,0.77,5006.0
Kepler-1262 b,,0.162,8.67900242,0.08375711103431188,0.0772,1475.0,Primary Transit,Kepler-1262,-0.02,0.99,0.98,5771.0
Kepler-1263 b,,0.102,4.55139967,0.05156477920270839,0.0,851.2,Primary Transit,Kepler-1263,-0.03,0.84,0.8,5213.0
Kepler-1264 Ab,,0.105,0.96852602,0.019414044080451297,0.0772,1475.0,Primary Transit,Kepler-1264 A,-0.02,0.99,0.98,5791.0
Kepler-1265 Ab,,0.1561,6.49441464,0.0612,0.0,732.0,Primary Transit,Kepler-1265 A,-0.1,0.71,0.69,4630.0
Kepler-1266 b,,0.23,28.474748,0.1743797463610886,0.04759999999999999,805.2,Primary Transit,Kepler-1266,-0.14,0.83,0.7228,5004.0
Kepler-1266 c,,0.1499,4.86631012,0.052,0.0,881.0,Primary Transit,Kepler-1266,-0.14,0.83,0.7228,5004.0
Kepler-1267 b,,0.269,13.0313945,0.11544894264014496,0.0,1093.0,Primary Transit,Kepler-1267,0.07,1.15,1.2,6096.0
Kepler-1268 b,,0.181,40.9903986,0.2412052746940073,0.21559999999999996,968.6,Primary Transit,Kepler-1268,0.05,1.06,1.09,5904.0
Kepler-1269 b,,0.145,37.3331536,0.2294514277740352,0.366,984.8,Primary Transit,Kepler-1269,0.07,1.1,1.15,5998.0
Kepler-126 b,,0.136,10.495711,0.099,0.07,1354.2,Primary Transit,Kepler-126,-0.05400000000000002,1.044,1.36,6239.0
Kepler-126 c,,0.141,21.869741,0.162,0.19,942.8,Primary Transit,Kepler-126,0.0954,0.8132,1.36,6239.0
Kepler-126 d,,0.223,100.283134,0.448,0.020000000000000004,1108.4,Primary Transit,Kepler-126,0.07,0.8280000000000001,1.36,6239.0
Kepler-1270 b,,0.296,6.03356196,0.07160597444415481,0.07100000000000001,1408.2,Primary Transit,Kepler-1270,-0.02,1.28,3.38,5047.0
Kepler-1271 b,,0.132,3.0255955,0.04335742446844532,0.013999999999999985,827.6,Primary Transit,Kepler-1271,-0.01,1.13,1.23,6143.0
Kepler-1272 b,,0.211,51.1309704,0.27950402297388466,0.026599999999999985,871.4,Primary Transit,Kepler-1272,0.06,1.06,1.09,5926.0
Kepler-1273 b,,0.222,28.625653,0.1824076174763861,0.03934,852.6,Primary Transit,Kepler-1273,0.029999999999999995,0.94,0.91,5566.0
Kepler-1274 b,,0.127,6.98152703,0.08227218558032623,0.032799999999999996,1729.6,Primary Transit,Kepler-1274,0.11,1.45,2.17,6179.0
Kepler-1275 b,,0.132,3.65691115,0.050606704949035505,0.296,1240.6,Primary Transit,Kepler-1275,0.04000000000000001,1.23,1.36,6296.0
Kepler-1276 b,,0.106,12.5720095,0.11239185402926356,0.0,792.0,Primary Transit,Kepler-1276,-0.02,1.14,1.21,6188.0
Kepler-1277 b,,0.143,40.8365012,0.2311559372557791,0.10540000000000001,927.0,Primary Transit,Kepler-1277,-0.01,0.94,0.92,5578.0
Kepler-1278 b,,0.09,3.23941344,0.045107490263697855,0.08600000000000001,906.0,Primary Transit,Kepler-1278,0.019999999999999997,1.11,1.16,6074.0
Kepler-1279 b,,0.156,23.4774101,0.17385692696002594,0.2262,1408.4,Primary Transit,Kepler-1279,0.06,1.21,1.33,6221.0
Kepler-127 b,,0.125,14.435889,0.125,0.47,947.6,Primary Transit,Kepler-127,-0.154,0.9580000000000001,1.36,6106.0
Kepler-127 c,,0.237,29.393195,0.2,0.03,721.6,Primary Transit,Kepler-127,-0.154,1.0516,1.36,6106.0
Kepler-127 d,,0.236,48.630408,0.28,0.03,721.6,Primary Transit,Kepler-127,-0.154,1.0516,1.36,6106.0
Kepler-1280 b,,0.167,66.5579057,0.3472883903802493,0.1548,1536.2,Primary Transit,Kepler-1280,0.04000000000000001,1.2,1.32,6227.0
Kepler-1281 Ab,,0.146,3.11602791,0.040526341041866476,0.0,1146.4,Primary Transit,Kepler-1281 A,-0.039999999999999994,0.87,0.83,5353.0
Kepler-1282 b,,0.138,2.13194651,0.032058526952062516,0.0362,938.2,Primary Transit,Kepler-1282,0.01,0.92,0.89,5504.0
Kepler-1283 b,,0.17,12.9460978,0.11527682419228488,0.1112,1397.2,Primary Transit,Kepler-1283,0.04000000000000001,1.16,1.25,6175.0
Kepler-1284 b,,0.108,0.66407381,0.014291157816608719,0.1532,798.0,Primary Transit,Kepler-1284,0.029999999999999995,0.84,0.79,5123.0
Kepler-1285 b,,0.087,14.7967458,0.12744847462542036,0.07,1536.2,Primary Transit,Kepler-1285,0.15999999999999998,1.2,1.28,6170.0
Kepler-1286 b,,0.192,11.25402929,0.09993143228814584,0.9393999999999999,1190.6,Primary Transit,Kepler-1286,0.029999999999999995,1.0,0.98,5753.0
Kepler-1287 b,,0.137,11.47685909,0.09987785237252288,0.0726,829.96,Primary Transit,Kepler-1287,-0.05,0.96,0.94,5715.0
Kepler-1288 b,,0.1,2.76122421,0.04161899751320959,0.07479999999999999,1245.8,Primary Transit,Kepler-1288 A,0.14,1.2,1.29,6132.0
Kepler-1289 b,,0.136,7.99019627,0.08209800641929582,0.3,923.6,Primary Transit,Kepler-1289,0.019999999999999997,1.1,1.17,6080.0
Kepler-128 b,0.00242,0.128,15.09,0.12505423691626794,0.09999999999999999,1190.6,Primary Transit,Kepler-128,-0.048,1.09,1.61,6013.0
Kepler-128 c,0.00283,0.12,22.804,0.16468205289475396,0.09999999999999999,1190.6,Primary Transit,Kepler-128,-0.048,1.09,1.61,6013.0
Kepler-1290 b,,0.127,4.69500134,0.05484812261480807,0.1014,923.6,Primary Transit,Kepler-1290,-0.02,0.95,0.93,5660.0
Kepler-1291 b,,0.148,8.63043276,0.07899717524528069,0.0,788.6,Primary Transit,Kepler-1291,-0.039999999999999994,0.84,0.8,5216.0
Kepler-1292 b,,0.162,3.27646405,0.04315272488672905,0.1014,882.2,Primary Transit,Kepler-1292,0.08,0.95,0.93,5556.0
Kepler-1293 b,,0.087,5.57654784,0.06612530810507689,0.272,1290.2,Primary Transit,Kepler-1293,0.0,1.18,1.28,6241.0
Kepler-1294 b,,0.285,115.6862258,0.4708648279742441,0.0838,1612.6,Primary Transit,Kepler-1294,-0.03,0.99,0.97,5776.0
Kepler-1295 b,,0.138,3.81371974,0.04724166659350431,0.11959999999999998,1126.0,Primary Transit,Kepler-1295,0.04000000000000001,0.92,0.89,5486.0
Kepler-1296 b,,0.081,8.3839865,0.07839774104403169,0.0,1146.4,Primary Transit,Kepler-1296,-0.039999999999999994,0.87,0.83,5359.0
Kepler-1297 b,,0.087,1.68189002,0.02804832161261914,0.0838,1439.1999999999998,Primary Transit,Kepler-1297,-0.039999999999999994,0.99,0.99,5818.0
Kepler-1298 b,,0.117,7.12811928,0.08341984739651995,0.144,1541.4,Primary Transit,Kepler-1298,0.13,1.45,2.0,6339.0
Kepler-1299 b,,0.266,19.9400874,0.14333670196191828,0.10540000000000001,927.0,Primary Transit,Kepler-1299,-0.01,0.94,0.91,5609.0
Kepler-129 b,,0.211,15.79186,0.131,0.009999999999999995,1005.6,Primary Transit,Kepler-129,0.019000000000000003,1.18,1.64,5770.0
Kepler-129 c,,0.227,82.20017,0.393,0.2,915.4,Primary Transit,Kepler-129,0.006000000000000006,1.18,1.64,5770.0
Kepler-12 b,0.432,1.754,4.4379629,0.0553,0.009999999999999995,1480.0,Primary Transit,Kepler-12,0.07,1.17,1.48,5947.0
Kepler-1300 b,,0.122,22.2419092,0.1713199860634617,0.09999999999999998,1375.6,Primary Transit,Kepler-1300,0.05,1.29,1.79,6130.0
Kepler-1301 b,,0.125,9.08237046,0.08205452481335912,0.0,975.6,Primary Transit,Kepler-1301,0.01,0.85,0.81,5188.0
Kepler-1302 b,,0.128,8.83922659,0.08089824119538191,0.16119999999999998,1497.2,Primary Transit,Kepler-1302,0.04000000000000001,0.86,0.82,5236.0
Kepler-1303 b,,0.127,7.56127224,0.07691312535061129,0.124,1099.6,Primary Transit,Kepler-1303,0.04000000000000001,1.01,1.0,5771.0
Kepler-1304 b,,0.204,16.1288853,0.12032964317891169,0.0,855.2,Primary Transit,Kepler-1304,-0.05,0.85,0.81,5259.0
Kepler-1305 b,,0.168,13.5630972,0.11202799899798484,0.10600000000000001,1070.4,Primary Transit,Kepler-1305,0.01,0.97,0.96,5701.0
Kepler-1306 b,,0.17,16.29595382,0.12704530886518317,0.0626,1046.6,Primary Transit,Kepler-1306,0.0,0.98,0.97,5727.0
Kepler-1307 b,,0.22,18.01621096,0.13943581691990514,0.026599999999999985,871.4,Primary Transit,Kepler-1307,0.06,1.06,1.08,5884.0
Kepler-1308 b,,0.046,2.10433812,0.023028365531054553,0.0318,742.8,Primary Transit,Kepler-1308,-0.13,0.35,0.34,3468.0
Kepler-1309 Ab,,0.211,28.8432647,0.17728255559580564,0.022,889.6,Primary Transit,Kepler-1309 A,-0.03,0.85,0.8,5235.0
Kepler-130 Ab,,0.0928,8.45746707,0.0792,0.0,982.0,Primary Transit,Kepler-130 A,-0.199,1.091,1.179,5958.0
Kepler-130 Ac,,0.25667,27.50868,0.1739,0.0,683.0,Primary Transit,Kepler-130 A,-0.199,1.091,1.179,5958.0
Kepler-130 Ad,,0.12303,87.517905,0.37615,0.0,451.0,Primary Transit,Kepler-130 A,-0.199,1.091,1.179,5958.0
Kepler-1310 b,,0.128,0.67933627,0.014901629123103298,0.11180000000000001,1214.2,Primary Transit,Kepler-1310,-0.07,0.91,0.88,5549.0
Kepler-1311 b,,0.111,11.1726994,0.10010802301058137,0.144,929.4000000000001,Primary Transit,Kepler-1311,0.0523,1.02,1.753,5719.0
Kepler-1311 c,,0.109,2.53573424,0.03724768608774128,0.144,929.4000000000001,Primary Transit,Kepler-1311,0.0523,1.02,1.753,5719.0
Kepler-1311 d,,0.8616,197.5110016,0.6711,0.0,391.0,Primary Transit,Kepler-1311,0.0523,1.02,1.753,5719.0
Kepler-1312 b,,0.187,5.44832529,0.061427568116960714,0.0772,1604.4,Primary Transit,Kepler-1312,0.0832,0.991,0.947,5602.86
Kepler-1312 c,,0.09162,1.116119981,0.0209,0.0,1659.0,Primary Transit,Kepler-1312,0.0832,0.991,0.947,5602.86
Kepler-1313 b,,0.157,3.83309118,0.047401504614911834,0.007999999999999993,1128.8,Primary Transit,Kepler-1313,0.0,0.92,0.85,5453.0
Kepler-1314 b,,0.456,5.42474928,0.05181636564527325,0.0,1178.2,Primary Transit,Kepler-1314,-0.22,0.6000000000000001,0.59,4188.0
Kepler-1315 Ab,,0.152,0.843379985,0.0163,0.0,1541.0,Primary Transit,Kepler-1315 A,0.32,0.75,0.728,4710.62
Kepler-1315 Ac,,0.16451,6.566060066,0.064,0.0,777.0,Primary Transit,Kepler-1315 A,0.32,0.75,0.728,4710.62
Kepler-1316 b,,0.316,87.9732136,0.39878746819091754,0.04079999999999999,1112.2,Primary Transit,Kepler-1316,0.029999999999999995,1.04,1.12,5884.0
Kepler-1317 b,,0.139,0.56887443,0.012839074661208328,0.011599999999999985,940.4,Primary Transit,Kepler-1317,-0.01,0.83,0.79,5144.0
Kepler-1318 b,,0.277,213.257663,0.6395494578655957,0.11059999999999999,555.9200000000001,Primary Transit,Kepler-1318,-0.01,0.73,0.7,4598.0
Kepler-1319 Ab,,0.1106,2.8867624,0.0296,0.33,557.0,Primary Transit,Kepler-1319 A,-0.03,0.498,0.5,3527.0
Kepler-131 b,0.051,0.215,16.092,0.12767430168991634,0.144,886.0,Primary Transit,Kepler-131,0.12,1.02,1.03,5685.0
Kepler-131 c,0.026,0.075,25.5169,0.17361293656871746,0.144,886.0,Primary Transit,Kepler-131,0.12,1.02,1.03,5685.0
Kepler-1320 b,,0.152,0.86838653,0.016813913125426835,0.04954000000000001,774.8,Primary Transit,Kepler-1320,0.1,0.8,0.74,4817.0
Kepler-1321 b,,0.439,11.12830484,0.08076949121544692,0.028799999999999985,544.6,Primary Transit,Kepler-1321,-0.45,0.54,0.53,4034.0
Kepler-1321 c,,0.214,2.22649109,0.027629645467939182,0.028799999999999985,544.6,Primary Transit,Kepler-1321,-0.45,0.54,0.53,4034.0
Kepler-1321 d,,0.23446,5.720920086,0.0501,0.0,509.0,Primary Transit,Kepler-1321,-0.45,0.54,0.53,4034.0
Kepler-1322 b,,0.144,0.96286738,0.01900715071772055,0.08,839.8,Primary Transit,Kepler-1322,-0.07,0.94,1.008,5425.0
Kepler-1322 c,,0.192249,6.459980011,0.0652,0.0,883.0,Primary Transit,Kepler-1322,-0.07,0.94,1.008,5425.0
Kepler-1323 b,,0.136,0.92990668,0.020033200243846517,0.274,1054.8,Primary Transit,Kepler-1323,0.019999999999999997,1.18,1.4,6169.0
Kepler-1324 b,,0.135,4.11584468,0.04704364208596819,0.22039999999999998,740.6,Primary Transit,Kepler-1324,0.05,0.78,0.73,4776.0
Kepler-1325 b,,0.255,33.8786838,0.2033646298091011,0.0362,1097.2,Primary Transit,Kepler-1325,0.01,0.93,0.91,5550.0
Kepler-1326 b,,0.373,42.3514267,0.27365167794740514,0.152,1653.2,Primary Transit,Kepler-1326,0.019999999999999997,1.45,1.74,6725.0
Kepler-1327 b,,0.161,14.88801098,0.12122380981052562,0.144,952.8,Primary Transit,Kepler-1327,-0.03,1.02,1.03,5885.0
Kepler-1328 b,,0.087,4.52158888,0.054411512631438445,0.9393999999999999,1332.3999999999999,Primary Transit,Kepler-1328,0.0,1.0,0.99,5780.0
Kepler-1329 b,,0.194,9.33646594,0.07907925968671715,0.096,1037.14,Primary Transit,Kepler-1329,0.019999999999999997,0.72,0.69,4500.0
Kepler-132 Ab,,0.1088,6.17817366,0.0643,0.0,1497.6,Primary Transit,Kepler-132 A,-0.24,0.929,1.101,5931.0
Kepler-132 Ac,,0.125,6.41491277,0.0659,0.0,1069.0,Primary Transit,Kepler-132 A,-0.24,0.929,1.101,5931.0
Kepler-132 Ad,,0.1722,18.01019956,0.1312,0.0,758.0,Primary Transit,Kepler-132 A,-0.24,0.929,1.101,5931.0
Kepler-132 Ae,,0.1258,110.2867031,0.4393,0.0,414.0,Primary Transit,Kepler-132 A,-0.24,0.929,1.101,5931.0
Kepler-1330 b,,0.147,10.10769068,0.0920849432376319,0.0,833.4000000000001,Primary Transit,Kepler-1330,0.08,0.97,0.94,5608.0
Kepler-1331 b,,0.094,0.78916165,0.015230642755271301,0.14999999999999997,971.74,Primary Transit,Kepler-1331,0.05,0.72,0.69,4508.0
Kepler-1332 b,,0.122,11.87456832,0.10181611151721894,0.0634,924.8,Primary Transit,Kepler-1332,0.0,0.95,0.9,5581.0
Kepler-1333 Ab,,0.251,109.6471842,0.4465509572494402,0.06939999999999999,851.2,Primary Transit,Kepler-1333 A,-0.039999999999999994,0.94,0.92,5628.0
Kepler-1334 b,,0.204,15.64591713,0.12193827667474227,0.11245999999999999,851.2,Primary Transit,Kepler-1334,-0.03,0.94,0.91,5614.0
Kepler-1335 b,,0.129,6.26406846,0.06197711031313786,0.0524,879.6,Primary Transit,Kepler-1335,-0.07,0.77,0.74,4903.0
Kepler-1336 b,,0.177,23.198681,0.15855559238570532,0.19,1041.8,Primary Transit,Kepler-1336,0.05,0.94,1.3,5512.0
Kepler-1336 c,,0.153,5.77721211,0.06276028558575737,0.19,1041.8,Primary Transit,Kepler-1336,0.05,0.94,1.3,5512.0
Kepler-1337 b,,0.215,24.4002549,0.14863656955607646,0.23800000000000004,609.4000000000001,Primary Transit,Kepler-1337,-0.09,0.7,0.67,4523.0
Kepler-1338 b,,0.082,0.93511806,0.019279043985167887,0.036,1201.6,Primary Transit,Kepler-1338,0.0,1.04,1.05,5909.0
Kepler-1339 Ab,,0.063,1.34155513,0.024107642861420676,0.0838,1612.6,Primary Transit,Kepler-1339 A,-0.171,0.988,1.323,5590.19
Kepler-133 b,,0.157,8.129976,0.083,0.023599999999999996,795.8,Primary Transit,Kepler-133,-0.16,0.9118,1.43,5736.0
Kepler-133 c,,0.253,31.517586,0.204,0.023599999999999996,795.8,Primary Transit,Kepler-133,-0.16,0.9118,1.43,5736.0
Kepler-1340 b,,0.138,0.66502692,0.01641814708726467,0.24604000000000004,996.0,Primary Transit,Kepler-1340,0.07,1.27,1.42,6331.0
Kepler-1341 Ab,,0.2239,132.9955503,0.4498,0.0,241.0,Primary Transit,Kepler-1341 A,0.19,0.71,0.785,4511.0
Kepler-1342 b,,0.148,2.21571036,0.033011586235658,0.1436,956.1999999999999,Primary Transit,Kepler-1342,0.029999999999999995,0.93,0.9,5527.0
Kepler-1343 b,,0.172,3.35183158,0.043811966344562796,0.1014,923.6,Primary Transit,Kepler-1343,-0.16,0.95,0.93,5759.0
Kepler-1344 b,,0.164,4.7683049,0.05801606412776496,0.0636,981.0,Primary Transit,Kepler-1344,0.06,1.09,1.13,5981.0
Kepler-1345 b,,0.211,44.6169557,0.2745920869865248,0.31942,1363.0,Primary Transit,Kepler-1345,0.04000000000000001,1.32,1.55,6449.0
Kepler-1346 b,,0.141,3.40165668,0.04701740849199806,0.2424,1137.8,Primary Transit,Kepler-1346,0.04000000000000001,1.14,1.21,6133.0
Kepler-1347 Ab,,0.092,14.00947528,0.10823871181704903,0.0398,809.6,Primary Transit,Kepler-1347 A,-0.11,0.82,0.79,5193.0
Kepler-1348 b,,0.173,27.5722742,0.1840021610189763,0.1488,775.6,Primary Transit,Kepler-1348,-0.01,1.04,1.04,5911.0
Kepler-1349 b,,0.062,2.12823928,0.034593649755604076,0.108,1470.2,Primary Transit,Kepler-1349,0.029999999999999995,1.16,1.28,6086.0
Kepler-134 b,,0.178,5.317429,0.06,0.08126994191674733,964.7135467756585,Primary Transit,Kepler-134,-0.0013422812997046184,0.9367040345199569,1.18,5983.0
Kepler-134 c,,0.112,10.105785,0.092,0.08126994191674733,964.7135467756585,Primary Transit,Kepler-134,-0.0013422812997046184,0.9367040345199569,1.18,5983.0
Kepler-1350 b,,0.225,4.4968604,0.04441782119920218,0.0308,949.4,Primary Transit,Kepler-1350,-0.06,0.55,0.53,3827.0
Kepler-1350 c,,0.154,1.76678906,0.023827260638137327,0.0308,949.4,Primary Transit,Kepler-1350,-0.06,0.55,0.53,3827.0
Kepler-1351 b,,0.058,0.91614077,0.01666623770224047,0.192,763.6,Primary Transit,Kepler-1351,-0.03,0.7,0.67,4439.0
Kepler-1352 b,,0.079,1.87788275,0.031360529920036115,0.06,1131.0,Primary Transit,Kepler-1352,0.0,1.11,1.16,6118.0
Kepler-1353 b,,0.161,24.7543966,0.15424207005748264,0.0806,849.8,Primary Transit,Kepler-1353,-0.06,0.76,0.72,4776.0
Kepler-1354 b,,0.265,76.613377,0.37715437646506544,0.108,1470.2,Primary Transit,Kepler-1354,0.029999999999999995,1.16,1.24,6168.0
Kepler-1355 b,,0.13,1.28958811,0.022592189502245685,0.0,965.2,Primary Transit,Kepler-1355,-0.039999999999999994,0.88,0.83,5352.0
Kepler-1356 b,,0.136,0.63400294,0.013745552997864894,0.06079999999999999,930.4,Primary Transit,Kepler-1356,-0.02,0.82,0.78,5106.0
Kepler-1357 b,,0.114,3.0091324,0.040484172381027646,0.1598,957.2,Primary Transit,Kepler-1357,-0.06,0.93,0.9,5597.0
Kepler-1358 b,,0.1,7.06317341,0.06856481070903642,0.08,960.8000000000001,Primary Transit,Kepler-1358,-0.08,0.82,0.79,5181.0
Kepler-1359 b,,0.252,59.4970952,0.2791636025289703,0.012399999999999994,873.2,Primary Transit,Kepler-1359,0.11,0.78,0.72,4709.0
Kepler-135 b,,0.161,6.00253,0.067,0.108,933.6,Primary Transit,Kepler-135,0.045,1.174,1.27,6090.0
Kepler-135 c,,0.103,11.448708,0.103,0.108,933.6,Primary Transit,Kepler-135,0.045,1.174,1.27,6090.0
Kepler-1360 b,,0.303,40.5286413,0.26935834196622577,0.1548,1520.6,Primary Transit,Kepler-1360,0.06,1.51,1.83,6778.0
Kepler-1361 b,,0.077,3.57554956,0.04372716455319504,0.0,795.0,Primary Transit,Kepler-1361,0.0,0.83,0.79,5131.0
Kepler-1362 b,,0.232,136.205626,0.4890164231076417,0.0,805.6,Primary Transit,Kepler-1362,0.06,0.8,0.74,4857.0
Kepler-1363 b,,0.112,2.94194094,0.03728412156939742,0.108,786.4,Primary Transit,Kepler-1363,-0.09,0.76,0.72,4839.0
Kepler-1364 Ab,,0.2569,13.32191461,0.1284,0.0,1299.0,Primary Transit,Kepler-1364 A,0.12,1.584,2.274,6995.0
Kepler-1365 b,,0.082,7.69993485,0.07759280494556782,0.9393999999999999,1190.6,Primary Transit,Kepler-1365,0.029999999999999995,1.0,1.05,5770.0
Kepler-1365 c,,0.071,4.77468005,0.056423445297768327,0.9393999999999999,1190.6,Primary Transit,Kepler-1365,0.029999999999999995,1.0,1.05,5770.0
Kepler-1366 b,,0.128,2.16457097,0.028392820331263845,0.19239999999999996,697.492,Primary Transit,Kepler-1366,-0.02,0.62,0.6,4070.0
Kepler-1367 b,,0.082,1.57409027,0.02296045045346535,0.202,852.092,Primary Transit,Kepler-1367,-0.06,0.62,0.6,4106.0
Kepler-1368 b,,0.147,0.67564949,0.015671322428799407,0.0286,764.6,Primary Transit,Kepler-1368,0.1,1.07,1.08,5906.0
Kepler-1369 b,,0.24,25.873148,0.17349008695910176,0.0772,1578.6,Primary Transit,Kepler-1369,0.0,0.99,0.99,5761.0
Kepler-136 Ab,,0.1838,11.57890926,0.1062,0.0,951.0,Primary Transit,Kepler-136 A,0.0,1.185,1.49,6187.46
Kepler-136 Ac,,0.1731,16.39926461,0.134,0.0,847.0,Primary Transit,Kepler-136 A,0.0,1.185,1.49,6187.46
Kepler-1370 b,,0.164,20.2641684,0.1567346177436145,0.27799999999999997,1237.8,Primary Transit,Kepler-1370,0.05,1.19,1.29,6202.0
Kepler-1370 c,,0.113,7.44142113,0.08037413781217631,0.27799999999999997,1237.8,Primary Transit,Kepler-1370,0.05,1.19,1.29,6202.0
Kepler-1371 Ab,,0.065,3.4462039,0.04431509798337639,0.0534,970.2,Primary Transit,Kepler-1371 A,-0.01,0.93,0.916,5378.93
Kepler-1371 Ac,,0.057,2.00541269,0.030888269180462488,0.0534,970.2,Primary Transit,Kepler-1371 A,-0.01,0.93,0.916,5378.93
Kepler-1372 b,,0.113,1.31155557,0.02368262876743818,0.20079999999999998,628.0,Primary Transit,Kepler-1372,0.05,0.98,0.97,5677.0
Kepler-1373 b,,0.103,1.29123275,0.02521272092225174,0.3466,806.0,Primary Transit,Kepler-1373,0.029999999999999995,1.22,1.33,6299.0
Kepler-1374 b,,0.204,10.65276707,0.09125948505657805,0.0358,938.8,Primary Transit,Kepler-1374,-0.13,0.85,0.81,5323.0
Kepler-1375 b,,0.155,3.3004192,0.05015511911794193,0.2232,1870.8000000000002,Primary Transit,Kepler-1375,0.09,1.47,1.78,6704.0
Kepler-1376 b,,0.094,5.30880656,0.06015014942473242,0.006599999999999995,608.6,Primary Transit,Kepler-1376,0.07,0.98,0.97,5659.0
Kepler-1377 b,,0.1088,0.740926358,0.0153,0.0,1873.0,Primary Transit,Kepler-1377,0.05,0.9,0.855,5271.0
Kepler-1378 b,,0.196,11.95398936,0.09237150252340695,0.22940000000000005,609.4000000000001,Primary Transit,Kepler-1378,0.029999999999999995,0.7,0.67,4407.0
Kepler-1379 b,,0.116,0.88184115,0.017196881129645323,0.06080000000000001,643.4,Primary Transit,Kepler-1379,-0.039999999999999994,0.83,0.79,5188.0
Kepler-137 b,,0.131,8.436387,0.077,0.022420000000000002,634.8,Primary Transit,Kepler-137,-0.12,1.0702,0.8,5187.0
Kepler-137 c,,0.168,18.735753,0.13,0.022420000000000002,634.8,Primary Transit,Kepler-137,-0.12,1.0702,0.8,5187.0
Kepler-1380 b,,0.128,10.3108245,0.09299282164634233,0.092,771.6,Primary Transit,Kepler-1380,0.1,0.96,0.94,5570.0
Kepler-1381 b,,0.201,25.3842686,0.16954966343977473,0.04340000000000001,871.2,Primary Transit,Kepler-1381,-0.1,0.96,0.94,5747.0
Kepler-1382 Ab,,0.168,16.3583055,0.14206985281119794,0.26642,1358.2,Primary Transit,Kepler-1382 A,0.3,1.36,1.72,6161.0
Kepler-1383 b,,0.126,13.9093583,0.12430587722436325,0.156,1440.2,Primary Transit,Kepler-1383,0.029999999999999995,1.26,1.44,6370.0
Kepler-1384 b,,0.173,15.36262753,0.1131979650466748,0.012399999999999994,974.6,Primary Transit,Kepler-1384,-0.06,0.78,0.74,4919.0
Kepler-1385 b,,0.076,2.88879862,0.04228706501022425,0.29134,964.1999999999999,Primary Transit,Kepler-1385,0.41,1.15,1.29,5732.0
Kepler-1386 b,,0.111,6.73972381,0.07147017986784156,0.144,893.0,Primary Transit,Kepler-1386,0.11,1.02,1.03,5733.0
Kepler-1387 b,,0.083,2.27952666,0.032260009132443146,0.062,804.2,Primary Transit,Kepler-1387,0.019999999999999997,0.82,0.77,5046.0
Kepler-1388 Ab,,0.231,12.2854603,0.09082482220477815,0.264,708.52,Primary Transit,Kepler-1388 A,0.019999999999999997,0.63,0.61,4098.0
Kepler-1388 Ac,,0.202,5.53608151,0.05338409913504318,0.264,708.52,Primary Transit,Kepler-1388 A,0.019999999999999997,0.63,0.61,4098.0
Kepler-1388 Ad,,0.255,20.9568158,0.1296663040015897,0.264,708.52,Primary Transit,Kepler-1388 A,0.019999999999999997,0.63,0.61,4098.0
Kepler-1388 Ae,,0.219,37.6327084,0.1915669499719375,0.264,708.52,Primary Transit,Kepler-1388 A,0.019999999999999997,0.63,0.61,4098.0
Kepler-1389 b,,0.158,99.2530951,0.3976379230480178,0.048,761.2,Primary Transit,Kepler-1389,-0.14,0.81,0.74,5078.0
Kepler-138 b,0.00021,0.047,10.3126,0.0746,0.0,1567.0,Primary Transit,Kepler-138,-0.28,0.52,0.44,3841.0
Kepler-138 c,0.0062,0.107,13.7813,0.09197955915795104,0.05,1110.0,Primary Transit,Kepler-138,-0.28,0.52,0.44,3841.0
Kepler-138 d,0.00201,0.108,23.0881,0.12974481039740965,0.024000000000000007,431.0,Primary Transit,Kepler-138,-0.28,0.52,0.44,3841.0
Kepler-1390 b,,0.105,6.48021673,0.06870132776315085,0.0892,986.6,Primary Transit,Kepler-1390,-0.01,0.98,0.98,5753.0
Kepler-1391 b,,0.15,54.4092333,0.28855209401773624,0.178,741.8,Primary Transit,Kepler-1391,0.04000000000000001,1.03,1.1,5840.0
Kepler-1392 b,,0.175,15.1410397,0.11670642725358732,0.02439999999999999,1118.0,Primary Transit,Kepler-1392,-0.11,0.88,0.85,5479.0
Kepler-1393 b,,0.071,2.44357812,0.035488592197827774,0.10139999999999999,923.6,Primary Transit,Kepler-1393 A,-0.09,0.95,0.92,5697.0
Kepler-1394 b,,0.124,3.93766373,0.058515436752821434,0.2384,1539.0,Primary Transit,Kepler-1394,0.06,1.6400000000000001,2.55,6481.0
Kepler-1395 b,,0.071,3.78470649,0.05092294458740966,0.19119999999999998,1004.4,Primary Transit,Kepler-1395,0.12,1.17,1.23,6138.0
Kepler-1396 b,,0.185,18.2206421,0.14560173121263426,0.288,1146.4,Primary Transit,Kepler-1396,0.04000000000000001,1.18,1.27,6195.0
Kepler-1397 b,,0.153,47.449955,0.26840841072372784,0.08,1316.4,Primary Transit,Kepler-1397,0.0,1.09,1.12,6026.0
Kepler-1398 b,,0.08,2.78815679,0.04105830602606911,0.013999999999999985,844.0,Primary Transit,Kepler-1398,0.01,1.13,1.18,6126.0
Kepler-1398 c,,0.092,4.13827595,0.05342393383817898,0.013999999999999985,844.0,Primary Transit,Kepler-1398,0.01,1.13,1.18,6126.0
Kepler-1399 b,,0.112,1.63865306,0.027378648426230837,0.0092,944.2,Primary Transit,Kepler-1399,-0.03,0.97,0.96,5735.0
Kepler-139 b,,0.262,15.771044,0.127,0.04399999999999999,1186.4,Primary Transit,Kepler-139,0.154,1.08,1.3,5594.0
Kepler-139 c,,0.302,157.072878,0.586,0.04399999999999999,1186.4,Primary Transit,Kepler-139,0.154,1.08,1.3,5594.0
Kepler-139 d,0.01466,0.15122,7.305699922,0.076,0.04399999999999999,1186.4,"Radial Velocity, Primary Transit",Kepler-139,0.154,1.08,1.3,5594.0
Kepler-13 Ab,9.28,1.512,1.763588,0.03641,0.0006400000000000017,2550.0,Primary Transit,Kepler-13 A,0.2,1.72,1.74,7650.0
Kepler-1400 b,,0.145,9.06689421,0.08131334264014503,0.187,766.8,Primary Transit,Kepler-1400,0.04000000000000001,0.83,0.78,5044.0
Kepler-1401 Ab,,0.15,11.20066445,0.10188741294943461,0.13135999999999998,1157.2,Primary Transit,Kepler-1401 A,0.04000000000000001,1.07,1.1,5964.0
Kepler-1402 b,,0.068,2.03387914,0.03084094540476692,0.12291999999999997,821.4,Primary Transit,Kepler-1402,0.029999999999999995,0.9,0.87,5416.0
Kepler-1403 b,,0.191,5.19492202,0.061800278583015095,0.08600000000000001,1072.0,Primary Transit,Kepler-1403,0.029999999999999995,1.11,1.15,6060.0
Kepler-1404 Ab,,0.179,15.9314739,0.11887589990316731,0.0038000000000000117,1180.2,Primary Transit,Kepler-1404 A,-0.09,0.84,0.8,5261.0
Kepler-1405 b,,0.353,28.2274184,0.1875025987842277,0.1858,1240.3999999999999,Primary Transit,Kepler-1405,0.029999999999999995,1.05,1.07,5925.0
Kepler-1406 b,,0.098,11.62905828,0.10381406950613187,0.2258,1373.0,Primary Transit,Kepler-1406,0.04000000000000001,1.05,1.12,5892.0
Kepler-1407 b,,0.201,20.0711504,0.15170823528922422,0.342,909.6,Primary Transit,Kepler-1407,0.05,1.1,1.15,6010.0
Kepler-1408 b,,0.079,2.99793191,0.04408657743362948,0.06420000000000001,1556.4,Primary Transit,Kepler-1408,0.0,1.21,1.35,6170.0
Kepler-1409 b,,0.093,0.76486493,0.015640331282510786,0.0608,715.8,Primary Transit,Kepler-1409,-0.03,0.83,0.79,5160.0
Kepler-140 Ab,,0.1231,3.254277742,0.0443,0.0,1301.0,Primary Transit,Kepler-140 A,-0.03899999999999999,1.15,1.191,6108.41
Kepler-140 Ac,,0.1401,91.3514816,0.409,0.0,428.0,Primary Transit,Kepler-140 A,-0.03899999999999999,1.15,1.191,6108.41
Kepler-1410 Ab,,0.159,60.866168,0.2588269769630169,0.20800000000000002,1279.4,Primary Transit,Kepler-1410 A,0.04000000000000001,0.5939999999999999,0.566,3950.0
Kepler-1411 b,,0.252,86.1150888,0.38146742309069503,0.1014,923.6,Primary Transit,Kepler-1411,-0.039999999999999994,0.95,0.92,5664.0
Kepler-1412 b,,0.074,3.6146051,0.04778657939164658,0.2916,1137.8,Primary Transit,Kepler-1412,0.04000000000000001,1.06,1.27,5880.0
Kepler-1413 b,,0.162,13.1829642,0.10477682364254312,0.0,904.2,Primary Transit,Kepler-1413,-0.05,0.84,0.8,5196.0
Kepler-1414 b,,0.11,3.51576315,0.04271100791168227,0.0,805.6,Primary Transit,Kepler-1414,-0.02,0.8,0.75,4951.0
Kepler-1415 b,,0.115,0.63642408,0.014161996709898667,0.0596,924.2,Primary Transit,Kepler-1415,0.12,0.89,0.84,5267.0
Kepler-1416 b,,0.079,1.49514952,0.026777005089349024,0.086,1242.2,Primary Transit,Kepler-1416,0.029999999999999995,1.09,1.15,6019.0
Kepler-1417 b,,0.089,20.3505213,0.1493071140147718,0.144,1109.0,Primary Transit,Kepler-1417,0.019999999999999997,1.02,1.02,5839.0
Kepler-1418 Ab,,0.148,22.4764425,0.14525977777939855,0.0744,797.0,Primary Transit,Kepler-1418 A,0.0,0.77,0.72,4770.0
Kepler-1419 b,,0.255,42.5215895,0.24322611497968494,0.124,1099.6,Primary Transit,Kepler-1419,0.04000000000000001,1.01,1.087,5672.0
Kepler-141 b,,0.062,3.107675,0.039,0.7322,1483.8000000000002,Primary Transit,Kepler-141,0.538,1.0,0.79,4910.0
Kepler-141 c,,0.126,7.010606,0.067,0.7322,1483.8000000000002,Primary Transit,Kepler-141,0.538,1.0,0.79,4910.0
Kepler-1420 b,,0.114,6.69960006,0.06619125578668957,0.039799999999999995,883.4,Primary Transit,Kepler-1420,-0.1,0.82,0.79,5187.0
Kepler-1421 b,,0.083,6.9131112,0.07778856933520456,0.20479999999999998,1061.3999999999999,Primary Transit,Kepler-1421,0.05,1.25,1.42,6335.0
Kepler-1422 b,,0.18,18.6051942,0.14638126742370855,0.023999999999999987,1034.554,Primary Transit,Kepler-1422,0.0,1.15,1.23,6194.0
Kepler-1423 b,,0.095,23.955378,0.15286490843429748,0.0194,866.0,Primary Transit,Kepler-1423,-0.02,0.79,0.75,4939.0
Kepler-1424 Ab,,0.103,29.6091744,0.19171128311844682,0.144,779.6,Primary Transit,Kepler-1424 A,0.05800000000000001,1.02,1.07,5916.04
Kepler-1425 b,,0.084,14.4541302,0.11688227004137616,0.0092,944.2,Primary Transit,Kepler-1425,-0.03,0.97,0.95,5718.0
Kepler-1426 Ab,,0.139,14.2563227,0.11777012972871705,0.0,557.8000000000001,Primary Transit,Kepler-1426 A,0.029999999999999995,1.02,1.02,5831.0
Kepler-1427 Ab,,0.098,0.96897238,0.01954991204553363,0.023999999999999994,980.0,Primary Transit,Kepler-1427 A,0.06,1.01,1.01,5793.0
Kepler-1428 b,,0.146,10.67607169,0.1047549117891827,0.030600000000000002,1537.8,Primary Transit,Kepler-1428,0.35,1.28,1.36,6184.0
Kepler-1429 b,,0.115,4.48487493,0.05500389046948211,0.2258,1373.0,Primary Transit,Kepler-1429,0.04000000000000001,1.05,1.07,5902.0
Kepler-142 b,,0.178,2.024152,0.032,0.0838,1612.6,Primary Transit,Kepler-142,-0.274,0.99,1.27,5790.0
Kepler-142 c,,0.255,4.761702,0.057,0.0838,1612.6,Primary Transit,Kepler-142,-0.274,0.99,1.27,5790.0
Kepler-142 d,,0.193,41.809118,0.242,0.0838,1612.6,Primary Transit,Kepler-142,-0.274,0.99,1.27,5790.0
Kepler-1430 b,,0.105,2.46050993,0.03324122916974209,0.0524,875.6,Primary Transit,Kepler-1430,-0.03,0.77,0.72,4796.0
Kepler-1431 b,,0.131,5.86601526,0.06536389923975772,0.04,799.2,Primary Transit,Kepler-1431,0.07,1.03,1.03,5806.0
Kepler-1432 b,,0.198,23.9109011,0.1699689322061778,0.030000000000000013,1297.2,Primary Transit,Kepler-1432,0.019999999999999997,1.09,1.13,6031.0
Kepler-1433 Ab,,0.139,4.13592271,0.05356074937224608,0.0,1049.0,Primary Transit,Kepler-1433 A,0.07,1.14,1.19,6097.0
Kepler-1434 b,,0.099,8.05333618,0.09090471621952136,0.04359999999999999,1472.1999999999998,Primary Transit,Kepler-1434,0.19,1.47,2.04,6291.0
Kepler-1435 b,,0.077,4.45343281,0.05739690539962336,0.0736,1236.6,Primary Transit,Kepler-1435,-0.03,1.21,1.32,6356.0
Kepler-1436 b,,0.117,9.705716,0.09231744136303478,0.3316,1122.6,Primary Transit,Kepler-1436,-0.01,1.06,1.09,5972.0
Kepler-1437 b,,0.122,10.9295461,0.09565899599081543,0.11246,779.4,Primary Transit,Kepler-1437,-0.02,0.93,0.9,5557.0
Kepler-1438 Ab,,0.084,2.31942009,0.03451492540489687,0.016399999999999998,1119.8,Primary Transit,Kepler-1438 A,0.2,0.97,0.96,5530.0
Kepler-1439 b,,0.13,8.07392849,0.06182146526066416,0.16199999999999998,436.79999999999995,Primary Transit,Kepler-1439,-0.03,0.46,0.43,3578.0
Kepler-143 b,,0.215,16.007583,0.127,0.012899999999999995,751.4000000000001,Primary Transit,Kepler-143,-0.167,0.862,1.36,5848.0
Kepler-143 c,,0.301,27.082511,0.181,0.012899999999999995,751.4000000000001,Primary Transit,Kepler-143,-0.167,0.862,1.36,5848.0
Kepler-1440 b,,0.112,39.859484,0.23063571361521132,0.21259999999999996,924.4,Primary Transit,Kepler-1440,0.04000000000000001,0.98,0.96,5698.0
Kepler-1441 b,,0.117,39.4419839,0.2305698864260181,0.3404,1110.4,Primary Transit,Kepler-1441,0.01,1.0,1.0,5802.0
Kepler-1442 b,,0.351,81.4162941,0.4121031216829997,0.1906,1525.2000000000003,Primary Transit,Kepler-1442,0.26,1.34,1.44,6394.0
Kepler-1443 Ab,,0.087,2.41811321,0.037989492468008555,0.0416,1290.1999999999998,Primary Transit,Kepler-1443 A,0.0,1.19,1.27,6289.0
Kepler-1444 b,,0.194,33.42035034,0.20850500853727372,0.07,971.0,Primary Transit,Kepler-1444,0.06,1.03,1.05,5810.0
Kepler-1445 Ab,,0.0972,10.60052083,0.0948,0.0,987.0,Primary Transit,Kepler-1445 A,-0.03,1.18,1.293,6173.11
Kepler-1446 b,,0.073,0.68996783,0.014483637689311856,0.045540000000000004,860.6,Primary Transit,Kepler-1446,0.11,0.81,0.75,4865.0
Kepler-1447 b,,0.259,56.6747285,0.2906343630315478,0.0092,944.2,Primary Transit,Kepler-1447,-0.03,0.97,0.95,5722.0
Kepler-1448 b,,0.144,12.27065865,0.1040678389888109,0.1014,923.6,Primary Transit,Kepler-1448,-0.16,0.95,0.93,5774.0
Kepler-1449 b,,0.15,13.2274528,0.11418844271436986,0.11576,1198.4,Primary Transit,Kepler-1449,0.04000000000000001,1.08,1.1,5979.0
Kepler-144 b,,0.119,5.885273,0.066,0.07,669.0,Primary Transit,Kepler-144,-0.326,1.03,1.24,6075.0
Kepler-144 c,,0.12,10.104665,0.094,0.07,669.0,Primary Transit,Kepler-144,-0.326,1.03,1.24,6075.0
Kepler-1450 b,,0.153,54.5094166,0.25520972732164177,0.046700000000000005,967.74,Primary Transit,Kepler-1450,-0.02,0.71,0.68,4524.0
Kepler-1451 b,,0.299,35.622233,0.21543231317074965,0.3404,1110.4,Primary Transit,Kepler-1451,0.01,1.0,0.99,5782.0
Kepler-1452 b,,0.241,42.913751,0.27350636660639077,0.04579999999999999,1858.2000000000003,Primary Transit,Kepler-1452,0.14,1.41,2.06,6101.0
Kepler-1453 b,,0.238,47.1611696,0.25712464640682664,0.10600000000000001,1070.4,Primary Transit,Kepler-1453,0.01,0.97,0.94,5665.0
Kepler-1454 b,,0.168,47.0319479,0.25032615684020126,0.022,821.4,Primary Transit,Kepler-1454,-0.02,0.9,0.86,5448.0
Kepler-1455 b,,0.1722,49.27668,0.2149,0.0,298.0,Primary Transit,Kepler-1455,-0.21,0.574,0.583,3919.0
Kepler-1456 Ab,,0.1258,18.1373788,0.1132,0.0,433.0,Primary Transit,Kepler-1456 A,-0.09,0.64,0.653,4116.0
Kepler-1457 b,,0.178,51.1110243,0.27496680390921535,0.23919999999999997,983.8,Primary Transit,Kepler-1457,-0.05,1.01,1.01,5866.0
Kepler-1458 b,,0.246,47.9872764,0.2592216257304039,0.12140000000000001,969.6,Primary Transit,Kepler-1458,0.019999999999999997,0.96,0.94,5653.0
Kepler-1459 b,,0.121,62.8691611,0.2896143404536612,0.024799999999999996,731.8000000000001,Primary Transit,Kepler-1459,0.01,0.78,0.74,4828.0
Kepler-145 b,0.117,0.236,22.951,0.17448890470445655,0.43,1533.0,Primary Transit,Kepler-145,0.13,1.28,1.98,6022.0
Kepler-145 c,0.25,0.385,42.882,0.26469765643994125,0.11,1507.4,Primary Transit,Kepler-145,0.13,1.28,1.98,6022.0
Kepler-1460 b,,0.175,29.9633247,0.17044702747250026,0.192,763.6,Primary Transit,Kepler-1460,-0.02,0.7,0.67,4422.0
Kepler-1461 b,,0.181,29.3494775,0.17502739582458784,0.0938,868.06,Primary Transit,Kepler-1461,-0.039999999999999994,0.79,0.74,4919.0
Kepler-1462 b,,0.341,65.6488341,0.32382827248991425,0.9393999999999999,1144.6,Primary Transit,Kepler-1462,0.06,1.0,1.0,5756.0
Kepler-1463 b,,0.166,25.15864,0.16854347200820266,0.04019999999999999,1170.0,Primary Transit,Kepler-1463,0.0,0.96,0.95,5679.0
Kepler-1464 b,,0.148,31.7785901,0.20096475227293034,0.0,557.8000000000001,Primary Transit,Kepler-1464,0.029999999999999995,1.02,1.01,5828.0
Kepler-1464 c,,0.089,5.32786292,0.06110341786466267,0.0,557.8000000000001,Primary Transit,Kepler-1464,0.029999999999999995,1.02,1.01,5828.0
Kepler-1465 b,,0.158,31.8277111,0.18157418799681663,0.067,667.8,Primary Transit,Kepler-1465,-0.06,0.75,0.71,4726.0
Kepler-1466 b,,0.138,31.1750448,0.1977615846607788,0.7149999999999999,1036.4,Primary Transit,Kepler-1466,-0.07,1.01,1.02,5884.0
Kepler-1467 b,,0.294,47.0569043,0.2466484953834302,0.034,1267.6,Primary Transit,Kepler-1467,-0.07,0.86,0.82,5332.0
Kepler-1468 b,,0.154,8.23984869,0.08198265599201558,0.04,825.0,Primary Transit,Kepler-1468,0.204,1.03,1.841,5774.53
Kepler-1468 c,,0.103,3.54553021,0.046726503708966166,0.04,825.0,Primary Transit,Kepler-1468,0.204,1.03,1.841,5774.53
Kepler-1468 d,,0.29717,19.59059906,0.1456,0.0,819.0,Primary Transit,Kepler-1468,0.204,1.03,1.841,5774.53
Kepler-1469 b,,0.25,21.8635301,0.15132344400351877,0.0362,897.4,Primary Transit,Kepler-1469,0.019999999999999997,0.92,0.89,5507.0
Kepler-146 b,,0.331,31.158799,0.2,0.3,818.8,Primary Transit,Kepler-146,0.029999999999999995,1.1,1.16,6034.0
Kepler-146 c,,0.2792,76.732171,0.364,0.3,818.8,Primary Transit,Kepler-146,0.029999999999999995,1.1,1.16,6034.0
Kepler-1470 b,,0.095,16.2950903,0.1187311282227819,0.0,805.6,Primary Transit,Kepler-1470,-0.01,0.8,0.76,4961.0
Kepler-1471 b,,0.1499,3.63898953,0.0453,0.0,1238.0,Primary Transit,Kepler-1471,-0.205,0.96,0.876,5500.0
Kepler-1471 c,,0.2002,11.6044881,0.0981,0.0,841.0,Primary Transit,Kepler-1471,-0.205,0.96,0.876,5500.0
Kepler-1472 b,,0.17,38.1312831,0.23686652786968176,0.108,1470.2,Primary Transit,Kepler-1472,0.029999999999999995,1.16,1.25,6159.0
Kepler-1473 b,,0.106,14.4273551,0.121365914153063,0.08,1278.4,Primary Transit,Kepler-1473,-0.01,1.09,1.09,6046.0
Kepler-1474 b,,0.193,36.4333452,0.22156809830528837,0.1488,903.0,Primary Transit,Kepler-1474,0.04000000000000001,1.04,1.04,5870.0
Kepler-1475 Ab,,0.261,82.177374,0.3974589307484161,0.288,1181.6,Primary Transit,Kepler-1475 A,0.029999999999999995,1.18,1.28,6214.0
Kepler-1476 b,,0.149,10.35863224,0.09392338143516751,0.09659999999999998,916.0,Primary Transit,Kepler-1476,0.06,0.98,0.96,5663.0
Kepler-1477 b,,0.105,11.55530021,0.09480820255768319,0.148,1131.6000000000001,Primary Transit,Kepler-1477,-0.06,0.81,0.78,5100.0
Kepler-1478 b,,0.154,26.0840594,0.17732010703489523,0.04079999999999999,1112.2,Primary Transit,Kepler-1478,0.029999999999999995,1.04,1.06,5904.0
Kepler-1479 b,,0.163,14.53261362,0.11810572980455243,0.0772,1475.0,Primary Transit,Kepler-1479,-0.02,0.99,0.98,5796.0
Kepler-147 b,,0.136,12.610584,0.113,0.9027999999999998,1107.4,Primary Transit,Kepler-147,0.078,1.01,1.47,6012.0
Kepler-147 c,,0.217,33.416423,0.216,0.9027999999999998,1107.4,Primary Transit,Kepler-147,0.078,1.01,1.47,6012.0
Kepler-1480 Ab,,0.3515,22.1270885,0.1525,0.0,721.0,Primary Transit,Kepler-1480 A,0.1,0.83,0.799,4986.94
Kepler-1481 Ab,,0.11,5.94220998,0.06060271438756453,0.20800000000000002,805.6,Primary Transit,Kepler-1481,0.04000000000000001,0.8,0.75,4908.0
Kepler-1482 Ab,,0.09,12.25384348,0.1016,0.0,678.0,Primary Transit,Kepler-1482 A,0.116,0.98,0.977,5567.9
Kepler-1483 b,,0.136,9.5085156,0.09620742064664832,0.2128,1342.6,Primary Transit,Kepler-1483,0.04000000000000001,1.25,1.4,6337.0
Kepler-1484 b,,0.188,30.4549136,0.1900980303336095,0.1014,884.2,Primary Transit,Kepler-1484,-0.17,0.94,0.92,5730.0
Kepler-1485 b,,0.131,19.9157725,0.15138023741137047,0.08600000000000001,906.0,Primary Transit,Kepler-1485,0.019999999999999997,1.11,1.12,6087.0
Kepler-1486 b,,0.207,54.6495759,0.2940102922871609,0.01736,1147.4,Primary Transit,Kepler-1486,0.06,1.08,1.12,5965.0
Kepler-1487 b,,0.4505,7.31945294,0.0898,0.0,1682.0,Primary Transit,Kepler-1487,0.04000000000000001,1.29,1.54,6408.0
Kepler-1487 c,,0.7992,35.79949951,0.2588,0.0,991.0,Primary Transit,Kepler-1487,0.04000000000000001,1.29,1.54,6408.0
Kepler-1488 b,,0.166,39.8189932,0.23433437968660256,0.07,834.0,Primary Transit,Kepler-1488,0.0432,1.03,1.9769,5757.09
Kepler-1488 c,,0.14729,6.158269882,0.0658,0.0,1212.0,Primary Transit,Kepler-1488,0.0432,1.03,1.9769,5757.09
Kepler-1489 b,,0.158,82.294751,0.3764825415530246,0.9713999999999999,1483.8000000000002,Primary Transit,Kepler-1489,-0.13,1.0,1.308,5655.0
Kepler-1489 c,,0.0455,0.680741,0.0146,0.9713999999999999,1483.8000000000002,Primary Transit,Kepler-1489,-0.13,1.0,1.308,5655.0
Kepler-148 b,,0.161,1.729366,0.028,0.0,862.8,Primary Transit,Kepler-148,0.143,1.2759999999999998,0.85,5272.0
Kepler-148 c,,0.321,4.180043,0.05,0.0,862.8,Primary Transit,Kepler-148,0.143,1.2759999999999998,0.85,5272.0
Kepler-148 d,,0.774,51.84688575,0.0761,0.0,862.8,Primary Transit,Kepler-148,0.143,1.2759999999999998,0.85,5272.0
Kepler-1490 b,,0.271,92.4362973,0.3927708798757431,0.022,821.4,Primary Transit,Kepler-1490,-0.08,0.9,0.87,5515.0
Kepler-1491 b,,0.186,16.5860329,0.127,0.0,1532.4,Primary Transit,Kepler-1491,-0.05099999999999999,0.98,1.628,5548.33
Kepler-1491 c,,0.27889,61.569765,0.3045,0.0,530.0,Primary Transit,Kepler-1491,-0.05099999999999999,0.98,1.628,5548.33
Kepler-1492 b,,0.133,16.75255007,0.1194119002400699,0.22519999999999996,636.0,Primary Transit,Kepler-1492,0.06,0.77,0.72,4712.0
Kepler-1493 Ab,,0.126,15.0217983,0.123522666227536,0.026599999999999985,871.4,Primary Transit,Kepler-1493 A,0.06,1.06,1.29,5863.0
Kepler-1494 b,,0.274,91.080482,0.3973782039193871,0.101,1252.6,Primary Transit,Kepler-1494,0.01,0.96,0.94,5659.0
Kepler-1495 b,,0.262,85.273256,0.38932986894293325,0.07,971.0,Primary Transit,Kepler-1495,0.06,1.03,1.04,5831.0
Kepler-1496 b,,0.198,64.6588017,0.3387473098029205,0.27999999999999997,1225.4,Primary Transit,Kepler-1496,0.05,1.18,1.27,6182.0
Kepler-1497 b,,0.148,8.74199772,0.08330306002629406,0.101,1252.6,Primary Transit,Kepler-1497,0.01,0.96,0.95,5675.0
Kepler-1498 Ab,,0.119,48.051405,0.2501114816144311,0.034,643.0,Primary Transit,Kepler-1498 A,-0.01,0.86,0.81,5256.0
Kepler-1499 b,,0.106,44.2008,0.2328384977817809,0.036,914.8,Primary Transit,Kepler-1499,-0.01,0.82,0.78,5097.0
Kepler-149 Ab,,0.3702,29.19899219,0.1815,0.0,540.0,Primary Transit,Kepler-149 A,0.38,0.93,1.0,5380.49
Kepler-149 Ac,,0.149,55.3291399,0.2779,0.0,436.0,Primary Transit,Kepler-149 A,0.38,0.93,1.0,5380.49
Kepler-149 Ad,,0.3818,160.0191598,0.5642,0.0,306.0,Primary Transit,Kepler-149 A,0.38,0.93,1.0,5380.49
Kepler-14 Ab,8.4,1.136,6.790123,0.08186045634287,0.035,1573.0,Primary Transit,Kepler-14 A,0.12,1.51,2.05,6395.0
Kepler-1500 b,,0.107,15.0330105,0.12120691340851324,0.9713999999999999,1232.0,Primary Transit,Kepler-1500,-0.05,1.0,1.0,5845.0
Kepler-1501 b,,0.139,14.5564533,0.1260649088906404,0.1548,1536.2,Primary Transit,Kepler-1501,0.04000000000000001,1.2,1.3,6229.0
Kepler-1502 b,,0.284,41.7083629,0.27025039938717776,0.189,1178.0,Primary Transit,Kepler-1502,0.05,1.44,1.72,6666.0
Kepler-1503 b,,0.203,96.16987,0.3828420905117352,0.19519999999999998,916.4000000000001,Primary Transit,Kepler-1503,-0.19,0.77,0.74,5069.0
Kepler-1504 b,,0.19,82.304003,0.35665668241885456,0.034,1139.4,Primary Transit,Kepler-1504,-0.17,0.85,0.81,5393.0
Kepler-1505 Ab,,0.083,30.8609366,0.19110137083473205,0.0634,859.6,Primary Transit,Kepler-1505 A,-0.18,0.93,0.86,5686.0
Kepler-1506 b,,0.118,14.0329154,0.1138072399785937,0.1014,923.6,Primary Transit,Kepler-1506,-0.05,0.95,0.93,5676.0
Kepler-1507 b,,0.075,16.0506213,0.12179271698016746,0.0,461.8,Primary Transit,Kepler-1507,-0.03,0.89,0.85,5410.0
Kepler-1508 b,,0.119,20.7056504,0.15674400996863205,0.0,719.8,Primary Transit,Kepler-1508,0.01,1.14,1.22,6158.0
Kepler-1509 b,,0.165,25.4338197,0.17209614554257863,0.9393999999999999,1190.6,Primary Transit,Kepler-1509,0.029999999999999995,1.0,0.99,5780.0
Kepler-150 b,,0.112,3.428054,0.044,0.05162,1161.8,Primary Transit,Kepler-150,-0.136,0.966,0.94,5560.0
Kepler-150 c,,0.329,7.381998,0.073,0.05162,1161.8,Primary Transit,Kepler-150,-0.136,0.966,0.94,5560.0
Kepler-150 d,,0.249,12.56093,0.104,0.05162,1161.8,Primary Transit,Kepler-150,-0.136,0.966,0.94,5560.0
Kepler-150 e,,0.278,30.826557,0.189,0.05162,1161.8,Primary Transit,Kepler-150,-0.136,0.966,0.94,5560.0
Kepler-150 f,0.0283,0.325,637.2093,1.24,0.05162,1161.8,Primary Transit,Kepler-150,-0.136,0.966,0.94,5560.0
Kepler-1510 b,,0.3,84.703921,0.4067067823123541,0.288,1278.2,Primary Transit,Kepler-1510,0.04000000000000001,1.19,1.28,6200.0
Kepler-1511 b,,0.15,23.2382792,0.1707502502184469,0.19340000000000002,1198.2,Primary Transit,Kepler-1511,0.14,1.17,1.29,6064.0
Kepler-1512 Ab,,0.105,20.35972599,0.13359360126161804,0.1352,745.856,Primary Transit,Kepler-1512 A,0.2,0.73,0.67,4372.0
Kepler-1513 Ab,0.152,0.76671,160.8842,0.5416,0.306,346.0,Primary Transit,Kepler-1513 A,0.17,0.943,0.95,5491.0
Kepler-1514 b,5.28,1.108,217.83184,0.753,0.401,388.0,Primary Transit,Kepler-1514,0.119,1.2,1.29,6145.0
Kepler-1514 c,,0.105,10.514181,0.0997,0.32,1066.0,Primary Transit,Kepler-1514,0.119,1.2,1.29,6145.0
Kepler-1515 b,,0.852,214.3114164,0.7777524833596364,0.007999999999999993,1132.8,Primary Transit,Kepler-1515,0.07,1.3,1.41,6511.0
Kepler-1516 b,,0.156,7.25931979,0.07558549880599595,0.04079999999999999,1112.2,Primary Transit,Kepler-1516,0.029999999999999995,1.04,1.07,5904.0
Kepler-1517 b,,0.871,5.54608367,0.07261729350589934,0.20439999999999997,1753.2,Primary Transit,Kepler-1517,0.01,1.58,1.95,7010.0
Kepler-1518 b,,0.2507,5.1117547,0.0593,0.0,1351.0,Primary Transit,Kepler-1518,-0.193,1.49,1.57,6856.98
Kepler-1518 c,,0.259,9.6310258,0.0905,0.0,1094.0,Primary Transit,Kepler-1518,-0.193,1.49,1.57,6856.98
Kepler-1519 b,,0.63,240.7989397,0.7544707651527238,0.08,839.8,Primary Transit,Kepler-1519,-0.07,0.94,0.91,5644.0
Kepler-151 b,,0.273,15.228958,0.116,0.0398,1012.8,Primary Transit,Kepler-151,-0.102,0.83,0.83,5460.0
Kepler-151 c,,0.186,24.674612,0.16,0.0398,1012.8,Primary Transit,Kepler-151,-0.102,0.83,0.83,5460.0
Kepler-1521 b,,0.223,47.14840805,0.24208605871869177,0.1382,748.26,Primary Transit,Kepler-1521,-0.05,0.81,0.76,5042.0
Kepler-1522 b,,0.154,1.84788917,0.029560000866847746,0.08539999999999999,987.0,Primary Transit,Kepler-1522,-0.07,0.96,0.93,5706.0
Kepler-1523 b,,0.141,0.93875077,0.018885168621605525,0.016799999999999995,1170.2,Primary Transit,Kepler-1523,0.0,0.97,0.96,5708.0
Kepler-1524 b,,0.316,70.9674603,0.3594166684299169,0.24919999999999998,1239.6,Primary Transit,Kepler-1524,0.04000000000000001,1.17,1.25,6179.0
Kepler-1525 b,,0.081,2.41660118,0.036651745816160305,0.049499999999999995,1213.8,Primary Transit,Kepler-1525,0.27,1.07,1.04,5748.0
Kepler-1526 b,,0.217,3.908632,0.044458440735749574,0.11059999999999999,555.9200000000001,Primary Transit,Kepler-1526,-0.01,0.73,0.69,4601.0
Kepler-1527 b,,0.426,160.129918,0.625278547611077,0.1042,1161.2,Primary Transit,Kepler-1527,0.07,1.21,1.32,6224.0
Kepler-1528 b,,0.13,1.79111021,0.029638578183734436,0.07,732.2,Primary Transit,Kepler-1528,0.029999999999999995,1.03,1.03,5857.0
Kepler-1529 b,,0.187,5.33905686,0.05666324667417672,0.0702,842.2,Primary Transit,Kepler-1529,-0.03,0.81,0.77,5048.0
Kepler-152 b,,0.249,18.207973,0.124,0.005599999999999994,1035.768,Primary Transit,Kepler-152,-0.12,0.84,0.765,5050.0
Kepler-152 c,,0.213,88.255055,0.356,0.005599999999999994,1035.768,Primary Transit,Kepler-152,-0.12,0.84,0.765,5050.0
Kepler-1530 b,,0.146,2.5904434,0.036504138105924566,0.016799999999999995,907.0,Primary Transit,Kepler-1530,0.085,0.92,0.817,5338.57
Kepler-1530 c,,0.147,5.3227406,0.05899966714840061,0.016799999999999995,907.0,Primary Transit,Kepler-1530,0.085,0.92,0.817,5338.57
Kepler-1530 d,,0.29245,9.20761013,0.0865,0.0,972.0,Primary Transit,Kepler-1530,0.085,0.92,0.817,5338.57
Kepler-1531 b,,0.099,1.13854338,0.022797250395695995,0.0,1101.4,Primary Transit,Kepler-1531,-0.03,1.16,1.27,6260.0
Kepler-1532 b,,0.12,1.09366356,0.020469145359237464,0.022,841.8,Primary Transit,Kepler-1532,-0.1,0.91,0.88,5559.0
Kepler-1533 b,,0.309,308.5471,0.9941871887736755,0.11599999999999999,1370.1999999999998,Primary Transit,Kepler-1533,0.029999999999999995,1.31,1.51,6431.0
Kepler-1534 b,,0.169,5.71668872,0.06142435684729092,0.036,821.4000000000001,Primary Transit,Kepler-1534,-0.01,0.9,0.86,5442.0
Kepler-1535 b,,0.227,138.9442,0.547685973019413,0.08,1297.8,Primary Transit,Kepler-1535,0.0,1.08,1.11,6021.0
Kepler-1536 b,,0.28,364.758031,0.9062599253916912,0.146,791.74,Primary Transit,Kepler-1536,0.05,0.71,0.67,4434.0
Kepler-1537 b,,0.105,1.4444538,0.023702502157638243,0.08,860.6,Primary Transit,Kepler-1537,-0.08,0.81,0.77,5079.0
Kepler-1538 b,,0.252,175.138819,0.6290677737274857,0.07,797.4,Primary Transit,Kepler-1538,0.019999999999999997,1.03,1.03,5837.0
Kepler-1539 b,,0.241,133.3036741,0.4899494333374503,0.011599999999999985,756.8,Primary Transit,Kepler-1539,-0.01,0.84,0.8,5176.0
Kepler-153 b,,0.261,18.870227,0.129,0.007999999999999993,907.2,Primary Transit,Kepler-153,-0.255,0.9673999999999999,0.89,5404.0
Kepler-153 c,,0.226,46.90232,0.237,0.007999999999999993,907.2,Primary Transit,Kepler-153,-0.255,0.9673999999999999,0.89,5404.0
Kepler-1540 Ab,,0.2801,125.4132302,0.4426,0.0,266.0,Primary Transit,Kepler-1540 A,0.1,0.676,0.695,4323.0
Kepler-1541 Ab,,0.174,8.40693068,0.0781,0.0,1048.0,Primary Transit,Kepler-1541 A,-0.03799999999999999,0.91,0.805,5301.74
Kepler-1542 Ab,,0.068,3.95116882,0.04871803463808942,0.0,869.6,Primary Transit,Kepler-1542 A,0.06,0.94,0.99,5564.0
Kepler-1542 Ac,,0.058,2.89223021,0.03956956487524104,0.0,869.6,Primary Transit,Kepler-1542 A,0.06,0.94,0.99,5564.0
Kepler-1542 Ad,,0.078,5.99273738,0.06431163238868697,0.0,869.6,Primary Transit,Kepler-1542 A,0.06,0.94,0.99,5564.0
Kepler-1542 Ae,,0.068,5.10115756,0.05776328200409423,0.0,869.6,Primary Transit,Kepler-1542 A,0.06,0.94,0.99,5564.0
Kepler-1543 b,,0.242,6.96710269,0.08100960089838904,0.0664,1514.0,Primary Transit,Kepler-1543,0.07,1.39,1.65,6561.0
Kepler-1544 b,,0.159,168.811174,0.5665773616815705,0.062,847.6,Primary Transit,Kepler-1544,0.019999999999999997,0.81,0.74,4886.0
Kepler-1545 b,,0.241,163.692349,0.5618349700155987,0.0,1105.0,Primary Transit,Kepler-1545,-0.06,0.84,0.8,5201.0
Kepler-1546 b,,0.279,19.5974971,0.14219086372978892,0.1014,923.6,Primary Transit,Kepler-1546,0.01,0.95,0.93,5623.0
Kepler-1547 b,,0.08,0.69297968,0.01618265438584401,0.26439999999999997,1002.6,Primary Transit,Kepler-1547,0.04000000000000001,1.12,1.18,6078.0
Kepler-1548 b,,0.236,124.828679,0.49535672790588375,0.1578,1497.4,Primary Transit,Kepler-1548,0.05,0.99,0.97,5706.0
Kepler-1549 b,,0.229,214.886545,0.6841171180639114,0.0059999999999999915,1084.0,Primary Transit,Kepler-1549,0.019999999999999997,0.88,0.84,5324.0
Kepler-154 b,,0.202,33.040532,0.198,0.0498,835.36,Primary Transit,Kepler-154,-0.391,0.89,1.0,5690.0
Kepler-154 c,,0.263,62.303276,0.303,0.0498,835.36,Primary Transit,Kepler-154,-0.391,0.89,1.0,5690.0
Kepler-154 d,,0.343,20.54981883,0.14360363012810587,0.0498,835.36,Primary Transit,Kepler-154,-0.391,0.89,1.0,5690.0
Kepler-154 e,,0.134,3.93276465,0.04768978800695765,0.0498,835.36,Primary Transit,Kepler-154,-0.391,0.89,1.0,5690.0
Kepler-154 f,,0.134,9.91935684,0.08836543698469368,0.0498,835.36,Primary Transit,Kepler-154,-0.391,0.89,1.0,5690.0
Kepler-154 g,,0.9145,1250.0,2.221093096227822,0.15,1015.4,Radial Velocity,Kepler-154,-0.391,0.89,1.0,5690.0
Kepler-1550 b,,0.269,225.582809,0.7542153100987176,0.12159999999999999,1236.4,Primary Transit,Kepler-1550,0.01,1.07,1.11,5991.0
Kepler-1551 b,,0.237,24.4973698,0.17533879080558992,0.0,719.8,Primary Transit,Kepler-1551,0.01,1.14,1.22,6136.0
Kepler-1552 b,,0.22,184.771853,0.6114959748967247,0.03400000000000001,1105.0,Primary Transit,Kepler-1552,-0.07,0.85,0.78,5202.0
Kepler-1553 b,,0.103,4.24261881,0.04939986195350543,0.03779999999999999,1180.2,Primary Transit,Kepler-1553,-0.09,0.85,0.81,5288.0
Kepler-1554 b,,0.259,198.088774,0.6380133352113999,0.003799999999999998,1180.2,Primary Transit,Kepler-1554,-0.1,0.84,0.81,5297.0
Kepler-1555 b,,0.144,8.10501635,0.08134742208257556,0.04079999999999999,1112.2,Primary Transit,Kepler-1555,0.029999999999999995,1.04,1.06,5866.0
Kepler-1556 b,,0.175,8.82713457,0.08413315224166878,0.0,833.4000000000001,Primary Transit,Kepler-1556,0.08,0.97,0.95,5608.0
Kepler-1557 b,,0.136,3.74032496,0.049645204179601034,0.08600000000000001,906.0,Primary Transit,Kepler-1557,0.019999999999999997,1.11,1.17,6099.0
Kepler-1558 b,,0.061,3.50470358,0.04314763308022114,0.0,795.0,Primary Transit,Kepler-1558,0.0,0.83,0.79,5101.0
Kepler-1559 b,,0.064,0.97191543,0.018567291385422728,0.034,734.4,Primary Transit,Kepler-1559,-0.039999999999999994,0.86,0.82,5316.0
Kepler-155 b,,0.186,5.931194,0.056,0.031959999999999995,1045.4,Primary Transit,Kepler-155,-0.363,0.58,0.62,4508.0
Kepler-155 c,,0.2,52.661793,0.242,0.031959999999999995,1045.4,Primary Transit,Kepler-155,-0.363,0.58,0.62,4508.0
Kepler-1560 Ab,,0.079,3.03195744,0.04168490523172723,0.9713999999999999,1217.4,Primary Transit,Kepler-1560 A,0.216,1.0,1.0,5658.26
Kepler-1561 b,,0.097,1.00520701,0.020423414406266317,0.13135999999999998,1157.2,Primary Transit,Kepler-1561,0.04000000000000001,1.07,1.11,5957.0
Kepler-1562 b,,0.317,64.2737752,0.3214050391486845,0.144,893.0,Primary Transit,Kepler-1562,0.11,1.02,1.05,5760.0
Kepler-1563 b,,0.067,3.43276598,0.04528206422389593,0.9713999999999999,1110.4,Primary Transit,Kepler-1563,0.019999999999999997,1.0,0.99,5765.0
Kepler-1564 b,,0.131,18.0540381,0.1336720588642213,0.1436,956.1999999999999,Primary Transit,Kepler-1564,0.029999999999999995,0.93,0.9,5528.0
Kepler-1565 b,,0.106,1.53818844,0.02419771241163304,0.146,629.0,Primary Transit,Kepler-1565,-0.16,0.76,0.73,4940.0
Kepler-1566 b,,0.07,0.53991524,0.012449165415208966,0.0,1105.0,Primary Transit,Kepler-1566,-0.07,0.84,0.81,5254.0
Kepler-1567 b,,0.244,153.979578,0.5619703077341449,0.1014,923.6,Primary Transit,Kepler-1567,-0.03,0.95,0.93,5655.0
Kepler-1568 b,,0.116,20.925392,0.15550868619832348,0.029999999999999992,1286.6,Primary Transit,Kepler-1568,0.09,1.09,1.19,5956.0
Kepler-1569 b,,0.12767,5.79180156,0.06669,0.0,1222.0,Primary Transit,Kepler-1569,0.081,1.14,1.32,6087.94
Kepler-1569 c,,0.09448,9.997,0.0927,0.0,1016.0,Primary Transit,Kepler-1569,0.081,1.14,1.32,6087.94
Kepler-156 b,,0.205,4.973456,0.054,0.0,1189.8,Primary Transit,Kepler-156,-0.014,0.8412,0.81,5094.0
Kepler-156 c,,0.227,15.906801,0.117,0.0,1189.8,Primary Transit,Kepler-156,-0.014,0.8412,0.81,5094.0
Kepler-1570 b,,0.095,26.548955,0.17223615220727184,0.11286000000000002,901.6,Primary Transit,Kepler-1570,-0.039999999999999994,0.92,0.89,5550.0
Kepler-1571 b,,0.136,3.38555488,0.048071207047872745,0.296,1240.6,Primary Transit,Kepler-1571,0.04000000000000001,1.23,1.39,6297.0
Kepler-1572 b,,0.084,5.49548621,0.061342020626724295,0.0,833.4000000000001,Primary Transit,Kepler-1572,0.08,0.97,0.95,5618.0
Kepler-1573 b,,0.107,2.6157554,0.03790256748043014,0.7149999999999999,1270.6,Primary Transit,Kepler-1573,0.019999999999999997,1.01,1.0,5808.0
Kepler-1574 b,,0.115,6.9424334,0.07383685461724414,0.1396,883.0,Primary Transit,Kepler-1574,0.08,1.06,1.08,5892.0
Kepler-1575 b,,0.117,2.55314213,0.0365416326860668,0.1014,797.4,Primary Transit,Kepler-1575,-0.07,0.95,0.92,5667.0
Kepler-1576 b,,0.093,6.98471973,0.07295188734863885,0.9925999999999998,1096.0,Primary Transit,Kepler-1576,0.305,1.01,0.961,5674.51
Kepler-1577 b,,0.101,6.30560247,0.06251909422034459,0.0194,863.2,Primary Transit,Kepler-1577,0.0,0.78,0.74,4862.0
Kepler-1578 b,,0.093,1.45088691,0.02462256520015941,0.064,821.4,Primary Transit,Kepler-1578,-0.13,0.9,0.86,5545.0
Kepler-1579 Ab,,0.075,0.84990789,0.016221776485271153,0.067,667.8,Primary Transit,Kepler-1579 A,0.11,0.75,0.7,4584.0
Kepler-157 Ab,,0.118,1.732342,0.028,0.13779999999999998,1030.8,Primary Transit,Kepler-157 A,-0.108,1.0176,1.04,5774.0
Kepler-157 Ac,,0.2,13.5405,0.11,0.13779999999999998,1030.8,Primary Transit,Kepler-157 A,-0.108,1.0176,1.04,5774.0
Kepler-157 Ad,,0.13,7.02573474,0.0761,0.13779999999999998,1030.8,Primary Transit,Kepler-157 A,-0.108,1.0176,1.04,5774.0
Kepler-1580 b,,0.188,56.6449279,0.33371563045908614,0.1346,1592.6000000000001,Primary Transit,Kepler-1580,0.12,1.47,2.15,6228.0
Kepler-1581 b,,0.071,6.28385491,0.07036988773207493,0.15200000000000002,998.0,Primary Transit,Kepler-1581,0.07,1.12,1.23,6022.0
Kepler-1582 b,,0.133,4.83817712,0.037239508238068424,0.088,707.2,Primary Transit,Kepler-1582,0.48,0.28,0.3,3208.0
Kepler-1583 Ab,,0.054,9.32807355,0.08637750930732463,0.08,839.8,Primary Transit,Kepler-1583 A,-0.07,0.94,0.91,5645.0
Kepler-1584 b,,0.144,13.3997099,0.11588429342654903,0.29999999999999993,923.6,Primary Transit,Kepler-1584,0.0,1.1,1.13,6069.0
Kepler-1585 b,,0.16,3.5827463,0.04564046634489654,0.032200000000000006,991.4,Primary Transit,Kepler-1585,0.08,0.94,0.91,5538.0
Kepler-1586 b,,0.136,15.6049212,0.14064592015422445,0.325,1098.2,Primary Transit,Kepler-1586,0.06,1.45,1.75,6681.0
Kepler-1587 b,,0.119,9.4060467,0.09097235209820687,0.054,827.2,Primary Transit,Kepler-1587,0.07,1.08,1.22,5933.0
Kepler-1588 b,,0.068,7.84931739,0.07753094709207504,0.1014,923.6,Primary Transit,Kepler-1588,-0.14,0.96,0.99,5817.0
Kepler-1589 b,,0.097,0.99166527,0.02091064791187249,0.182,822.4,Primary Transit,Kepler-1589,0.08,1.18,1.25,6166.0
Kepler-158 b,,0.189,16.709184,0.111,0.1966,563.9200000000001,Primary Transit,Kepler-158,-0.03,0.73,0.65,4628.0
Kepler-158 c,,0.17,28.551383,0.158,0.1966,563.9200000000001,Primary Transit,Kepler-158,-0.03,0.73,0.65,4628.0
Kepler-158 d,,0.0384,0.645088,0.0124,0.1966,563.9200000000001,Primary Transit,Kepler-158,-0.03,0.73,0.65,4628.0
Kepler-1590 b,,0.102,7.61760804,0.07976581849047229,0.08600000000000001,1072.0,Primary Transit,Kepler-1590,0.029999999999999995,1.11,1.16,6053.0
Kepler-1591 b,,0.113,8.18504949,0.08342736357872235,0.29999999999999993,818.8,Primary Transit,Kepler-1591,0.01,1.1,1.16,6082.0
Kepler-1592 b,,0.137,3.05710069,0.04429253963522524,0.288,1146.4,Primary Transit,Kepler-1592,0.04000000000000001,1.18,1.28,6213.0
Kepler-1593 b,,0.283,174.509835,0.5792575408605757,0.062,847.6,Primary Transit,Kepler-1593,0.019999999999999997,0.81,0.77,4995.0
Kepler-1594 b,,0.095,2.71603809,0.03949625734139838,0.3046,1355.2,Primary Transit,Kepler-1594,0.029999999999999995,1.06,1.08,5946.0
Kepler-1595 b,,0.11,4.56380468,0.051658431182197415,0.03760000000000001,745.6,Primary Transit,Kepler-1595,-0.02,0.84,0.8,5203.0
Kepler-1596 b,,0.17,66.373379,0.32067657630022395,0.1014,923.6,Primary Transit,Kepler-1596,-0.11,0.95,0.92,5706.0
Kepler-1597 b,,0.095,2.94654179,0.04405634783028748,0.1454,1593.4,Primary Transit,Kepler-1597,0.019999999999999997,1.25,1.39,6377.0
Kepler-1598 b,,0.085,4.34195123,0.05416864489533565,0.13135999999999998,1157.2,Primary Transit,Kepler-1598,0.04000000000000001,1.07,1.09,5940.0
Kepler-1599 b,,0.145,122.363553,0.4888135116959717,0.0948,1612.6,Primary Transit,Kepler-1599,0.019999999999999997,0.99,0.99,5767.0
Kepler-159 b,,0.212,10.139623,0.082,0.041,1107.6,Primary Transit,Kepler-159,-0.911,0.548,0.66,4625.0
Kepler-159 c,,0.304,43.595792,0.218,0.041,1107.6,Primary Transit,Kepler-159,-0.911,0.548,0.66,4625.0
Kepler-15 b,0.66,0.96,4.942782,0.05714,0.06,1225.0,Primary Transit,Kepler-15,0.36,1.02,0.99,5515.0
Kepler-1600 b,,0.279,386.370548,1.0038424978386695,0.0736,784.0,Primary Transit,Kepler-1600,0.11,0.86,0.8658,5102.0
Kepler-1600 c,,0.17326,7.298049927,0.0689,0.0,794.0,Primary Transit,Kepler-1600,0.11,0.86,0.8658,5102.0
Kepler-1601 b,,0.073,2.20921951,0.03419797924146501,0.13599999999999998,1037.0,Primary Transit,Kepler-1601,0.05,1.04,1.07,5869.0
Kepler-1602 b,,0.12,11.17931605,0.10630658923729513,0.23859999999999998,806.0,Primary Transit,Kepler-1602,0.019999999999999997,1.22,1.36,6296.0
Kepler-1603 b,,0.115,2.27163926,0.03664247374345566,0.1042,1161.2,Primary Transit,Kepler-1603,0.07,1.21,1.31,6241.0
Kepler-1604 b,,0.126,0.68368426,0.014395568220402161,0.062,847.6,Primary Transit,Kepler-1604,0.019999999999999997,0.81,0.76,4976.0
Kepler-1605 b,,0.096,85.7565495,0.3679943075520561,0.034,643.0,Primary Transit,Kepler-1605,-0.01,0.86,0.82,5280.0
Kepler-1606 b,,0.185,196.435224,0.649217919772571,0.022,888.4,Primary Transit,Kepler-1606,0.01,0.9,0.86,5422.0
Kepler-1607 b,,0.082,13.6473676,0.11871282178698189,0.13199999999999998,1168.0,Primary Transit,Kepler-1607,0.05,1.14,1.21,6116.0
Kepler-1608 b,,0.154,16.4735686,0.11705113564152582,0.067,623.4000000000001,Primary Transit,Kepler-1608,-0.24,0.75,0.72,4992.0
Kepler-1609 b,,0.198,114.34219,0.49536854296692595,0.2496,944.6,Primary Transit,Kepler-1609,0.1,1.18,1.27,6132.0
Kepler-160 b,,0.153,4.309397,0.05511,0.03179999999999998,1188.4,Primary Transit,Kepler-160,-0.361,0.7964,1.12,5471.0
Kepler-160 c,,0.335,13.699429,0.1192,0.03179999999999998,1188.4,Primary Transit,Kepler-160,-0.361,0.7964,1.12,5471.0
Kepler-1610 b,,0.144,8.70181574,0.08158001935905901,0.03594,710.0,Primary Transit,Kepler-1610,0.1,0.91,0.87,5383.0
Kepler-1610 c,,0.1865,44.98529816,0.2323,0.0,433.0,Primary Transit,Kepler-1610,0.1,0.91,0.87,5383.0
Kepler-1611 Ab,,0.072,5.1762429,0.05832872290236419,0.0658,1136.6,Primary Transit,Kepler-1611 A,0.01,0.94,0.93,5605.0
Kepler-1612 b,,0.092,3.91795101,0.04878576991162763,0.08774000000000001,911.8,Primary Transit,Kepler-1612,0.029999999999999995,0.96,0.94,5643.0
Kepler-1613 b,,0.186,1.5184299,0.02697125579183725,0.106,1204.8,Primary Transit,Kepler-1613,0.01,1.08,1.12,6005.0
Kepler-1614 b,,0.133,3.9466141,0.04593977782491733,0.05339999999999999,805.6,Primary Transit,Kepler-1614,-0.17,0.79,0.76,5121.0
Kepler-1615 b,,0.184,47.3126192,0.2611691465844752,0.8701999999999999,1198.6,Primary Transit,Kepler-1615,0.34,1.01,1.622,5670.0
Kepler-1616 b,,0.091,6.76284377,0.07583064987884787,0.1182,1155.4,Primary Transit,Kepler-1616,0.019999999999999997,1.21,1.34,6266.0
Kepler-1617 b,,0.107,27.4785572,0.18984186072251705,0.025640000000000003,1045.5539999999999,Primary Transit,Kepler-1617,0.01,1.15,1.22,6167.0
Kepler-1618 b,,0.112,6.10826019,0.07456152940036255,0.17379999999999998,1797.0,Primary Transit,Kepler-1618,0.04000000000000001,1.41,1.65,6620.0
Kepler-1619 b,,0.068,23.6225913,0.16382560310957067,0.9713999999999999,1154.8,Primary Transit,Kepler-1619,-0.07,1.0,1.0,5852.0
Kepler-161 b,,0.189,4.921355,0.054,0.041999999999999996,703.8,Primary Transit,Kepler-161,0.1,0.827,0.7993,4992.0
Kepler-161 c,,0.183,7.06424,0.068,0.041999999999999996,703.8,Primary Transit,Kepler-161,0.1,0.827,0.7993,4992.0
Kepler-1620 Ab,,0.144,101.951829,0.4549804253133388,0.10964,1244.0,Primary Transit,Kepler-1620 A,0.029999999999999995,1.15,1.23,6157.0
Kepler-1621 b,,0.193,92.263714,0.4256800725824234,0.10964,1244.0,Primary Transit,Kepler-1621,0.029999999999999995,1.15,1.24,6158.0
Kepler-1622 b,,0.131,10.8118737,0.10646033433892804,0.21599999999999997,1324.0,Primary Transit,Kepler-1622,0.04000000000000001,1.31,1.5,6436.0
Kepler-1623 b,,0.117,4.36128348,0.05311774490292151,0.3404,1222.8,Primary Transit,Kepler-1623,0.04000000000000001,1.0,1.0,5772.0
Kepler-1624 b,,0.5879,3.290314,0.0327,0.0,540.0,Primary Transit,Kepler-1624,0.2690000000000001,0.541,0.552,3768.0
Kepler-1625 b,11.6,0.541,287.378949,0.8548510781501887,0.101,1252.6,Primary Transit,Kepler-1625,0.01,0.96,0.94,5677.0
Kepler-1626 b,,0.18,4.13962966,0.058856810966264966,0.2516,1534.6,Primary Transit,Kepler-1626,0.04000000000000001,1.51,1.85,6826.0
Kepler-1627 Ab,,0.329,7.20283653,0.07084984011334992,0.078,991.8,Primary Transit,Kepler-1627 A,-0.1,0.87,0.84,5445.0
Kepler-1628 Ab,,0.5603,76.377855,0.2952,0.0,240.0,Primary Transit,Kepler-1628 A,0.21,0.587,0.584,3869.0
Kepler-1629 b,,0.069,3.87595807,0.04926327226640923,0.124,835.8,Primary Transit,Kepler-1629,0.05,1.01,1.01,5776.0
Kepler-162 b,,0.112,6.919798,0.069,0.07,732.2,Primary Transit,Kepler-162,0.029999999999999995,1.03,1.208,5743.0
Kepler-162 c,,0.27,19.446355,0.137,0.07,732.2,Primary Transit,Kepler-162,0.029999999999999995,1.03,1.208,5743.0
Kepler-1630 b,,0.2337,509.997402,1.1218,0.0,182.0,Primary Transit,Kepler-1630,-0.46,0.748,0.72,4689.0
Kepler-1631 b,,0.12,4.09513932,0.05041964501798421,0.23399999999999999,1045.6,Primary Transit,Kepler-1631,0.04000000000000001,0.97,0.95,5679.0
Kepler-1632 b,,0.215,224.150923,0.6762,0.0,369.0,Primary Transit,Kepler-1632,-0.118,1.1,1.487,5979.67
Kepler-1633 b,,0.141,186.404271,0.6900190368931688,0.046799999999999994,1498.8,Primary Transit,Kepler-1633,0.019999999999999997,1.2,1.32,6256.0
Kepler-1634 b,,0.285,374.876239,1.0062007496195506,0.0362,897.4,Primary Transit,Kepler-1634,0.019999999999999997,0.92,0.89,5474.0
Kepler-1635 b,,0.325,469.63111,1.1564618904412043,0.026199999999999994,774.8,Primary Transit,Kepler-1635,0.06,0.89,0.85,5347.0
Kepler-1636 b,,0.288,425.47785,1.1294192351356038,0.7001999999999999,864.8,Primary Transit,Kepler-1636,0.029999999999999995,1.01,1.02,5797.0
Kepler-1637 b,,0.079,6.10960324,0.06694304770336659,0.144,765.8,Primary Transit,Kepler-1637,0.07,1.02,1.02,5789.0
Kepler-1638 b,,0.167,259.33683,0.8010570766237924,0.039,866.6,Primary Transit,Kepler-1638,-0.01,0.97,0.95,5710.0
Kepler-1639 b,,0.23,9.878482,0.09513994604094048,0.082,835.6,Primary Transit,Kepler-1639,-0.03,1.12,1.18,6150.0
Kepler-163 b,,0.094,7.810937,0.078,0.0872,1076.2,Primary Transit,Kepler-163,0.14100000000000001,0.94,0.97,5410.9
Kepler-163 c,,0.202,21.347262,0.152,0.0872,1076.2,Primary Transit,Kepler-163,0.14100000000000001,0.94,0.97,5410.9
Kepler-1640 b,,0.43,7.5844126,0.08318517967643067,0.18824000000000002,1302.4,Primary Transit,Kepler-1640,0.1,1.27,1.43,6324.0
Kepler-1641 b,,0.277,19.672266,0.15059331180919067,0.08600000000000001,985.4,Primary Transit,Kepler-1641,-0.02,1.12,1.19,6152.0
Kepler-1641 c,,0.263,32.657212,0.21113269724975983,0.08600000000000001,985.4,Primary Transit,Kepler-1641,-0.02,1.12,1.19,6152.0
Kepler-1642 b,,0.285,12.2057513,0.10108824415445608,0.0,933.4,Primary Transit,Kepler-1642,-0.01,0.88,0.84,5355.0
Kepler-1642 c,,0.237,6.6513802,0.06744226658856865,0.0,933.4,Primary Transit,Kepler-1642,-0.01,0.88,0.84,5355.0
Kepler-1643 b,,0.205,5.34264507,0.059146662400872956,0.0,893.6,Primary Transit,Kepler-1643,-0.01,0.92,0.88,5508.0
Kepler-1644 Ab,,0.168,21.0907758,0.1461128651240917,0.054599999999999996,965.0,Primary Transit,Kepler-1644 A,-0.1,0.89,0.86,5499.0
Kepler-1645 b,,0.159,16.1779561,0.1281285496865147,0.124,886.0,Primary Transit,Kepler-1645,0.04000000000000001,1.02,1.02,5812.0
Kepler-1646 b,,0.11,4.48558383,0.033634100450811985,0.258,705.6,Primary Transit,Kepler-1646,0.04000000000000001,0.24,0.26,3299.0
Kepler-1647 (AB)b,1.52,1.06,1107.5923,2.7205,0.0581,1059.6,Primary Transit,Kepler-1647 (AB),-0.134,2.1885,1.79,6210.0
Kepler-1649 Ab,,0.091,8.689099,0.0514,0.15599999999999997,307.0,Primary Transit,Kepler-1649 A,-0.15,0.19999999999999996,0.23,3240.0
Kepler-1649 Ac,,0.095,19.53527,0.08440853484856524,0.13599999999999998,234.0,Primary Transit,Kepler-1649 A,-0.15,0.19999999999999996,0.23,3240.0
Kepler-164 b,,0.1454,5.03505665,0.0568,0.0,1141.0,Primary Transit,Kepler-164,0.0,1.14,1.02,6095.0
Kepler-164 c,,0.2123,10.94577783,0.0954,0.0,881.0,Primary Transit,Kepler-164,0.0,1.14,1.02,6095.0
Kepler-164 d,,0.241,28.9869016,0.1826,0.0,637.0,Primary Transit,Kepler-164,0.0,1.14,1.02,6095.0
Kepler-164 e,,0.36,94.886902,0.4025,0.0,429.0,Primary Transit,Kepler-164,0.0,1.14,1.02,6095.0
Kepler-1650 b,,0.086,1.53818001,0.0163,0.009999999999999995,582.0,Primary Transit,Kepler-1650,-0.11,0.33000000000000007,0.33,3410.0
Kepler-1651 Ab,,0.164,9.87863917,0.0619,0.13,353.0,Primary Transit,Kepler-1651 A,-0.0214,0.57,0.46,3759.27
Kepler-1652 b,,0.143,38.09722,0.1654,0.032,268.0,Primary Transit,Kepler-1652,-0.3,0.4,0.38,3638.0
Kepler-1653 Ab,,0.194,140.2524,0.4706,0.1346,284.0,Primary Transit,Kepler-1653,-0.18,0.72,0.69,4807.0
Kepler-1654 b,0.5,0.819,1047.8356,2.026,0.26,206.0,Primary Transit,Kepler-1654,-0.088,1.01,1.18,5597.0
Kepler-1655 b,0.01573,0.197,11.8728787,0.103,0.0,1757.8,Primary Transit,Kepler-1655,-0.24,1.03,1.03,6148.0
Kepler-1656 b,0.1504,0.4354,31.562,0.1974,0.762,651.0,Primary Transit,Kepler-1656,0.19,1.03,1.1,5731.0
Kepler-1657 b,1.93,0.99,141.241671,0.534,0.496,347.0,Primary Transit,Kepler-1657,0.15999999999999998,1.01,0.96,5830.0
Kepler-1659 b,0.02832,0.17,13.6088,0.112293,0.011400000000000007,660.0,Primary Transit,Kepler-1659,0.052000000000000005,1.02,0.97,5370.0
Kepler-1659 c,0.01447,0.17,20.4415,0.14728,0.013999999999999999,755.0,Primary Transit,Kepler-1659,0.052000000000000005,1.02,0.97,5370.0
Kepler-165 b,,0.207,8.180848,0.072,0.0358,1308.1680000000001,Primary Transit,Kepler-165,-0.12,0.87,0.7278,5155.0
Kepler-165 c,,0.199,15.31299,0.11,0.0358,1308.1680000000001,Primary Transit,Kepler-165,-0.12,0.87,0.7278,5155.0
Kepler-1662 b,0.2234,0.7904,134.4786723,0.5187,0.025,372.0,Primary Transit,Kepler-1662,0.11,1.08,1.14,5922.0
Kepler-1662 c,0.0472,0.4853,284.060953,0.8539,0.028000000000000004,290.0,TTV,Kepler-1662,0.11,1.08,1.14,5922.0
Kepler-1663 b,,0.295,17.6046,0.0761,0.08126994191674733,964.7135467756585,Primary Transit,Kepler-1663,-0.0013422812997046184,0.9367040345199569,0.71,3793.47
Kepler-1664 Ab,,0.271,14.3868,0.1189,0.2554,810.0,Primary Transit,Kepler-1664 A,0.15999999999999998,1.081,1.146,5945.95
Kepler-1665 Ab,,0.253,11.95474513,0.1006,0.0,906.0,Primary Transit,Kepler-1665 A,-0.013,0.842,0.777,5049.84
Kepler-1666 b,,0.257,25.8476,0.1761,0.08139999999999999,672.0,Primary Transit,Kepler-1666,-0.2,1.084,1.21,5818.75
Kepler-1666 c,,0.289,40.7157,0.2383,0.3234,578.0,Primary Transit,Kepler-1666,-0.2,1.084,1.21,5818.75
Kepler-1667 b,,0.266,83.5781,0.386,0.033600000000000005,520.0,Primary Transit,Kepler-1667,-0.1,1.094,1.06,5951.0
Kepler-1668 b,,0.388,15.434,0.124,0.06996,721.0,Primary Transit,Kepler-1668,0.07,1.065,1.05,5328.33
Kepler-1669 b,,0.248,9.51216,0.0729,0.07559999999999999,496.0,Primary Transit,Kepler-1669,-0.2,0.67,0.714,4303.0
Kepler-1669 c,,0.1696,1.609320045,0.0223,0.0,897.0,Primary Transit,Kepler-1669,-0.2,0.67,0.714,4303.0
Kepler-1669 d,,0.143,4.729469776,0.0468,0.0,669.0,Primary Transit,Kepler-1669,-0.2,0.67,0.714,4303.0
Kepler-166 b,,0.203,7.650254,0.072,0.1162,1210.8,Primary Transit,Kepler-166,-0.286,1.0152,0.74,5413.0
Kepler-166 c,,0.212,34.260281,0.195,0.1162,1210.8,Primary Transit,Kepler-166,-0.286,1.0152,0.74,5413.0
Kepler-166 d,,0.154,1.55400393,0.0761,0.1162,1210.8,Primary Transit,Kepler-166,-0.286,1.0152,0.74,5413.0
Kepler-1670 b,,0.299,20.4998,0.151,0.12,734.0,Primary Transit,Kepler-1670,-0.08,1.086,1.57,5766.0
Kepler-1671 b,,0.118,4.16787,0.0464,0.132,984.0,Primary Transit,Kepler-1671,-0.22,0.766,0.92,5085.99
Kepler-1672 b,,0.265,150.878,0.5431,0.015,411.0,Primary Transit,Kepler-1672,-0.46,0.936,1.08,5899.25
Kepler-1673 b,,0.262,33.7888,0.2114,0.19340000000000002,604.0,Primary Transit,Kepler-1673,-0.06,1.1,1.04,6220.81
Kepler-1674 b,,0.286,62.5611,0.3008,0.121,419.0,Primary Transit,Kepler-1674,-0.14,0.925,0.87,5326.33
Kepler-1675 b,,0.279,63.0382,0.3235,0.1688,493.0,Primary Transit,Kepler-1675,0.12,1.137,1.13,5747.0
Kepler-1676 b,,0.301,29.9221,0.1954,0.20939999999999998,613.0,Primary Transit,Kepler-1676,-0.12,1.109,1.637,6127.0
Kepler-1677 b,,0.241,22.064,0.1634,0.20479999999999998,726.0,Primary Transit,Kepler-1677,0.14,1.195,1.2,5804.5
Kepler-1678 b,,0.295,147.974,0.5407,0.0514,337.0,Primary Transit,Kepler-1678,-0.32,0.961,0.9,5421.0
Kepler-1679 b,,0.185,9.75376,0.0892,0.9713999999999999,813.0,Primary Transit,Kepler-1679,-0.039999999999999994,0.996,0.9,5358.25
Kepler-167 Ab,,0.15327,4.3931539,0.04825,0.0,918.0,Primary Transit,Kepler-167 A,0.019999999999999997,0.777,0.749,4884.0
Kepler-167 Ac,,0.14935,7.406106,0.0684,0.0,771.0,Primary Transit,Kepler-167 A,0.019999999999999997,0.777,0.749,4884.0
Kepler-167 Ad,,0.11045,21.80379,0.1404,0.0,538.0,Primary Transit,Kepler-167 A,0.019999999999999997,0.777,0.749,4884.0
Kepler-167 Ae,4.0,0.9064,1071.23205,1.883,0.062,134.39999999999998,Primary Transit,Kepler-167 A,0.019999999999999997,0.777,0.749,4884.0
Kepler-1680 b,,0.121,8.77424,0.0784,0.036,771.0,Primary Transit,Kepler-1680,0.2,0.832,0.7,4975.5
Kepler-1681 Ab,,0.228,69.8956,0.2985,0.1346,387.0,Primary Transit,Kepler-1681 A,-0.6,0.724,0.89,5173.08
Kepler-1682 b,,0.258,14.8334,0.1152,0.10599999999999998,729.0,Primary Transit,Kepler-1682,-0.14,0.926,0.84,5517.75
Kepler-1683 b,,0.167,15.0337,0.1155,0.0468,723.0,Primary Transit,Kepler-1683,0.1,0.909,0.95,5047.59
Kepler-1684 b,,0.256,47.7055,0.2259,0.22000000000000003,341.0,Primary Transit,Kepler-1684,-0.1,0.672,0.6,4787.0
Kepler-1685 b,,0.23,20.4905,0.1485,0.0448,625.0,Primary Transit,Kepler-1685,0.21,1.038,0.79,5378.58
Kepler-1686 b,,0.127,9.30987,0.0866,0.9871999999999999,913.0,Primary Transit,Kepler-1686,0.06,0.996,1.14,5774.33
Kepler-1687 b,,0.148,5.77954,0.0522,0.15700000000000003,578.0,Primary Transit,Kepler-1687,-0.2,0.565,0.65,4249.0
Kepler-1688 b,,0.113,5.62012,0.0608,0.10980000000000001,1184.0,Primary Transit,Kepler-1688,0.24,0.949,1.826,4936.24
Kepler-1689 b,,0.084,8.483,0.0791,0.1518,909.0,Primary Transit,Kepler-1689,-0.16,0.916,0.96,5806.0
Kepler-168 b,,0.13,4.425391,0.056,0.0,898.2,Primary Transit,Kepler-168,-0.012,0.7343999999999999,1.11,6282.0
Kepler-168 c,,0.24,13.193242,0.116,0.0,898.2,Primary Transit,Kepler-168,-0.012,0.7343999999999999,1.11,6282.0
Kepler-1690 b,,0.251,234.636,0.7143,0.011999999999999997,273.0,Primary Transit,Kepler-1690,-0.3,0.882,0.87,5336.5
Kepler-1691 b,,0.164,3.8482,0.0514,0.14479999999999998,1324.0,Primary Transit,Kepler-1691,0.07,1.221,1.21,5753.0
Kepler-1692 b,,0.099,5.95966,0.0646,0.10579999999999999,898.0,Primary Transit,Kepler-1692,0.36,1.012,0.94,4935.73
Kepler-1693 b,,0.115,12.0999,0.1015,0.08474000000000001,729.0,Primary Transit,Kepler-1693,0.026,0.95,0.8783,5432.34
Kepler-1693 c,,0.087154,5.363709927,0.0588,0.0,1059.0,Primary Transit,Kepler-1693,0.026,0.95,0.8783,5432.34
Kepler-1694 b,,0.105,3.89526,0.0426,0.15739999999999998,841.0,Primary Transit,Kepler-1694,-0.58,0.675,0.72,4958.0
Kepler-1695 b,,0.1,4.7329,0.0526,0.0676,954.0,Primary Transit,Kepler-1695,-0.26,0.865,0.95,5437.0
Kepler-1696 b,,0.251,65.9409,0.3245,0.0538,454.00000000000006,Primary Transit,Kepler-1696,-0.039999999999999994,1.047,1.27,5379.0
Kepler-1697 Ab,,0.112,33.4969,0.2008,0.15560000000000002,630.0,Primary Transit,Kepler-1697 A,0.03399999999999999,0.747,0.772,4681.53
Kepler-1698 b,,0.096,1.2107,0.0199,0.08460000000000001,1356.0,Primary Transit,Kepler-1698,-0.22,0.717,0.74,4945.83
Kepler-1699 b,,0.14,3.49082,0.0417,0.17099999999999999,1013.0,Primary Transit,Kepler-1699,-0.48,0.791,0.724,5214.4
Kepler-169 b,,0.101,3.250619,0.04,0.034,826.0,Primary Transit,Kepler-169,0.238,0.86,0.76,4997.0
Kepler-169 c,,0.108,6.195469,0.062,0.034,826.0,Primary Transit,Kepler-169,0.238,0.86,0.76,4997.0
Kepler-169 d,,0.112,8.348125,0.075,0.034,826.0,Primary Transit,Kepler-169,0.238,0.86,0.76,4997.0
Kepler-169 e,,0.196,13.767102,0.105,0.034,826.0,Primary Transit,Kepler-169,0.238,0.86,0.76,4997.0
Kepler-169 f,,0.23,87.090195,0.359,0.034,826.0,Primary Transit,Kepler-169,0.238,0.86,0.76,4997.0
Kepler-16 (AB)b,0.333,0.7538,228.776,0.7048,0.006849999999999995,934.0,Primary Transit,Kepler-16 (AB),-0.3,0.8499,0.65,4450.0
Kepler-1700 b,,0.259,234.239,0.8017,0.24008000000000002,335.0,Primary Transit,Kepler-1700,0.21,1.249,1.14,5885.0
Kepler-1701 b,,0.198,169.134,0.5689,0.006000000000000005,278.0,Primary Transit,Kepler-1701,-0.14,0.864,0.83,5116.26
Kepler-1702 b,,0.143,18.5012,0.1281,0.181,557.0,Primary Transit,Kepler-1702,-0.2,0.829,0.74,5003.75
Kepler-1703 b,,0.1062,21.1876185,0.1462,0.006599999999999995,785.0,Primary Transit,Kepler-1703,-0.542,0.858,1.255,6001.0
Kepler-1703 c,,0.1079,31.8245304,0.1911,0.053399999999999996,686.0,Primary Transit,Kepler-1703,-0.542,0.858,1.255,6001.0
Kepler-1704 b,4.16,1.066,988.88112,2.027,0.92,253.80000000000007,Primary Transit,Kepler-1704,0.196,1.132,1.697,5746.0
Kepler-1705 b,0.01406,0.1811,9.03502,0.08,0.033,789.0,Primary Transit,Kepler-1705,-0.52,0.838,0.768,5775.0
Kepler-1705 c,0.01705,0.1829,11.28,0.0416,0.027999999999999997,1095.0,Primary Transit,Kepler-1705,-0.52,0.838,0.768,5775.0
Kepler-1708 b,4.6,0.8886,737.1131,1.64,0.4,1072.4,Primary Transit,Kepler-1708,0.0,1.088,1.117,6157.0
Kepler-1709 b,,0.27871,65.70459747,0.3192,0.0,454.00000000000006,Primary Transit,Kepler-1709,0.046200000000000005,1.039,1.135,5789.91
Kepler-170 b,,0.285,7.930592,0.08,0.08399999999999999,1279.2,Primary Transit,Kepler-170,0.234,1.0992,1.03,5679.0
Kepler-170 c,,0.255,16.665863,0.131,0.08399999999999999,1279.2,Primary Transit,Kepler-170,0.234,1.0992,1.03,5679.0
Kepler-1710 Ab,0.010997,0.2308,14.91094205,0.1157,0.0,694.0,Primary Transit,Kepler-1710 A,-0.07,0.983,0.91,5572.0
Kepler-1711 Ab,,0.17156,21.06080055,0.1463,0.0,669.0,Primary Transit,Kepler-1711 A,-0.021,1.034,1.09,5745.26
Kepler-1712 Bb,,0.20368,13.81499958,0.0903,0.0,391.0,Primary Transit,Kepler-1712 B,-0.068,0.574,0.583,3833.0
Kepler-1713 b,,0.153155,18.01160049,0.1469,0.0,900.0,Primary Transit,Kepler-1713,-0.113,1.25,1.453,6334.8
Kepler-1714 b,,0.2912,10.27530003,0.1047,0.0,1211.0,Primary Transit,Kepler-1714,0.116,1.14,2.156,6088.22
Kepler-1715 b,,0.3693,35.59730148,0.2178,0.0,613.0,Primary Transit,Kepler-1715,-0.04469999999999999,1.12,1.479,6033.33
Kepler-1716 b,,0.216319,35.58100128,0.1916,0.0,408.0,Primary Transit,Kepler-1716,-0.104,0.779,0.701,4813.46
Kepler-1717 b,,0.26666,30.65279961,0.2014,0.0,780.0,Primary Transit,Kepler-1717,-0.06,1.37,1.517,6591.89
Kepler-1718 b,,0.2291,135.1880035,0.4878,0.0,345.0,Primary Transit,Kepler-1718,-0.307,1.053,0.933,5839.24
Kepler-1719 b,,0.3524,6.149559975,0.0674,0.0,1287.0,Primary Transit,Kepler-1719,0.0917,1.03,1.843,5752.63
Kepler-171 b,,0.209,4.166972,0.05,0.047200000000000006,701.4000000000001,Primary Transit,Kepler-171,-0.151,0.7548,0.84,5642.0
Kepler-171 c,,0.228,11.463462,0.098,0.047200000000000006,701.4000000000001,Primary Transit,Kepler-171,-0.151,0.7548,0.84,5642.0
Kepler-171 d,,0.169,39.595519,0.223,0.047200000000000006,701.4000000000001,Primary Transit,Kepler-171,-0.151,0.7548,0.84,5642.0
Kepler-1720 b,,0.286897,12.70639992,0.1043,0.0,697.0,Primary Transit,Kepler-1720,-0.028,0.92,0.793,5340.0
Kepler-1721 b,,0.27817,4.592380047,0.0519,0.0,924.0,Primary Transit,Kepler-1721,-0.039999999999999994,0.87,0.78,5168.0
Kepler-1722 b,,0.25578,9.178569794,0.0819,0.011400000000000007,753.0,Primary Transit,Kepler-1722,-0.2,0.94,0.9377,5406.0
Kepler-1723 b,,0.2569,39.75289917,0.2249,0.0,568.0,Primary Transit,Kepler-1723,-0.0973,1.01,1.079,5665.31
Kepler-1724 b,,0.253075,6.45442009,0.0683,0.072,999.0,Primary Transit,Kepler-1724,-0.22,1.02,1.083,5726.0
Kepler-1725 Ab,,0.25087,16.71990013,0.1301,0.0,767.0,Primary Transit,Kepler-1725 A,0.0,1.17,1.103,6161.0
Kepler-1726 b,,0.223804,18.39629936,0.1306,0.0,582.0,Primary Transit,Kepler-1726,0.0,0.92,0.7638,5338.0
Kepler-1727 b,,0.28308,9.029299736,0.0796,0.0,757.0,Primary Transit,Kepler-1727,0.1737,0.91,0.889,5298.27
Kepler-1728 b,,0.26363,4.782999992,0.0535,0.0,886.0,Primary Transit,Kepler-1728,0.18,0.83,0.818,5021.0
Kepler-1729 b,,0.3474,4.220970154,0.0418,0.0,600.0,Primary Transit,Kepler-1729,-0.06,0.69,0.796,4414.0
Kepler-172 b,,0.21,2.940309,0.04,0.034,956.8,Primary Transit,Kepler-172,0.012,0.86,1.08,5526.0
Kepler-172 c,,0.255,6.388996,0.068,0.034,956.8,Primary Transit,Kepler-172,0.012,0.86,1.08,5526.0
Kepler-172 d,,0.201,14.627119,0.118,0.034,956.8,Primary Transit,Kepler-172,0.012,0.86,1.08,5526.0
Kepler-172 e,,0.246,35.118736,0.211,0.034,956.8,Primary Transit,Kepler-172,0.012,0.86,1.08,5526.0
Kepler-1730 b,,0.40013,13.81019974,0.1131,1.055,833.0,Primary Transit,Kepler-1730,-0.039999999999999994,0.99,1.158,5598.0
Kepler-1731 b,,0.261658,21.76129913,0.1401,0.0,486.0,Primary Transit,Kepler-1731,0.0787,0.808,0.6891,4923.57
Kepler-1732 b,,0.36569,32.31240082,0.2015,0.0,699.0,Primary Transit,Kepler-1732,-0.0949,1.05,1.373,5838.73
Kepler-1733 b,,0.324367,9.229579926,0.0933,0.0,1021.0,Primary Transit,Kepler-1733,0.14,1.23,1.387,6276.71
Kepler-1734 b,,0.2755,6.796850204,0.0714,0.0,985.0,Primary Transit,Kepler-1734,-0.0762,1.08,1.125,5910.67
Kepler-1735 b,,0.10652,7.71792984,0.0621,0.0,502.0,Primary Transit,Kepler-1735,-0.34,0.552,0.558,3888.0
Kepler-1736 b,,0.34585,37.81029892,0.2188,0.0,566.0,Primary Transit,Kepler-1736,0.0276,1.04,1.571,5804.06
Kepler-1737 b,,0.48131,64.61750031,0.297,0.0,383.0,Primary Transit,Kepler-1737,0.3,0.834,0.881,5043.0
Kepler-1738 b,,0.25194,7.674630165,0.0781,0.0,957.0,Primary Transit,Kepler-1738,-0.02,1.02,1.018,5703.0
Kepler-1739 b,,0.2168,7.343709946,0.0697,0.0,839.0,Primary Transit,Kepler-1739,-0.5,1.02,0.8717,5703.0
Kepler-173 b,,0.115,4.263742,0.048,0.0808,682.2,Primary Transit,Kepler-173,-0.786,0.78,0.95,6031.0
Kepler-173 c,,0.217,8.005777,0.074,0.0808,682.2,Primary Transit,Kepler-173,-0.786,0.78,0.95,6031.0
Kepler-1740 b,,0.29646,8.172400475,0.0779,0.06,858.0,Primary Transit,Kepler-1740,-0.104,1.02,0.931,5714.58
Kepler-1741 b,,0.11357,2.757590055,0.0296,0.0,615.0,Primary Transit,Kepler-1741,-0.00658,0.591,0.54,3842.11
Kepler-1742 b,,0.19431,49.47819901,0.2587,0.0,462.0,Primary Transit,Kepler-1742,-0.18,0.99,0.865,5582.0
Kepler-1743 b,,0.142637,7.649710178,0.0822,0.0,1144.0,Primary Transit,Kepler-1743,0.1973,1.0,2.0998,5624.37
Kepler-1744 Ab,,0.33607,37.10110092,0.2093,0.0,532.0,Primary Transit,Kepler-1744 A,-0.1955,1.0,0.941,5623.54
Kepler-1745 b,,0.17201,3.016190052,0.0408,0.0,1449.0,Primary Transit,Kepler-1745,0.0307,0.98,1.08087,5572.72
Kepler-1746 b,,0.797,321.2120056,0.9453,0.3488,310.0,Primary Transit,Kepler-1746,-0.2439,1.22,1.499,6270.99
Kepler-1747 b,,0.3805,6.230319977,0.066,0.0,875.0,Primary Transit,Kepler-1747,0.21,0.88,0.982,5174.0
Kepler-1748 b,,0.242013,5.823520184,0.0615,0.0,955.0,Primary Transit,Kepler-1748,-0.22,0.93,0.77,5376.0
Kepler-1749 Ab,,0.1439,14.53409958,0.0956,0.13899999999999998,420.0,Primary Transit,Kepler-1749,0.143,0.66,0.621,4238.82
Kepler-174 b,,0.175,13.98179,0.1,0.20800000000000002,809.6,Primary Transit,Kepler-174,-0.556,0.76,0.62,4880.0
Kepler-174 c,,0.133,44.000529,0.214,0.20800000000000002,809.6,Primary Transit,Kepler-174,-0.556,0.76,0.62,4880.0
Kepler-174 d,,0.195,247.35373,0.677,0.20800000000000002,809.6,Primary Transit,Kepler-174,-0.556,0.76,0.62,4880.0
Kepler-1750 b,,0.53565,205.9120026,0.6785,0.0,298.0,Primary Transit,Kepler-1750,0.14,0.96,1.193,5474.0
Kepler-1751,,0.16273,7.017310143,0.0712,0.0,984.0,Primary Transit,Kepler-1751,-0.26,1.02,1.057,5732.0
Kepler-1752 b,,0.405,56.35850143,0.2698,0.0,419.0,Primary Transit,Kepler-1752,-0.2,0.89,0.7748,5214.0
Kepler-1753 b,,0.20225,16.00460052,0.1179,0.0,583.0,Primary Transit,Kepler-1753,0.0,0.83,0.697,5007.0
Kepler-1754 b,,0.2177,8.195949554,0.0718,0.0,672.0,Primary Transit,Kepler-1754,0.08,0.72,0.794,4553.0
Kepler-1755 b,,0.5278729,24.81209946,0.1668,0.0,631.0,Primary Transit,Kepler-1755,-0.26,1.2,1.176,6229.0
Kepler-1756 b,,0.13132,2.355750084,0.0319,0.0,1083.0,Primary Transit,Kepler-1756,0.15999999999999998,0.781,0.812,4915.0
Kepler-1757 b,,0.26288,19.65640068,0.1335,0.0,549.0,Primary Transit,Kepler-1757,-0.24,0.87,0.822,5146.0
Kepler-1758 b,,0.2293,9.977210045,0.0919,0.0,1028.0,Primary Transit,Kepler-1758,0.15999999999999998,1.1,1.621,5995.0
Kepler-1759 b,,0.080623,3.720230103,0.0429,0.0,954.0,Primary Transit,Kepler-1759,-0.02,0.796,0.732,4878.0
Kepler-175 b,,0.228,11.903515,0.105,0.04079999999999999,980.0,Primary Transit,Kepler-175,-0.023,1.04,1.01,6064.0
Kepler-175 c,,0.277,34.035257,0.213,0.04079999999999999,980.0,Primary Transit,Kepler-175,-0.023,1.04,1.01,6064.0
Kepler-1760 Ab,,0.204293,38.3260994,0.2084,0.0,480.0,Primary Transit,Kepler-1760 A,0.08,0.821,0.903,5229.0
Kepler-1761 b,,0.1241,4.043540001,0.0413,0.0,613.0,Primary Transit,Kepler-1761,0.07,0.587,0.5992,3802.0
Kepler-1762 b,,0.2462,29.53910065,0.204,0.0,714.0,Primary Transit,Kepler-1762,0.07,1.19,1.27,6198.0
Kepler-1763 b,,0.102285,1.480280042,0.0257,0.0,1822.0,Primary Transit,Kepler-1763,0.048,1.1,1.281,5969.97
Kepler-1764 b,,0.40637,70.46829987,0.35464531819788553,0.0,511.0,Primary Transit,Kepler-1764,0.011300000000000001,1.14,1.45,6085.02
Kepler-1765 b,,0.22259,10.41889954,0.0917,0.0,855.0,Primary Transit,Kepler-1765,0.04000000000000001,1.006,0.887,5665.0
Kepler-1766 b,,0.20332,105.0149994,0.4229,0.0,406.0,Primary Transit,Kepler-1766,-0.2,1.039,1.2159,5788.86
Kepler-1767 b,,0.268795,59.65829849,0.2873,0.0,393.0,Primary Transit,Kepler-1767,-0.318,0.88,0.697,5172.78
Kepler-1768 b,,0.19922,15.13589954,0.1286,0.0,933.0,Primary Transit,Kepler-1768,0.14,1.22,1.1816,6264.0
Kepler-1769 Ab,,0.39834,89.1934967,0.3987,0.0,483.0,Primary Transit,Kepler-1769 A,-0.06,1.18,1.12,6173.0
Kepler-176 b,,0.128,5.433074,0.058,0.0,965.4,Primary Transit,Kepler-176,0.072,0.9512,0.89,5232.0
Kepler-176 c,,0.232,12.759712,0.102,0.0,965.4,Primary Transit,Kepler-176,0.072,0.9512,0.89,5232.0
Kepler-176 d,,0.224,25.751974,0.163,0.0,965.4,Primary Transit,Kepler-176,0.072,0.9512,0.89,5232.0
Kepler-176 e,,0.129,51.16579,0.0761,0.0,965.4,Primary Transit,Kepler-176,0.072,0.9512,0.89,5232.0
Kepler-1770 b,,0.25346,16.84189987,0.1261,0.0,699.0,Primary Transit,Kepler-1770,0.1,0.97,0.859,5520.0
Kepler-1771 Ab,,0.36177,88.64399719,0.3815,0.0,391.0,Primary Transit,Kepler-1771 A,0.0,0.941,0.934,5661.0
Kepler-1772 b,,0.23963,3.215090036,0.0418,0.0,1155.0,Primary Transit,Kepler-1772,0.12,0.99,1.8411,5582.0
Kepler-1773 b,,0.31267,40.80970001,0.2489,0.0,623.0,Primary Transit,Kepler-1773,0.26,1.16,1.41,6136.0
Kepler-1774 b,,0.28379,59.77080154,0.3096,0.0,522.0,Primary Transit,Kepler-1774,-0.275,1.09,1.174,5942.35
Kepler-1775 b,,0.32537,85.65399933,0.3986,0.0,522.0,Primary Transit,Kepler-1775,0.13800000000000004,1.08,1.266,5910.19
Kepler-1776 b,,0.232984,35.01190186,0.2142,0.0,602.0,Primary Transit,Kepler-1776,-0.1,1.09,1.132,5961.17
Kepler-1777 b,,0.19012,12.18420029,0.1031,0.0,819.0,Primary Transit,Kepler-1777,0.0509,0.99,1.0225,5600.06
Kepler-1778 b,,0.269125,10.08740044,0.0956,0.0,942.0,Primary Transit,Kepler-1778,-0.06,1.06,1.08,5875.0
Kepler-1779 b,,0.270579,16.34359932,0.1264,0.0,730.0,Primary Transit,Kepler-1779,0.15999999999999998,1.02,0.963,5714.0
Kepler-177 b,0.01837,0.312,35.8601,0.21045876842638692,0.0,1789.4,Primary Transit,Kepler-177,-0.11,0.92,1.32,5732.0
Kepler-177 c,0.04625,0.779,49.40926,0.2605943088022147,0.0,1789.4,Primary Transit,Kepler-177,-0.11,0.92,1.32,5732.0
Kepler-1780 b,,0.32171,109.4449997,0.4276,0.0,340.0,Primary Transit,Kepler-1780,0.0782,0.93,0.895,5385.22
Kepler-1781 b,,0.2123,4.88752985,0.0574,0.0,1003.0,Primary Transit,Kepler-1781,0.44,0.88,0.816,5190.0
Kepler-1782 Ab,,0.19886,5.756229877,0.0582,0.0,773.0,Primary Transit,Kepler-1782 A,0.0,0.79,0.741,4867.0
Kepler-1783 b,,0.11771,8.277440071,0.077,0.058,1088.0,Primary Transit,Kepler-1783,0.101,0.859,0.7588,5111.02
Kepler-1784 b,,0.249739,13.59049988,0.1072,0.1034,724.0,Primary Transit,Kepler-1784,0.1,0.96,0.966,5475.0
Kepler-1785 b,,0.24124,19.58550072,0.1379,0.0,666.0,Primary Transit,Kepler-1785,0.0,1.02,1.0169,5734.0
Kepler-1786 b,,0.28219,78.5460968,0.3659,0.0,501.0,Primary Transit,Kepler-1786,0.0,1.02,1.22294,5718.47
Kepler-1787 b,,0.20688,39.31370163,0.227,0.0,540.0,Primary Transit,Kepler-1787,-0.22,1.04,0.881,5808.0
Kepler-1788 b,,0.212197,2.800120115,0.0343,0.0,956.0,Primary Transit,Kepler-1788,-0.2,0.74,0.756,4670.0
Kepler-1789 b,,0.252594,80.23190308,0.3543,0.0,380.0,Primary Transit,Kepler-1789,0.12,0.96,0.845,5495.0
Kepler-178 b,,0.259,9.576694,0.085,0.402,830.2,Primary Transit,Kepler-178,-0.188,0.6512,1.07,5676.0
Kepler-178 c,,0.257,20.552802,0.142,0.402,830.2,Primary Transit,Kepler-178,-0.188,0.6512,1.07,5676.0
Kepler-178 d,,0.352,96.678988,0.397,0.402,830.2,Primary Transit,Kepler-178,-0.188,0.6512,1.07,5676.0
Kepler-1790 b,,0.2801,31.5889,0.20833026523610282,0.0,1159.2,Primary Transit,Kepler-1790,-0.089,1.15,1.39,6108.0
Kepler-1791 Ab,,0.27844,7.720860004,0.0761,0.0,1021.0,Primary Transit,Kepler-1791 A,-0.06,0.985,1.177,5887.0
Kepler-1792 b,,0.2248,4.1957798,0.0488,0.0,1047.0,Primary Transit,Kepler-1792,0.32,0.825,0.7467,4985.0
Kepler-1793 Ab,,0.3381,8.779999733,0.0787,0.0,713.0,Primary Transit,Kepler-1793 A,0.1909,0.91,0.9058,5300.76
Kepler-1794 c,,0.160069,9.762980461,0.0821,0.0,703.0,Primary Transit,Kepler-1794,0.019999999999999997,0.812,0.6759,4940.0
Kepler-1795 Ab,,0.14836,13.36019993,0.1002,0.0,520.0,Primary Transit,Kepler-1795 A,0.28,0.768,0.688,4500.0
Kepler-1796 b,,0.2453,29.4557991,0.1879,0.0,598.0,Primary Transit,Kepler-1796,-0.16,1.15,1.02456,6103.0
Kepler-1797 b,,0.272792,23.3593998,0.1637,0.0,684.0,Primary Transit,Kepler-1797,0.01,1.02,1.097,5709.57
Kepler-1798 Ab,,0.206006,16.85589981,0.1082,0.0,408.0,Primary Transit,Kepler-1798,0.104,0.65,0.641,3972.0
Kepler-1799 b,,0.36828,11.9296999,0.1028,0.0,770.0,Primary Transit,Kepler-1799,0.0,0.97,1.558,5540.0
Kepler-179 b,,0.146,2.735926,0.036,0.026600000000000006,1065.2,Primary Transit,Kepler-179,-0.01,0.922,0.76,5302.0
Kepler-179 c,,0.178,6.40013,0.064,0.026600000000000006,1065.2,Primary Transit,Kepler-179,-0.01,0.922,0.76,5302.0
Kepler-17 b,2.45,1.31,1.4857108,0.02591,0.010999999999999996,1570.0,Primary Transit,Kepler-17,0.26,1.16,1.05,5781.0
Kepler-1800 b,,0.0889284,4.562029839,0.0592,0.0,1533.0,Primary Transit,Kepler-1800,-0.257,0.89,0.9883,5211.68
Kepler-1801 b,,0.241701,10.44089985,0.0915,0.0,829.0,Primary Transit,Kepler-1801,-0.06,0.95,0.866,5455.0
Kepler-1801 c,,0.36212,116.5849991,0.4572,0.0,371.0,Primary Transit,Kepler-1801,-0.06,0.95,0.866,5455.0
Kepler-1802 Bb,,0.111,7.72515184,0.0653,0.2786,557.0,Primary Transit,Kepler-1802 B,0.0,0.649,0.637,4245.0
Kepler-1802 Bc,,0.168,33.1364259,0.1723,0.262,343.0,Primary Transit,Kepler-1802 B,0.0,0.649,0.637,4245.0
Kepler-1804 b,,0.14239,12.28849983,0.1017,0.0,913.0,Primary Transit,Kepler-1804,0.1,0.79,0.779,4869.0
Kepler-1805 b,,0.13784,8.847940445,0.0699,0.0,436.0,Primary Transit,Kepler-1805,0.1,0.585,0.596,3796.0
Kepler-1806 b,,0.2101,9.033320427,0.0813,0.0,729.0,Primary Transit,Kepler-1806,-0.039999999999999994,0.85,0.783,5078.0
Kepler-1807 b,,0.241228,10.86060047,0.0988,0.0,1108.0,Primary Transit,Kepler-1807,-0.2337,1.27,1.646,6363.16
Kepler-1808 b,,0.26987,23.3404007,0.1467,0.0,602.0,Primary Transit,Kepler-1808,-0.34,0.96,1.028,5491.0
Kepler-1809 b,,0.13498,3.7572999,0.0435,0.0,877.0,Primary Transit,Kepler-1809,0.029999999999999995,0.808,0.799,4922.21
Kepler-180 b,,0.134,13.817124,0.109,0.0058,800.2,Primary Transit,Kepler-180,-0.194,0.84,1.06,5731.0
Kepler-180 c,,0.269,41.885775,0.229,0.0058,800.2,Primary Transit,Kepler-180,-0.194,0.84,1.06,5731.0
Kepler-1810 b,,0.34954,101.1330032,0.4137,0.0,380.0,Primary Transit,Kepler-1810,0.1095,0.95,0.933,5453.7
Kepler-1811 b,,0.3433,76.42230225,0.3462,0.0,454.99999999999994,Primary Transit,Kepler-1811,0.15999999999999998,1.02,1.21,5733.0
Kepler-1812 b,,0.207415,7.165219784,0.0765,0.15999999999999998,1034.0,Primary Transit,Kepler-1812,0.1,1.24,1.152,6317.0
Kepler-1813 b,,0.12606,2.818160057,0.0364,0.0,1059.0,Primary Transit,Kepler-1813,-0.22,0.812,0.787,5167.0
Kepler-1814 b,,0.21135,2.935359955,0.0371,0.0,1022.0,Primary Transit,Kepler-1814,0.2,0.77,0.821,4761.0
Kepler-1814 c,,0.14765,0.626281977,0.0133,0.0,1711.0,Primary Transit,Kepler-1814,0.2,0.77,0.821,4761.0
Kepler-1815 b,,0.245242,12.19139957,0.0984,0.0,763.0,Primary Transit,Kepler-1815,-0.06,1.02,0.98,5730.0
Kepler-1816 b,,0.17557,91.50099945,0.3648,0.0,310.0,Primary Transit,Kepler-1816,-0.23,0.803,0.75,4906.0
Kepler-1817 b,,0.20279,44.29919815,0.2348,0.0,463.00000000000006,Primary Transit,Kepler-1817,0.15999999999999998,0.92,0.76,5318.0
Kepler-1818 b,,0.152878,4.644909859,0.055,0.0,1209.0,Primary Transit,Kepler-1818,-0.08,1.07,1.289,5908.0
Kepler-1819 b,,0.34825,16.48690033,0.1337,0.0,754.0,Primary Transit,Kepler-1819,0.21,1.01,1.144,5670.0
Kepler-181 Ab,,0.134,3.137845914,0.0391,0.0,1041.0,Primary Transit,Kepler-181 A,-0.023,0.87,0.81,5153.84
Kepler-181 Ac,,0.2195,4.302139338,0.0482,0.0,937.0,Primary Transit,Kepler-181 A,-0.023,0.87,0.81,5153.84
Kepler-1820 b,,0.278243,31.03249931,0.1964,0.0,561.0,Primary Transit,Kepler-1820,0.07,0.98,1.0496,5563.0
Kepler-1821 b,,0.23124,16.45809937,0.1244,0.0,644.0,Primary Transit,Kepler-1821,0.104,0.97,0.9468,5524.03
Kepler-1822 b,,0.23615,22.13339996,0.1416,0.0,507.0,Primary Transit,Kepler-1822,-0.32,0.92,0.844,5329.0
Kepler-1823 b,,0.1861,21.10339928,0.1528,0.0,804.0,Primary Transit,Kepler-1823,0.06,1.19,1.207,6198.0
Kepler-1824 b,,0.212438,95.61100006,0.4267,0.0,449.0,Primary Transit,Kepler-1824,0.2,1.25,1.16,6319.0
Kepler-1825 b,,0.12686,1.025869966,0.0187,0.0,1520.0,Primary Transit,Kepler-1825,0.0717,0.835,0.716,5021.85
Kepler-1826 b,,0.13159,1.615360022,0.0213,0.0,806.0,Primary Transit,Kepler-1826,-0.28,0.592,0.6048,3890.0
Kepler-1827 b,,0.16558,3.700619936,0.0455,0.0,1329.0,Primary Transit,Kepler-1827,-0.124,0.915,2.018,5387.0
Kepler-1828 b,,0.188769,10.2737999,0.0924,0.0,799.0,Primary Transit,Kepler-1828,-0.022,0.97,0.959,5528.0
Kepler-1829 b,,0.221145,5.186719894,0.0559,0.0,860.0,Primary Transit,Kepler-1829,0.0,0.84,0.828,5055.0
Kepler-182 b,,0.23,9.825792,0.096,0.0,1049.0,Primary Transit,Kepler-182,0.077,1.14,1.15,6250.0
Kepler-182 c,,0.306,20.684342,0.157,0.0,1049.0,Primary Transit,Kepler-182,0.077,1.14,1.15,6250.0
Kepler-1830 b,,0.297076,56.49330139,0.3259,0.0,681.0,Primary Transit,Kepler-1830,0.1498,1.22,1.75,6273.82
Kepler-1831 b,,0.1758,5.78387022,0.0655,0.0,1051.0,Primary Transit,Kepler-1831,0.07,1.03,0.948,5774.0
Kepler-1832 b,,0.10947,3.138789892,0.037,0.0,1022.0,Primary Transit,Kepler-1832,-0.42,0.91,0.811,5278.15
Kepler-1833 Ab,,0.116,6.892129898,0.0771,0.0,1146.0,Primary Transit,Kepler-1833 A,0.142,1.15,1.481,6100.88
Kepler-1834 b,,0.13016,4.603010178,0.0496,0.0,848.0,Primary Transit,Kepler-1834,0.15999999999999998,0.775,0.7451,4798.0
Kepler-1834 c,,0.1299,0.766691983,0.015,0.0,1541.0,Primary Transit,Kepler-1834,0.15999999999999998,0.775,0.7451,4798.0
Kepler-1835 b,,0.315267,11.96409988,0.0997,0.0,808.0,Primary Transit,Kepler-1835,-0.26,1.01,1.133,5672.0
Kepler-1836 b,,0.22777,5.254169941,0.0602,0.0,1093.0,Primary Transit,Kepler-1836,-0.14,1.03,1.022,5762.0
Kepler-1837 b,,0.18438,5.906089783,0.065,0.0,1012.0,Primary Transit,Kepler-1837,-0.02,0.99,0.975,5619.0
Kepler-1838 b,,0.1481,12.14680004,0.1096,0.25379999999999997,911.0,Primary Transit,Kepler-1838,0.046,1.119,1.698,6031.59
Kepler-1839 b,,0.17388,5.056759834,0.0583,0.0,1049.0,Primary Transit,Kepler-1839,-0.039999999999999994,1.0,1.309,5633.0
Kepler-183 b,,0.184,5.687945,0.064,0.0,1114.8,Primary Transit,Kepler-183,0.026,1.1124,0.96,5888.0
Kepler-183 c,,0.203,11.637071,0.103,0.0,1114.8,Primary Transit,Kepler-183,0.026,1.1124,0.96,5888.0
Kepler-1840 b,,0.24775,131.1900024,0.4644,0.0,284.0,Primary Transit,Kepler-1840,-0.03799999999999999,0.75,0.7738,4679.82
Kepler-1841 b,,0.13284,25.88599968,0.1606,0.0,542.0,Primary Transit,Kepler-1841,-0.12,0.92,0.856,5315.0
Kepler-1842 b,,0.209974,14.02639961,0.116,0.0,822.0,Primary Transit,Kepler-1842,0.06,0.98,1.039,5578.0
Kepler-1843 b,,0.24168,25.54339981,0.171,0.0,772.0,Primary Transit,Kepler-1843,-0.2,1.02,2.2969,5281.7
Kepler-1844 b,,0.273425,3.924510002,0.0478,0.0,1074.0,Primary Transit,Kepler-1844,-0.18,1.0,1.362,5633.0
Kepler-1845 b,,0.21751,11.60649967,0.0885,0.0,584.0,Primary Transit,Kepler-1845,-0.0316,0.786,0.707,4836.97
Kepler-1846 b,,0.157348,14.82009983,0.1089,0.19340000000000002,552.0,Primary Transit,Kepler-1846,0.275,0.8,0.7548,4895.16
Kepler-1847 b,,0.244903,11.12969971,0.0989,0.0,843.0,Primary Transit,Kepler-1847,-0.18,1.041,0.964,5892.0
Kepler-1848 b,,0.125686,5.604020119,0.0563,0.0,774.0,Primary Transit,Kepler-1848,0.0,0.769,0.81,4772.0
Kepler-1849 b,,0.212938,57.29290009,0.2597,0.102,355.0,Primary Transit,Kepler-1849,-0.1,0.75,0.707,4687.0
Kepler-184 b,,0.211,10.687576,0.092,0.0806,831.8,Primary Transit,Kepler-184,-0.338,0.7584000000000001,0.87,5788.0
Kepler-184 c,,0.176,20.303005,0.141,0.0806,831.8,Primary Transit,Kepler-184,-0.338,0.7584000000000001,0.87,5788.0
Kepler-184 d,,0.222,29.022358,0.179,0.0806,831.8,Primary Transit,Kepler-184,-0.338,0.7584000000000001,0.87,5788.0
Kepler-1850 b,,0.06504,1.385800004,0.0206,0.0,1008.0,Primary Transit,Kepler-1850,-0.22,0.678,0.697,4337.0
Kepler-1851 b,,0.348,12.02289963,0.1016,0.0,776.0,Primary Transit,Kepler-1851,-0.28,1.0,1.126,5629.0
Kepler-1852 b,,0.16826,7.970940113,0.0762,0.0,762.0,Primary Transit,Kepler-1852,0.24,0.81,0.83,4941.0
Kepler-1853 Ab,,0.135482,48.88819885,0.2395,0.0,386.0,Primary Transit,Kepler-1853 A,0.15999999999999998,0.77,0.768,4765.0
Kepler-1854 Ab,,0.25489,39.83110046,0.2119,0.0,420.0,Primary Transit,Kepler-1854 A,0.0,0.8,0.759,5026.0
Kepler-1855 Ab,,0.10849,0.727330983,0.0115,0.0,849.0,Primary Transit,Kepler-1855 A,0.07,0.604,0.6198,3479.0
Kepler-1856 Ab,,0.154734,1.302000046,0.0215,0.0,1344.0,Primary Transit,Kepler-1856 A,0.14,0.79,0.96,4864.0
Kepler-1857 b,,0.1749,8.94340992,0.0807,0.0,946.0,Primary Transit,Kepler-1857,-0.54,1.17,1.11,6147.0
Kepler-1858 b,,0.21599,88.07160187,0.3575,0.0,325.0,Primary Transit,Kepler-1858,0.207,0.84,0.773,5058.9
Kepler-1859 b,,0.141236,2.729599953,0.0394,0.0,1455.0,Primary Transit,Kepler-1859,0.068,1.05,1.164,5845.23
Kepler-1859 c,,0.15318,3.596430063,0.0473,0.0,1327.0,Primary Transit,Kepler-1859,0.068,1.05,1.164,5845.23
Kepler-185 Ab,,0.1008,1.632916419,0.0253,0.0,1237.0,Primary Transit,Kepler-185 A,-0.039999999999999994,0.85,0.725,5071.0
Kepler-185 Ac,,0.1731,20.72904234,0.1378,0.0,530.0,Primary Transit,Kepler-185 A,-0.039999999999999994,0.85,0.725,5071.0
Kepler-1860 b,,0.10158,12.73719978,0.1021,0.0,697.0,Primary Transit,Kepler-1860,0.328,0.96,0.897,5491.41
Kepler-1861 b,,0.19687,40.0306015,0.2408,0.0,617.0,Primary Transit,Kepler-1861,0.2667,1.04,1.407,5783.31
Kepler-1862 b,,0.19654,16.05730057,0.1199,0.0,645.0,Primary Transit,Kepler-1862,-0.24,0.94,0.895,5391.0
Kepler-1863 b,,0.20189,44.99760056,0.2555,0.0,508.0,Primary Transit,Kepler-1863,-0.48600000000000004,1.05,1.571,5828.35
Kepler-1864 b,,0.06727,3.881510019,0.0488,0.158,1156.0,Primary Transit,Kepler-1864,0.05740000000000001,1.031,1.04,5758.53
Kepler-1865 b,,0.140674,2.524009943,0.0344,0.052,1203.0,Primary Transit,Kepler-1865,-0.06,0.87,0.8609,5147.0
Kepler-1866 b,,0.18575,11.66009998,0.1047,0.17420000000000002,834.0,Primary Transit,Kepler-1866,0.15999999999999998,1.04,1.17,5786.0
Kepler-1867 b,,0.103471,9.887359619,0.0872,0.165,768.0,Primary Transit,Kepler-1867,0.011,0.991,1.366,5603.03
Kepler-1868 b,,0.280982,211.0339966,0.6266,0.1346,215.0,Primary Transit,Kepler-1868,-0.076,0.717,0.751,4548.13
Kepler-1869 b,,0.099876,8.167360306,0.0791,0.0,865.0,Primary Transit,Kepler-1869,0.0,1.034,0.944,5770.0
Kepler-1869 c,,0.074039,1.716840029,0.028,0.0,1455.0,Primary Transit,Kepler-1869,0.0,1.034,0.944,5770.0
Kepler-186 b,,0.095,3.8867907,0.0343,0.032799999999999996,610.2,Primary Transit,Kepler-186,-0.26,0.54,0.52,3755.0
Kepler-186 c,,0.112,7.267302,0.0451,0.032799999999999996,610.2,Primary Transit,Kepler-186,-0.26,0.54,0.52,3755.0
Kepler-186 d,,0.125,13.342996,0.0781,0.032799999999999996,610.2,Primary Transit,Kepler-186,-0.26,0.54,0.52,3755.0
Kepler-186 e,,0.113,22.407704,0.11,0.032799999999999996,610.2,Primary Transit,Kepler-186,-0.26,0.54,0.52,3755.0
Kepler-186 f,,0.104,129.9441,0.432,0.04,1201.8,Primary Transit,Kepler-186,-0.26,0.54,0.52,3755.0
Kepler-1870 b,,0.187476,3.606940031,0.0453,0.0,1046.0,Primary Transit,Kepler-1870,0.07,0.932,0.888,5378.0
Kepler-1871 b,,0.21599,1.952700019,0.0308,0.0,1403.0,Primary Transit,Kepler-1871,0.376,0.92,1.18,5318.1
Kepler-1872 b,,0.21269,3.825910091,0.0465,0.0,1005.0,Primary Transit,Kepler-1872,0.32,0.8,0.776,4897.0
Kepler-1873 b,,0.145036,0.558842003,0.0128,0.0,1787.0,Primary Transit,Kepler-1873,0.2,0.83,0.83,5154.0
Kepler-1874 Ab,,0.19725,56.57320023,0.2633,0.0,356.0,Primary Transit,Kepler-1874 A,-0.2,0.667,0.639,4514.0
Kepler-1875 Ab,,0.287878,34.45859909,0.2039,0.383,559.0,Primary Transit,Kepler-1875 A,-0.5,1.15,1.429,6100.0
Kepler-1876 b,0.0076,0.0761,6.99205,0.0758,0.009999999999999995,1300.0,Primary Transit,Kepler-1876,0.01,1.19,1.48,6104.0
Kepler-1877 Ab,,0.05567,2.377569914,0.0351,0.0,1278.0,Primary Transit,Kepler-1877 A,0.158,0.954,1.022,5459.59
Kepler-1878 Ab,,0.2605,4.445879936,0.0521,0.0,1063.0,Primary Transit,Kepler-1878,-0.26,1.03,1.252,5744.0
Kepler-1879 b,,0.184237,10.61340046,0.0953,0.0,987.0,Primary Transit,Kepler-1879,-0.044,1.06,1.513,5854.91
Kepler-187 b,,0.126,4.938864,0.059,0.03400000000000001,938.8,Primary Transit,Kepler-187,-0.345,0.85,1.29,6105.0
Kepler-187 c,,0.238,10.640263,0.099,0.03400000000000001,938.8,Primary Transit,Kepler-187,-0.345,0.85,1.29,6105.0
Kepler-1880 b,,0.18885,6.309219837,0.054,0.0,606.0,Primary Transit,Kepler-1880,-0.92,0.7,0.689,4483.0
Kepler-1881 Ab,,0.26595,159.3939972,0.5368,0.0,289.0,Primary Transit,Kepler-1881 A,-0.14,0.87,0.88,5156.0
Kepler-1882 Ab,,0.132636,13.78730011,0.1151,0.123,894.0,Primary Transit,Kepler-1882 A,0.2974,0.98,1.405,5579.42
Kepler-1883 b,,0.29004,103.427002,0.4438,0.0,416.0,Primary Transit,Kepler-1883,-0.12,1.01,1.019,5667.0
Kepler-1884 b,,0.16184,8.988320351,0.0845,0.0,864.0,Primary Transit,Kepler-1884,-0.2,1.12,1.26,6031.0
Kepler-1885 b,,0.134812,2.522559881,0.036,0.0,1205.0,Primary Transit,Kepler-1885,0.07,0.91,0.975,5280.0
Kepler-1886 Ab,,0.230308,24.2758007,0.16,0.0,580.0,Primary Transit,Kepler-1886 A,-0.2,0.99,0.888,5581.0
Kepler-1887 b,,0.260908,19.94750023,0.1421,0.0,625.0,Primary Transit,Kepler-1887,-0.1,0.95,0.904,5443.0
Kepler-1888 Ab,,0.1182791,11.39169979,0.0956,0.0,886.0,Primary Transit,Kepler-1888 A,0.445,0.95,1.741,5426.1
Kepler-1889 b,,0.262613,37.30369949,0.2082,0.0,493.0,Primary Transit,Kepler-1889,-0.28,1.12,1.177,6036.0
Kepler-188 b,,0.15,2.061897,0.032,0.026799999999999997,1120.8,Primary Transit,Kepler-188,0.1,1.0304,1.14,6021.0
Kepler-188 c,,0.285,5.996553,0.066,0.026799999999999997,1120.8,Primary Transit,Kepler-188,0.1,1.0304,1.14,6021.0
Kepler-1890 Ab,,0.077492,4.820590019,0.0563,0.0,1328.0,Primary Transit,Kepler-1890 A,-0.16,1.1,1.265,5981.61
Kepler-1891 b,,0.1357,4.02229023,0.0473,0.0,1017.0,Primary Transit,Kepler-1891,0.332,0.96,0.848,5484.37
Kepler-1892 b,,0.16389,6.331230164,0.0633,0.1454,822.0,Primary Transit,Kepler-1892,-0.22,0.92,0.822,5353.0
Kepler-1893 b,,0.15211,4.179369926,0.0497,0.0,1194.0,Primary Transit,Kepler-1893,0.15999999999999998,1.02,1.22,5720.0
Kepler-1894 Ab,,0.107,2.762660027,0.0385,0.0,1231.0,Primary Transit,Kepler-1894 A,0.0,0.96,0.817,5467.0
Kepler-1894 Ac,,0.141753,5.053750038,0.0576,0.0,1007.0,Primary Transit,Kepler-1894 A,0.0,0.96,0.817,5467.0
Kepler-1895 b,,0.18905,6.070290089,0.0615,0.0,789.0,Primary Transit,Kepler-1895,0.1,0.8,1.064,4903.0
Kepler-1896 b,,0.277,44.87020111,0.2529,0.0,536.0,Primary Transit,Kepler-1896,-0.1,1.08,1.156,5932.0
Kepler-1897 Ab,,0.25105,24.22030067,0.1556,0.0,505.0,Primary Transit,Kepler-1897 A,0.04000000000000001,0.82,0.863,4962.0
Kepler-1898 b,,0.083264,4.76559135,0.0522,0.0,1167.0,Primary Transit,Kepler-1898,0.235,0.984,0.817,5575.0
Kepler-1899 b,,0.1383,4.095779896,0.0457,0.0,851.0,Primary Transit,Kepler-1899,0.1968,0.76,0.6858,4732.81
Kepler-189 b,,0.108,10.399931,0.088,0.051840000000000004,805.6,Primary Transit,Kepler-189,-0.134,0.79,0.75,5235.0
Kepler-189 c,,0.212,20.134866,0.137,0.051840000000000004,805.6,Primary Transit,Kepler-189,-0.134,0.79,0.75,5235.0
Kepler-18 b,0.022,0.178,3.504725,0.0447,0.0,1506.4,Primary Transit,Kepler-18,0.19,0.97,1.11,5345.0
Kepler-18 c,0.054,0.49,7.64159,0.0752,0.0,1506.4,Primary Transit,Kepler-18,0.19,0.97,1.11,5345.0
Kepler-18 d,0.052,0.623,14.85888,0.1172,0.0,1506.4,Primary Transit,Kepler-18,0.19,0.97,1.11,5345.0
Kepler-1900 b,,0.1448,2.986229897,0.042,0.0,1356.0,Primary Transit,Kepler-1900,-0.028,1.06,1.252,5853.0
Kepler-1901 b,,0.1315,3.484129906,0.0453,0.0,1132.0,Primary Transit,Kepler-1901,0.14,1.01,1.035,5662.0
Kepler-1902 Ab,,0.10483,3.822220087,0.0385,0.0,601.0,Primary Transit,Kepler-1902 A,0.06,0.5985,0.6129,3875.0
Kepler-1903 b,,0.20394,17.0678997,0.1321,0.0,775.0,Primary Transit,Kepler-1903,-0.34,1.13,1.266,6069.0
Kepler-1904 b,,0.124,4.577020168,0.0436,0.0,567.0,Primary Transit,Kepler-1904,-0.1,0.5069,0.509,3833.0
Kepler-1905 b,,0.129,3.42392993,0.0451,0.0,1212.0,Primary Transit,Kepler-1905,0.112,0.99,1.028,5609.94
Kepler-1906 b,,0.24766,7.362689972,0.0738,0.0,901.0,Primary Transit,Kepler-1906,-0.12,1.02,1.344,5723.0
Kepler-1907 b,,0.07759,5.652450085,0.0565,0.0,856.0,Primary Transit,Kepler-1907,-0.16,0.831,0.647,5007.0
Kepler-1907 c,,0.10304,14.86390018,0.1076,0.0,620.0,Primary Transit,Kepler-1907,-0.16,0.831,0.647,5007.0
Kepler-1909 Ab,,0.09742,2.391609907,0.0306,0.0,1031.0,Primary Transit,Kepler-1909 A,-0.222,0.819,0.697,4962.52
Kepler-190 b,,0.139,2.019999,0.03,0.0,1054.6,Primary Transit,Kepler-190,0.009,0.84,0.8,5106.0
Kepler-190 c,,0.13,3.763024,0.045,0.0,1054.6,Primary Transit,Kepler-190,0.009,0.84,0.8,5106.0
Kepler-1910 Ab,,0.10563,5.688769817,0.0536,0.0,645.0,Primary Transit,Kepler-1910 A,-0.02,0.636,0.639,4234.0
Kepler-1911 Ab,,0.0902,5.990799904,0.0636,0.0,987.0,Primary Transit,Kepler-1911 A,0.0,1.012,0.9417,5687.0
Kepler-1912 b,,0.121038,6.059219837,0.0646,0.0,976.0,Primary Transit,Kepler-1912,0.0508,1.0,0.9886,5641.52
Kepler-1913 b,,0.13543,14.1960001,0.1209,0.0,818.0,Primary Transit,Kepler-1913,0.044,1.11,0.867,6005.0
Kepler-1914 Ab,,0.26247,30.82789993,0.1954,0.0,585.0,Primary Transit,Kepler-1914 A,-0.039999999999999994,1.01,1.135,5664.0
Kepler-1915 Ab,,0.28709,13.83539963,0.114,0.0,809.0,Primary Transit,Kepler-1915 A,-0.06,1.03,1.084,5743.0
Kepler-1916 Ab,,0.23347,31.25429916,0.2053,0.0,635.0,Primary Transit,Kepler-1916 A,0.07,1.06,1.2447,5852.0
Kepler-1917 Ab,,0.16853,12.90240002,0.103,0.0,675.0,Primary Transit,Kepler-1917 A,-0.00246,0.89,0.867,5229.22
Kepler-1918 b,,0.20493,47.0564003,0.2524,0.0,497.0,Primary Transit,Kepler-1918,-0.16,0.93,0.8085,5376.0
Kepler-1919 b,,0.2341,37.88660049,0.2107,0.0,479.0,Primary Transit,Kepler-1919,-0.16,0.9,0.879,5257.0
Kepler-191 b,,0.12,9.939632,0.087,0.0,1056.8,Primary Transit,Kepler-191,0.006,0.85,0.79,5282.0
Kepler-191 c,,0.166,17.738506,0.128,0.0,1056.8,Primary Transit,Kepler-191,0.006,0.85,0.79,5282.0
Kepler-191 d,,0.203,5.94504102,0.06185948455538456,0.0,1056.8,Primary Transit,Kepler-191,0.006,0.85,0.79,5282.0
Kepler-1920 b,,0.26354,30.2541008,0.2043,0.0,663.0,Primary Transit,Kepler-1920,0.051000000000000004,1.06,1.084,5873.66
Kepler-1921 b,,0.25819,20.03479958,0.1557,0.0,967.0,Primary Transit,Kepler-1921,-0.013,1.17,2.22,6156.49
Kepler-1921 c,,0.15051,3.157219887,0.0454,0.0,1791.0,Primary Transit,Kepler-1921,-0.013,1.17,2.22,6156.49
Kepler-1922 Ab,,0.2043,13.22259998,0.1077,0.0,740.0,Primary Transit,Kepler-1922 A,-0.2,1.0,1.254,5626.42
Kepler-1923 b,,0.17477,52.60969925,0.2846,0.0,553.0,Primary Transit,Kepler-1923,0.15999999999999998,0.967,1.013,5500.42
Kepler-1924 Ab,,0.23678,15.33170033,0.1216,0.0,821.0,Primary Transit,Kepler-1924 A,-0.0796,1.01,1.736,5683.3
Kepler-1925 b,,0.27,46.71640015,0.2588,0.0,531.0,Primary Transit,Kepler-1925,0.15999999999999998,1.02,1.544,5731.0
Kepler-1926 Ab,,0.20653,42.87770081,0.2197,0.0,451.0,Primary Transit,Kepler-1926 A,-0.16,0.83,0.6348,4991.0
Kepler-1927 Ab,,0.30387,73.75039673,0.3859,0.0,677.0,Primary Transit,Kepler-1927 A,0.13800000000000004,1.11,2.254,6002.51
Kepler-1928 Ab,,0.17772,19.57783,0.194,0.43,755.0,Primary Transit,Kepler-1928 A,0.12,1.01,0.92,5720.0
Kepler-1929 Ab,,0.27407,59.36249924,0.2987,0.0,566.0,Primary Transit,Kepler-1929 A,-0.042499999999999996,1.01,2.038,5686.6
Kepler-192 Ab,,0.244,9.926746,0.09,0.126,672.6,Primary Transit,Kepler-192 A,-0.153,0.7548,1.01,5479.0
Kepler-192 Ac,,0.249,21.2234,0.15,0.126,672.6,Primary Transit,Kepler-192 A,-0.153,0.7548,1.01,5479.0
Kepler-192 Ad,,0.091,6.47027579,0.0761,0.126,672.6,Primary Transit,Kepler-192 A,-0.153,0.7548,1.01,5479.0
Kepler-1930 b,,0.13641,13.02680016,0.1025,0.0,643.0,Primary Transit,Kepler-1930,0.051000000000000004,0.817,0.757,4957.62
Kepler-1931 b,,0.23669,38.5760994,0.2356,0.0,619.0,Primary Transit,Kepler-1931,-0.1096,1.19,1.493,6205.12
Kepler-1932 Ab,,0.135142,0.524177015,0.014228,0.0,1891.0,Primary Transit,Kepler-1932 A,0.14,0.86,0.847,5120.0
Kepler-1933 Ab,,0.105256,4.943290234,0.0561,0.0,1058.0,Primary Transit,Kepler-1933 A,-0.03799999999999999,1.026,0.884,5742.17
Kepler-1934 b,,0.08145,1.419759989,0.0245,0.0,1700.0,Primary Transit,Kepler-1934,-0.138,1.059,1.099,5859.78
Kepler-1935 Ab,,0.223,3.951400042,0.0463,0.0,1083.0,Primary Transit,Kepler-1935 A,-0.18,0.99,1.284,5598.0
Kepler-1936 b,,0.28245,126.5569992,0.5548,0.0,524.0,Primary Transit,Kepler-1936,0.082,1.28,1.376,6397.79
Kepler-1937 Ab,,0.2694,9.688599586,0.0943,0.0,1014.0,Primary Transit,Kepler-1937 A,-0.06,1.18,1.113,6169.0
Kepler-1938 b,,0.16308,13.06260014,0.0938,0.0,527.0,Primary Transit,Kepler-1938,-0.22,0.724,0.751,4582.0
Kepler-1939 Ab,,0.103917,2.790659904,0.0334,0.0,816.0,Primary Transit,Kepler-1939 A,0.296,0.6416999999999999,0.712,4525.59
Kepler-193 b,,0.213,11.38848,0.106,0.098,645.2,Primary Transit,Kepler-193,-0.011,0.6088,1.15,6335.0
Kepler-193 c,,0.245,50.697494,0.286,0.098,645.2,Primary Transit,Kepler-193,-0.011,0.6088,1.15,6335.0
Kepler-1940 b,,0.13802,4.950610161,0.0525,0.0,885.0,Primary Transit,Kepler-1940,-0.44,0.9,0.778,5264.0
Kepler-1941 b,,0.23633,31.33510017,0.2054,0.0,666.0,Primary Transit,Kepler-1941,-0.01,1.23,1.394,6283.0
Kepler-1942 Ab,,0.18887,4.626049995,0.0516,0.0,1012.0,Primary Transit,Kepler-1942 A,-0.5,1.0,0.964,5630.0
Kepler-1943 Ab,,0.1381,4.850180149,0.0571,0.0,1098.0,Primary Transit,Kepler-1943 A,-0.2167,1.02,1.69,5732.29
Kepler-1944 Ab,,0.24614,9.842579842,0.0918,0.0,801.0,Primary Transit,Kepler-1944 A,0.48,0.93,1.048,5374.0
Kepler-1945 Ab,,0.115,6.080039978,0.0597,0.0,808.0,Primary Transit,Kepler-1945 A,0.04000000000000001,0.767,0.804,4991.0
Kepler-1946 b,,0.22197,3.035190105,0.0394,0.0,1143.0,Primary Transit,Kepler-1946,-0.039999999999999994,0.9,0.877,5249.0
Kepler-1947 b,,0.0901,6.963630199,0.0711,0.0,1298.0,Primary Transit,Kepler-1947,0.1645,1.104,1.33,5992.88
Kepler-1948 Ab,,0.09207,15.57129955,0.1022,0.0,399.0,Primary Transit,Kepler-1948 A,-0.019999999999999997,0.611,0.799,3932.0
Kepler-1949 Ab,,0.19797,2.208280087,0.0352,0.0,1709.0,Primary Transit,Kepler-1949 A,0.0841,1.08,2.15,5930.28
Kepler-194 b,,0.135,2.092281,0.032,0.096,685.4000000000001,Primary Transit,Kepler-194,-0.298,0.962,1.02,6089.0
Kepler-194 c,,0.231,17.308032,0.131,0.096,685.4000000000001,Primary Transit,Kepler-194,-0.298,0.962,1.02,6089.0
Kepler-194 d,,0.214,52.814973,0.275,0.096,685.4000000000001,Primary Transit,Kepler-194,-0.298,0.962,1.02,6089.0
Kepler-1950 Ab,,0.13623,10.77690029,0.0871,0.0,752.0,Primary Transit,Kepler-1950 A,-0.34,0.97,0.843,5526.06
Kepler-1951 b,,0.20707,20.65780067,0.1435,0.0,728.0,Primary Transit,Kepler-1951,0.14,0.94,2.04,5391.0
Kepler-1952 Ab,,0.11054,27.21080017,0.1724,0.0,725.0,Primary Transit,Kepler-1952 A,-0.34,0.922,1.305,5973.0
Kepler-1953 b,,0.114703,6.245659828,0.0607,0.0,731.0,Primary Transit,Kepler-1953,-0.02,0.73,0.755,4621.0
Kepler-1954 b,,0.16076,5.883430004,0.0625,0.0,949.0,Primary Transit,Kepler-1954,-0.24,1.07,1.01,5891.0
Kepler-1955 b,,0.10402,14.26519966,0.117,0.0,853.0,Primary Transit,Kepler-1955,0.207,1.05,1.2789,5825.26
Kepler-1956 b,,0.09715,5.943719864,0.0563,0.0,674.0,Primary Transit,Kepler-1956,0.04000000000000001,0.656,0.569,4191.0
Kepler-1957 Ab,,0.084192,2.186619997,0.0299,0.0,1099.0,Primary Transit,Kepler-1957 A,-0.095,0.75,0.752,4709.51
Kepler-1958 Ab,,0.18298,9.328619957,0.0856,0.0,806.0,Primary Transit,Kepler-1958 A,-0.1,0.96,1.11,5474.0
Kepler-1959 b,,0.10197,6.38669014,0.0617,0.0,811.0,Primary Transit,Kepler-1959,-0.02,0.826,0.776,4989.0
Kepler-195 b,,0.181,8.307872,0.077,0.011999999999999997,905.0,Primary Transit,Kepler-195,-0.05199999999999999,1.006,0.78,5329.0
Kepler-195 c,,0.138,34.096863,0.197,0.011999999999999997,905.0,Primary Transit,Kepler-195,-0.05199999999999999,1.006,0.78,5329.0
Kepler-1960 b,,0.1166,2.297940016,0.0354,0.0,1547.0,Primary Transit,Kepler-1960,-0.0329,1.083,1.035,5938.54
Kepler-1961 b,,0.14435,5.604710102,0.0588,0.0,866.0,Primary Transit,Kepler-1961,-0.16,0.88,0.907,5171.0
Kepler-1962 b,,0.10831,7.991459846,0.0783,0.0,901.0,Primary Transit,Kepler-1962,-0.1085,1.03,0.87,5766.0
Kepler-1963 b,,0.0664088,1.962260008,0.0298,0.0,1448.0,Primary Transit,Kepler-1963,-0.1,0.96,0.826,5470.0
Kepler-1964 b,,0.15889,2.440829992,0.0322,0.0,986.0,Primary Transit,Kepler-1964,-0.08,0.752,0.698,4803.0
Kepler-1965 Ab,,0.1208,41.86869812,0.2301,0.0,492.0,Primary Transit,Kepler-1965 A,0.011,0.976,0.993,5542.49
Kepler-1966 Ab,,0.0985627,8.617429733,0.0763,0.0,733.0,Primary Transit,Kepler-1966 A,-0.3044,0.77,0.7644,4764.58
Kepler-1967 b,,0.0651464,7.281690121,0.0735,0.0,1086.0,Primary Transit,Kepler-1967,0.32,0.779,0.749,4813.0
Kepler-1968 b,,0.134,7.281099796,0.0696,0.0,744.0,Primary Transit,Kepler-1968,0.18,0.76,0.7,4748.0
Kepler-1969 Ab,,0.14997,6.647520065,0.0717,0.0,999.0,Primary Transit,Kepler-1969 A,-0.04759999999999999,0.99,0.865,5591.0
Kepler-196 b,,0.17,20.739886,0.138,0.001999999999999988,1063.2,Primary Transit,Kepler-196,0.071,0.6922,0.78,5128.0
Kepler-196 c,,0.2,47.427737,0.24,0.001999999999999988,1063.2,Primary Transit,Kepler-196,0.071,0.6922,0.78,5128.0
Kepler-196 d,,0.2373,122.0800018,0.4484,0.0944,297.0,Primary Transit,Kepler-196,0.071,0.927,0.78,5128.0
Kepler-1971 b,0.00107,0.0455,0.412,0.008,0.0,1180.0,Primary Transit,Kepler-1971,0.1,0.4099999999999999,0.4,3515.0
Kepler-1972 Ab,0.00636,0.07155,7.54425,0.0794,0.067,1392.0,Primary Transit,Kepler-1972 A,0.23,1.12,1.384,5818.0
Kepler-1972 Ac,0.00664,0.07744,11.3295,0.1025,0.043,1408.0,Primary Transit,Kepler-1972 A,0.23,1.12,1.384,5818.0
Kepler-1973 Ab,0.0544,0.384,4.2881785,0.0504,0.12,1022.0,Primary Transit,Kepler-1973 A,0.12,0.928,0.818,5295.0
Kepler-1974 b,,0.1981,6.8430341,0.0678,0.0,805.0,Primary Transit,Kepler-1974,0.14,0.883,0.827,5225.0
Kepler-1975 Ab,,0.2088,24.278571,0.15225913665342342,0.0806,849.8,Primary Transit,Kepler-1975 A,-0.06,0.76,0.79,4324.0
Kepler-1976 b,,1.09,4.959319244,0.0565,0.0,1103.0,"Primary Transit, TTV",Kepler-1976,0.08,1.02,1.062,5734.0
Kepler-1977 Bb,,0.1624,4.537000179,0.0486,0.0,798.0,Primary Transit,Kepler-1977 B,-0.246,0.73,0.706,4606.75
Kepler-1978 b,,0.27,10.84969997,0.0914,0.0,676.0,Primary Transit,Kepler-1978,-0.039999999999999994,0.87,0.889,5155.0
Kepler-1979 Ab,,0.38559,18.50849915,0.1383,0.0,683.0,Primary Transit,Kepler-1979 A,0.1786,1.01,0.923,5690.05
Kepler-197 Ab,,0.09921,5.59931543,0.0586,0.020000000000000004,1142.0,Primary Transit,Kepler-197 A,-0.441,1.093,1.2094,5963.52
Kepler-197 Ac,0.017,0.11669,10.34973276,0.0883,0.08,930.0,Primary Transit,Kepler-197 A,-0.441,1.093,1.2094,5963.52
Kepler-197 Ad,,0.10625,15.67750191,0.1164,0.03,810.0,Primary Transit,Kepler-197 A,-0.441,1.093,1.2094,5963.52
Kepler-197 Ae,,0.0827,25.2100146,0.1598,0.38,691.0,Primary Transit,Kepler-197 A,-0.441,1.093,1.2094,5963.52
Kepler-1980 b,,0.1972,33.0257179,0.2049,0.0,564.0,Primary Transit,Kepler-1980,0.14,1.01,1.34,5671.0
Kepler-1981 Ab,,0.83968,453.5429993,1.3292,0.0,390.0,Primary Transit,Kepler-1981 A,-0.1958,1.07,1.274,5883.45
Kepler-1982 b,,0.077313,3.823159933,0.0511,0.0,1282.0,Primary Transit,Kepler-1982,0.21,1.31,1.227,6451.0
Kepler-1983 b,,0.14658,7.328519821,0.0689,0.0,807.0,Primary Transit,Kepler-1983,0.12,0.835,0.759,5022.0
Kepler-1984 Ab,,0.071871,1.99285996,0.0238,0.12539999999999998,675.0,Primary Transit,Kepler-1984 A,-0.14,0.45,0.42,3638.0
Kepler-1985 b,,0.1981,3.420650005,0.0426,0.0,1129.0,Primary Transit,Kepler-1985,0.14,0.877,0.966,5370.0
Kepler-1986 Ab,,0.2632,19.54929924,0.1307,0.0,579.0,Primary Transit,Kepler-1986,-0.318,0.91,0.7403,5293.51
Kepler-1987 Bb,,0.1347,2.345860004,0.0318,0.0,1003.0,Primary Transit,Kepler-1987 B,0.12,0.75,0.738,4711.0
Kepler-1987 Bc,,0.1187,3.64830183,0.0427,0.0,860.0,Primary Transit,Kepler-1987 B,0.12,0.75,0.738,4711.0
Kepler-1987 Bd,,0.29129,5.644889832,0.0571,0.0,744.0,Primary Transit,Kepler-1987 B,0.12,0.75,0.738,4711.0
Kepler-1987 Be,,0.21884,8.742970467,0.0765,0.0,647.0,Primary Transit,Kepler-1987 B,0.12,0.75,0.738,4711.0
Kepler-1988 Ab,,0.1383,11.49499989,0.1038,0.0,1105.0,Primary Transit,Kepler-1988 A,-0.182,1.127,1.788,5801.01
Kepler-1989 Ab,,0.42475,10.16100025,0.0918,0.0,904.0,Primary Transit,Kepler-1989 A,-0.14,1.09,1.296,5953.0
Kepler-198 b,,0.252,17.790037,0.131,0.10599999999999998,666.0,Primary Transit,Kepler-198,-0.14,0.93,0.94,5574.0
Kepler-198 c,,0.22,49.567416,0.259,0.10599999999999998,666.0,Primary Transit,Kepler-198,-0.14,0.93,0.94,5574.0
Kepler-198 d,,0.136,1.31184443,0.023276229177827356,0.10599999999999998,666.0,Primary Transit,Kepler-198,-0.14,0.93,0.94,5574.0
Kepler-1990 b,,0.34919,1.735129952,0.0286,0.0,1554.0,Primary Transit,Kepler-1990,0.21,1.08,1.0804,5940.0
Kepler-1990 c,,0.1059,4.068429947,0.0504,0.0,1170.0,Primary Transit,Kepler-1990,0.21,1.08,1.0804,5940.0
Kepler-1991 b,,0.16469,13.26080036,0.1065,0.0,760.0,Primary Transit,Kepler-1991,0.15999999999999998,0.96,0.98,5477.0
Kepler-1991 c,,0.25944,22.79019928,0.1528,0.0,634.0,Primary Transit,Kepler-1991,0.15999999999999998,0.96,0.98,5477.0
Kepler-1992 b,,0.09162,15.61120033,0.1169,0.0,637.0,Primary Transit,Kepler-1992,-0.1236,0.93,1.1425,5373.47
Kepler-1993 b,,0.39495,26.65660095,0.1943,0.0,903.0,Primary Transit,Kepler-1993,0.0527,1.373,3.14,4939.47
Kepler-1994 b,,0.05549,4.612319946,0.053,0.0,1026.0,Primary Transit,Kepler-1994,0.258,0.921,1.1147,5337.39
Kepler-1995 b,,0.4119,73.75779724,0.3259,0.0,375.0,Primary Transit,Kepler-1995,0.48,0.75,0.798,4693.0
Kepler-1996 b,,0.20466,32.37609863,0.1726,0.0,392.0,Primary Transit,Kepler-1996,0.08,0.71,0.765,4519.0
Kepler-1996 c,,0.25096,92.72949982,0.3608,0.0,267.0,Primary Transit,Kepler-1996,0.08,0.71,0.765,4519.0
Kepler-1997 Ab,,0.21795,26.75749969,0.1815,0.0,660.0,Primary Transit,Kepler-1997 A,-0.06,1.12,1.06582,6031.0
Kepler-1998 b,,0.061933,3.03263998,0.0405,0.0,1187.0,Primary Transit,Kepler-1998,0.09600000000000002,0.985,0.9914,5581.44
Kepler-1999 b,,0.31698,8.739450455,0.0713,0.0,577.0,Primary Transit,Kepler-1999,-0.24,0.68,0.7143,4376.0
Kepler-199 Bb,,0.277,23.637604,0.158,0.009999999999999995,930.2,Primary Transit,Kepler-199 B,-0.048,1.01,0.918,5698.3
Kepler-199 Bc,,0.29,67.093408,0.316,0.009999999999999995,930.2,Primary Transit,Kepler-199 B,-0.048,1.01,0.918,5698.3
Kepler-19 b,0.02643,0.198,9.28716,0.085,0.12,912.8,Primary Transit,Kepler-19,-0.08,0.94,0.86,5544.0
Kepler-2000 b,,0.2962,6.383150101,0.0562,0.0,523.0,Primary Transit,Kepler-2000,0.48,0.632,0.656,3886.0
Kepler-2000 c,,0.196,20.6182003,0.1228,0.0,354.0,Primary Transit,Kepler-2000,0.48,0.632,0.656,3886.0
Kepler-2001 b,,0.1062,1.090039968,0.0197,0.0,1402.0,Primary Transit,Kepler-2001,0.12,0.79,0.759,4838.0
Kepler-2001 c,,0.364,14.09449959,0.1084,0.0,597.0,Primary Transit,Kepler-2001,0.12,0.79,0.759,4838.0
Kepler-2003 b,,0.062,0.941967,0.01859729667996583,0.1918,253.0,Primary Transit,Kepler-2003,-0.08,0.92,0.952,5544.0
Kepler-200 b,,0.19,8.594805,0.08,0.05842,675.2,Primary Transit,Kepler-200,-0.118,1.063,0.94,5678.0
Kepler-200 c,,0.142,10.222157,0.09,0.05842,675.2,Primary Transit,Kepler-200,-0.118,1.063,0.94,5678.0
Kepler-201 b,,0.219,25.672083,0.175,0.18,1297.0,Primary Transit,Kepler-201,-0.279,1.17,1.23,6065.0
Kepler-201 c,,0.254,151.884058,0.573,0.18,1297.0,Primary Transit,Kepler-201,-0.279,1.17,1.23,6065.0
Kepler-202 b,,0.145,4.069427,0.045,0.023399999999999997,727.2,Primary Transit,Kepler-202,0.012,0.9,0.67,4668.0
Kepler-202 c,,0.165,16.282493,0.113,0.023399999999999997,727.2,Primary Transit,Kepler-202,0.012,0.9,0.67,4668.0
Kepler-203 b,,0.229,3.162697,0.043,0.136,1569.2,Primary Transit,Kepler-203,-0.107,0.98,1.11,5821.0
Kepler-203 c,,0.22,5.370647,0.061,0.136,1569.2,Primary Transit,Kepler-203,-0.107,0.98,1.11,5821.0
Kepler-203 d,,0.128,11.32972,0.1,0.136,1569.2,Primary Transit,Kepler-203,-0.107,0.98,1.11,5821.0
Kepler-204 b,,0.226,14.400974,0.117,0.0,1125.2,Primary Transit,Kepler-204,-0.213,0.96,1.24,5812.0
Kepler-204 c,,0.16,25.660593,0.173,0.0,1125.2,Primary Transit,Kepler-204,-0.213,0.96,1.24,5812.0
Kepler-205 b,,0.135,2.75564,0.032,0.047200000000000006,701.4000000000001,Primary Transit,Kepler-205,-0.149,0.7477999999999999,0.55,4321.0
Kepler-205 c,,0.146,20.306546,0.122,0.047200000000000006,701.4000000000001,Primary Transit,Kepler-205,-0.149,0.7477999999999999,0.55,4321.0
Kepler-206 b,,0.107,7.781987,0.078,0.1174,897.6,Primary Transit,Kepler-206,-0.149,0.94,1.19,5764.0
Kepler-206 c,,0.158,13.137471,0.111,0.1174,897.6,Primary Transit,Kepler-206,-0.149,0.94,1.19,5764.0
Kepler-206 d,,0.106,23.44281,0.163,0.1174,897.6,Primary Transit,Kepler-206,-0.149,0.94,1.19,5764.0
Kepler-207 b,,0.14,1.611865,0.029,0.0,936.72,Primary Transit,Kepler-207,-0.023,0.8968,1.59,5920.0
Kepler-207 c,,0.134,3.071571,0.044,0.0,936.72,Primary Transit,Kepler-207,-0.023,0.8968,1.59,5920.0
Kepler-207 d,,0.295,5.868075,0.068,0.0,936.72,Primary Transit,Kepler-207,-0.023,0.8968,1.59,5920.0
Kepler-208 b,,0.145,4.22864,0.054,0.07138,947.6,Primary Transit,Kepler-208,0.001280000000000005,1.03,1.31,6092.0
Kepler-208 c,,0.124,7.466623,0.079,0.07138,947.6,Primary Transit,Kepler-208,0.001280000000000005,1.03,1.31,6092.0
Kepler-208 d,,0.107,11.131786,0.103,0.07138,947.6,Primary Transit,Kepler-208,0.001280000000000005,1.03,1.31,6092.0
Kepler-208 e,,0.132,16.259458,0.132,0.07138,947.6,Primary Transit,Kepler-208,0.001280000000000005,1.03,1.31,6092.0
Kepler-209 b,,0.202,16.087845,0.122,0.022,1045.2,Primary Transit,Kepler-209,0.008,0.869,0.94,5513.0
Kepler-209 c,,0.277,41.749882,0.231,0.022,1045.2,Primary Transit,Kepler-209,0.008,0.869,0.94,5513.0
Kepler-20 Ab,0.029963,0.17905,3.6961049,0.045862,0.03,1105.0,Primary Transit,Kepler-20 A,0.07,0.929,0.9164,5495.0
Kepler-20 Ac,0.0349,0.2569,10.8540774,0.094,0.16,772.0,Primary Transit,Kepler-20 A,0.07,0.929,0.9164,5495.0
Kepler-20 Ad,0.040733,0.22232,77.611455,0.349,0.0,430.0,Primary Transit,Kepler-20 A,0.07,0.929,0.9164,5495.0
Kepler-20 Ae,0.0097,0.06994,6.0984882,0.064,0.028799999999999992,1004.0,Primary Transit,Kepler-20 A,0.07,0.929,0.9164,5495.0
Kepler-20 Af,0.045,0.08404,19.578328,0.13936,0.0,681.0,Primary Transit,Kepler-20 A,0.07,0.929,0.9164,5495.0
Kepler-210 b,,0.262,2.453234,0.032,0.44,576.52,Primary Transit,Kepler-210,0.027999999999999997,0.63,0.65,4559.0
Kepler-210 c,,0.323,7.972513,0.07,0.5,551.5999999999999,Primary Transit,Kepler-210,-0.035,0.63,0.65,4559.0
Kepler-211 b,,0.112,4.138575,0.048,0.0,761.2,Primary Transit,Kepler-211,0.106,0.97,0.82,5123.0
Kepler-211 c,,0.115,6.04045,0.062,0.0,761.2,Primary Transit,Kepler-211,0.106,0.97,0.82,5123.0
Kepler-212 b,,0.097,16.257582,0.133,0.051000000000000004,1372.6,Primary Transit,Kepler-212,0.0392,1.16,1.46,5852.0
Kepler-212 c,,0.244,31.805174,0.207,0.051000000000000004,1372.6,Primary Transit,Kepler-212,0.0392,1.16,1.46,5852.0
Kepler-213 b,,0.145,2.46236,0.036,0.059399999999999994,732.2,Primary Transit,Kepler-213,-0.05099999999999999,0.94,1.2,5696.0
Kepler-213 c,,0.209,4.822962,0.057,0.059399999999999994,732.2,Primary Transit,Kepler-213,-0.05099999999999999,0.94,1.2,5696.0
Kepler-214 b,,0.233,15.660544,0.13,0.0318,1175.8,Primary Transit,Kepler-214,-0.359,0.7484,1.35,6169.0
Kepler-214 c,,0.19,28.7798,0.194,0.0318,1175.8,Primary Transit,Kepler-214,-0.359,0.7484,1.35,6169.0
Kepler-215 b,,0.145,9.360672,0.084,0.0928,753.8,Primary Transit,Kepler-215,-0.618,0.77,1.03,5739.0
Kepler-215 c,,0.158,14.667108,0.113,0.0928,753.8,Primary Transit,Kepler-215,-0.618,0.77,1.03,5739.0
Kepler-215 d,,0.213,30.864423,0.185,0.0928,753.8,Primary Transit,Kepler-215,-0.618,0.77,1.03,5739.0
Kepler-215 e,,0.156,68.16101,0.314,0.0928,753.8,Primary Transit,Kepler-215,-0.618,0.77,1.03,5739.0
Kepler-216 b,,0.21,7.693641,0.079,0.064,1310.08,Primary Transit,Kepler-216,-0.183,0.8906000000000001,1.26,6091.0
Kepler-216 c,,0.271,17.406669,0.136,0.064,1310.08,Primary Transit,Kepler-216,-0.183,0.8906000000000001,1.26,6091.0
Kepler-217 b,,0.199,5.374943,0.065,0.08126994191674733,964.7135467756585,Primary Transit,Kepler-217,-0.0013422812997046184,0.9367040345199569,1.8,6171.0
Kepler-217 c,,0.165,8.586004,0.089,0.08126994191674733,964.7135467756585,Primary Transit,Kepler-217,-0.0013422812997046184,0.9367040345199569,1.8,6171.0
Kepler-217 d,,0.118,3.88689525,0.0761,0.08126994191674733,964.7135467756585,Primary Transit,Kepler-217,-0.0013422812997046184,0.9367040345199569,1.8,6171.0
Kepler-218 b,,0.132,3.619337,0.046,0.364,1296.2,Primary Transit,Kepler-218,0.194,1.0716,1.06,5502.0
Kepler-218 c,,0.28,44.699576,0.248,0.364,1296.2,Primary Transit,Kepler-218,0.194,1.0716,1.06,5502.0
Kepler-218 d,,0.237,124.5244647,0.0761,0.364,1296.2,Primary Transit,Kepler-218,0.194,1.0716,1.06,5502.0
Kepler-219 b,,0.263,4.585512,0.057,0.118,1153.6000000000001,Primary Transit,Kepler-219,0.019999999999999997,1.0944,1.49,5786.0
Kepler-219 c,,0.319,22.714613,0.165,0.118,1153.6000000000001,Primary Transit,Kepler-219,0.019999999999999997,1.0944,1.49,5786.0
Kepler-219 d,,0.251,47.903645,0.272,0.118,1153.6000000000001,Primary Transit,Kepler-219,0.019999999999999997,1.0944,1.49,5786.0
Kepler-21 Ab,0.02102,0.1472,2.785823,0.0434281,0.020000000000000004,2015.0,Primary Transit,Kepler-21 A,-0.03,1.408,1.902,6305.0
Kepler-220 b,,0.072,4.159807,0.046,0.08126994191674733,964.7135467756585,Primary Transit,Kepler-220,-0.0013422812997046184,0.9367040345199569,0.67,4632.0
Kepler-220 c,,0.14,9.034199,0.076,0.08126994191674733,964.7135467756585,Primary Transit,Kepler-220,-0.0013422812997046184,0.9367040345199569,0.67,4632.0
Kepler-220 d,,0.087,28.122397,0.163,0.08126994191674733,964.7135467756585,Primary Transit,Kepler-220,-0.0013422812997046184,0.9367040345199569,0.67,4632.0
Kepler-220 e,,0.119,45.902733,0.226,0.08126994191674733,964.7135467756585,Primary Transit,Kepler-220,-0.0013422812997046184,0.9367040345199569,0.67,4632.0
Kepler-221 b,,0.153,2.795906,0.037,0.1346,810.14,Primary Transit,Kepler-221,-0.413,0.72,0.82,5243.0
Kepler-221 c,,0.261,5.690586,0.059,0.1346,810.14,Primary Transit,Kepler-221,-0.413,0.72,0.82,5243.0
Kepler-221 d,,0.244,10.04156,0.087,0.1346,810.14,Primary Transit,Kepler-221,-0.413,0.72,0.82,5243.0
Kepler-221 e,,0.235,18.369917,0.13,0.1346,810.14,Primary Transit,Kepler-221,-0.413,0.72,0.82,5243.0
Kepler-222 b,,0.282,3.936981,0.048,0.05879999999999999,646.54,Primary Transit,Kepler-222,0.15,0.796,0.87,5433.0
Kepler-222 c,,0.414,10.08881,0.091,0.05879999999999999,646.54,Primary Transit,Kepler-222,0.15,0.796,0.87,5433.0
Kepler-222 d,,0.329,28.081912,0.18,0.05879999999999999,646.54,Primary Transit,Kepler-222,0.15,0.796,0.87,5433.0
Kepler-223 b,0.02328,0.267,7.38449,0.073,0.078,1007.2,Primary Transit,Kepler-223,-0.211,1.12,1.72,5829.0
Kepler-223 c,0.01605,0.307,9.84564,0.088,0.15,1109.0,Primary Transit,Kepler-223,-0.211,1.12,1.72,5829.0
Kepler-223 d,0.02517,0.467,14.78869,0.116,0.03699999999999999,1318.8,Primary Transit,Kepler-223,-0.211,1.12,1.72,5829.0
Kepler-223 e,0.0151,0.41,19.72567,0.14,0.051,1187.6,Primary Transit,Kepler-223,-0.211,1.12,1.72,5829.0
Kepler-224 b,,0.124,3.132924,0.038,0.105,564.9760000000001,Primary Transit,Kepler-224,-0.309,0.74,0.68,5018.0
Kepler-224 c,,0.278,5.925003,0.058,0.105,564.9760000000001,Primary Transit,Kepler-224,-0.309,0.74,0.68,5018.0
Kepler-224 d,,0.205,11.349393,0.089,0.105,564.9760000000001,Primary Transit,Kepler-224,-0.309,0.74,0.68,5018.0
Kepler-224 e,,0.176,18.643577,0.124,0.105,564.9760000000001,Primary Transit,Kepler-224,-0.309,0.74,0.68,5018.0
Kepler-225 b,,0.107,6.738975,0.056,0.27099999999999996,1081.48,Primary Transit,Kepler-225,-0.185,1.0662,0.48,3682.0
Kepler-225 c,,0.164,18.794234,0.111,0.27099999999999996,1081.48,Primary Transit,Kepler-225,-0.185,1.0662,0.48,3682.0
Kepler-226 b,,0.138,3.940997,0.047,0.046000000000000006,583.5999999999999,Primary Transit,Kepler-226,-0.145,0.86,0.8,5571.0
Kepler-226 c,,0.203,5.349555,0.058,0.046000000000000006,583.5999999999999,Primary Transit,Kepler-226,-0.145,0.86,0.8,5571.0
Kepler-226 d,,0.109,8.109044,0.076,0.046000000000000006,583.5999999999999,Primary Transit,Kepler-226,-0.145,0.86,0.8,5571.0
Kepler-227 b,,0.277,9.488015,0.09,0.0,1075.556,Primary Transit,Kepler-227,0.136,1.0008,1.09,5854.0
Kepler-227 c,,0.271,54.418694,0.29,0.0,1075.556,Primary Transit,Kepler-227,0.136,1.0008,1.09,5854.0
Kepler-228 b,,0.136,2.566546,0.038,0.074,1117.4,Primary Transit,Kepler-228,-0.067,0.9319999999999999,1.01,6043.0
Kepler-228 c,,0.241,4.134444,0.052,0.074,1117.4,Primary Transit,Kepler-228,-0.067,0.9319999999999999,1.01,6043.0
Kepler-228 d,,0.36,11.094286,0.101,0.074,1117.4,Primary Transit,Kepler-228,-0.067,0.9319999999999999,1.01,6043.0
Kepler-229 b,,0.196,6.252972,0.062,0.15660000000000002,677.8,Primary Transit,Kepler-229,-0.109,0.8844,0.73,5120.0
Kepler-229 c,,0.439,16.068638,0.117,0.15660000000000002,677.8,Primary Transit,Kepler-229,-0.109,0.8844,0.73,5120.0
Kepler-229 d,,0.343,41.194912,0.22,0.15660000000000002,677.8,Primary Transit,Kepler-229,-0.109,0.8844,0.73,5120.0
Kepler-22 b,0.0286,0.187,289.863876,0.812,0.0,262.0,Primary Transit,Kepler-22,-0.255,0.857,0.869,5596.0
Kepler-230 b,,0.38,32.625555,0.191,0.12719999999999998,1187.0,Primary Transit,Kepler-230,-0.291,1.1102,0.82,5588.0
Kepler-230 c,,0.182,91.773242,0.38,0.12719999999999998,1187.0,Primary Transit,Kepler-230,-0.291,1.1102,0.82,5588.0
Kepler-231 b,,0.154,10.065275,0.074,0.029200000000000004,1019.0,Primary Transit,Kepler-231,-0.011,0.58,0.49,3767.0
Kepler-231 c,,0.172,19.271566,0.114,0.029200000000000004,1019.0,Primary Transit,Kepler-231,-0.011,0.58,0.49,3767.0
Kepler-232 b,,0.275,4.431222,0.054,0.0174,1398.2,Primary Transit,Kepler-232,0.083,1.1824,0.97,5847.0
Kepler-232 c,,0.342,11.379349,0.101,0.0174,1398.2,Primary Transit,Kepler-232,0.083,1.1824,0.97,5847.0
Kepler-233 b,,0.217,8.472382,0.077,0.074,1117.4,Primary Transit,Kepler-233,-0.067,0.9319999999999999,0.76,5360.0
Kepler-233 c,,0.242,60.418955,0.287,0.074,1117.4,Primary Transit,Kepler-233,-0.067,0.9319999999999999,0.76,5360.0
Kepler-234 b,,0.33,2.711506,0.04,0.016799999999999995,1247.8,Primary Transit,Kepler-234,0.075,1.1528,1.11,6224.0
Kepler-234 c,,0.313,7.21205,0.077,0.016799999999999995,1247.8,Primary Transit,Kepler-234,0.075,1.1528,1.11,6224.0
Kepler-235 b,,0.199,3.340222,0.037,0.0,844.4,Primary Transit,Kepler-235,0.087,0.59,0.55,4255.0
Kepler-235 c,,0.114,7.824904,0.065,0.0,844.4,Primary Transit,Kepler-235,0.087,0.59,0.55,4255.0
Kepler-235 d,,0.183,20.060548,0.122,0.0,844.4,Primary Transit,Kepler-235,0.087,0.59,0.55,4255.0
Kepler-235 e,,0.198,46.183669,0.213,0.0,844.4,Primary Transit,Kepler-235,0.087,0.59,0.55,4255.0
Kepler-236 b,,0.14,8.295611,0.065,0.0428,851.4,Primary Transit,Kepler-236,0.119,0.56,0.51,3750.0
Kepler-236 c,,0.178,23.968127,0.132,0.0428,851.4,Primary Transit,Kepler-236,0.119,0.56,0.51,3750.0
Kepler-237 b,,0.126,4.715106,0.05,0.23800000000000004,661.8,Primary Transit,Kepler-237,-0.077,0.7,0.72,4861.0
Kepler-237 c,,0.186,8.103636,0.071,0.23800000000000004,661.8,Primary Transit,Kepler-237,-0.077,0.7,0.72,4861.0
Kepler-238 b,,0.154,2.090876,0.034,0.043000000000000003,1539.6000000000001,Primary Transit,Kepler-238,0.143,1.43,1.43,5751.0
Kepler-238 c,,0.213,6.155557,0.069,0.043000000000000003,1539.6000000000001,Primary Transit,Kepler-238,0.143,1.43,1.43,5751.0
Kepler-238 d,,0.274,13.233549,0.115,0.043000000000000003,1539.6000000000001,Primary Transit,Kepler-238,0.143,1.43,1.43,5751.0
Kepler-238 e,0.534,0.5,23.654,0.1847332874226753,0.043000000000000003,1539.6000000000001,Primary Transit,Kepler-238,0.143,1.43,1.43,5751.0
Kepler-238 f,0.042,0.178,50.447,0.30607814938535255,0.043000000000000003,1539.6000000000001,Primary Transit,Kepler-238,0.143,1.43,1.43,5751.0
Kepler-239 b,,0.208,11.763051,0.095,0.096,507.17599999999993,Primary Transit,Kepler-239,-0.016,0.74,0.76,4914.0
Kepler-239 c,,0.224,56.228098,0.268,0.096,507.17599999999993,Primary Transit,Kepler-239,-0.016,0.74,0.76,4914.0
Kepler-23 b,0.8,0.17,7.1073,0.075,0.06,1318.2,Primary Transit,Kepler-23,0.06400000000000002,1.11,1.55,5828.0
Kepler-23 c,2.7,0.285,10.7421,0.099,0.020000000000000004,1232.8000000000002,Primary Transit,Kepler-23,-0.0037999999999999983,1.11,1.55,5828.0
Kepler-23 d,0.055,0.196,15.274299,0.124,0.08,1287.8000000000002,Primary Transit,Kepler-23,0.012400000000000007,1.11,1.55,5828.0
Kepler-240 b,,0.122,4.144495,0.048,0.1754,1093.2,Primary Transit,Kepler-240,0.089,1.0128,0.74,4985.0
Kepler-240 c,,0.196,7.953528,0.074,0.1754,1093.2,Primary Transit,Kepler-240,0.089,1.0128,0.74,4985.0
Kepler-241 Ab,,0.208,12.718092,0.094,0.074,403.6,Primary Transit,Kepler-241 A,-0.243,0.7256,0.67,4699.0
Kepler-241 Ac,,0.229,36.065978,0.189,0.074,403.6,Primary Transit,Kepler-241 A,-0.243,0.7256,0.67,4699.0
Kepler-242 b,,0.233,8.20395,0.075,0.0338,1042.0,Primary Transit,Kepler-242,0.103,0.7392,0.85,5020.0
Kepler-242 c,,0.178,14.496481,0.109,0.0338,1042.0,Primary Transit,Kepler-242,0.103,0.7392,0.85,5020.0
Kepler-243 b,,0.219,5.715442,0.062,0.001999999999999988,1104.6,Primary Transit,Kepler-243,0.241,0.89,0.84,5228.0
Kepler-243 c,,0.178,20.026218,0.142,0.001999999999999988,1104.6,Primary Transit,Kepler-243,0.241,0.89,0.84,5228.0
Kepler-244 b,,0.246,4.311792,0.05,0.308,819.8,Primary Transit,Kepler-244,-0.191,0.6976,0.8,5554.0
Kepler-244 c,,0.183,9.767292,0.087,0.308,819.8,Primary Transit,Kepler-244,-0.191,0.6976,0.8,5554.0
Kepler-244 d,,0.206,20.050401,0.14,0.308,819.8,Primary Transit,Kepler-244,-0.191,0.6976,0.8,5554.0
Kepler-245 b,,0.229,7.49019,0.071,0.009399999999999992,805.6,Primary Transit,Kepler-245,-0.028,0.8,0.8,5100.0
Kepler-245 c,,0.194,17.460812,0.124,0.009399999999999992,805.6,Primary Transit,Kepler-245,-0.028,0.8,0.8,5100.0
Kepler-245 d,,0.27,36.277108,0.202,0.009399999999999992,805.6,Primary Transit,Kepler-245,-0.028,0.8,0.8,5100.0
Kepler-245 e,,0.156,3.21982106,0.04027923726625048,0.009399999999999992,805.6,Primary Transit,Kepler-245,-0.028,0.8,0.8,5100.0
Kepler-246 b,,0.209,4.60182,0.052,0.068,1192.8,Primary Transit,Kepler-246,0.143,0.86,0.83,5206.0
Kepler-246 c,,0.134,11.187161,0.095,0.068,1192.8,Primary Transit,Kepler-246,0.143,0.86,0.83,5206.0
Kepler-247 b,,0.146,3.33616,0.042,0.0,973.4,Primary Transit,Kepler-247,0.21,0.884,0.77,5100.0
Kepler-247 c,,0.365,9.439452,0.084,0.0,973.4,Primary Transit,Kepler-247,0.21,0.884,0.77,5100.0
Kepler-247 d,,0.352,20.477912,0.14,0.0,973.4,Primary Transit,Kepler-247,0.21,0.884,0.77,5100.0
Kepler-248 b,,0.269,6.308205,0.066,0.2116,974.2,Primary Transit,Kepler-248,0.171,1.1406,0.83,5190.0
Kepler-248 c,,0.363,16.239494,0.123,0.2116,974.2,Primary Transit,Kepler-248,0.171,1.1406,0.83,5190.0
Kepler-249 b,,0.097,3.306539,0.035,0.25342000000000003,990.4,Primary Transit,Kepler-249,0.221,0.9522,0.48,3568.0
Kepler-249 c,,0.135,7.113702,0.058,0.25342000000000003,990.4,Primary Transit,Kepler-249,0.221,0.9522,0.48,3568.0
Kepler-249 d,,0.14,15.368459,0.097,0.25342000000000003,990.4,Primary Transit,Kepler-249,0.221,0.9522,0.48,3568.0
Kepler-24 b,1.6,0.214,8.1453,0.08,0.07138,947.6,Primary Transit,Kepler-24,0.001280000000000005,1.03,1.29,5897.0
Kepler-24 c,1.6,0.25,12.3335,0.106,0.07138,947.6,Primary Transit,Kepler-24,0.001280000000000005,1.03,1.29,5897.0
Kepler-24 d,,0.149,4.244384,0.051,0.07138,947.6,Primary Transit,Kepler-24,0.001280000000000005,1.03,1.29,5897.0
Kepler-24 e,,0.248,18.998355,0.138,0.07138,947.6,Primary Transit,Kepler-24,0.001280000000000005,1.03,1.29,5897.0
Kepler-250 b,,0.101,4.148141,0.048,0.0,805.6,Primary Transit,Kepler-250,0.063,0.8,0.81,5160.0
Kepler-250 c,,0.203,7.156804,0.069,0.0,805.6,Primary Transit,Kepler-250,0.063,0.8,0.81,5160.0
Kepler-250 d,,0.194,17.648312,0.127,0.0,805.6,Primary Transit,Kepler-250,0.063,0.8,0.81,5160.0
Kepler-251 b,,0.119,4.790936,0.053,0.1452,1033.0,Primary Transit,Kepler-251,-0.156,0.91,0.89,5526.0
Kepler-251 c,,0.247,16.514043,0.122,0.1452,1033.0,Primary Transit,Kepler-251,-0.156,0.91,0.89,5526.0
Kepler-251 d,,0.247,30.133001,0.182,0.1452,1033.0,Primary Transit,Kepler-251,-0.156,0.91,0.89,5526.0
Kepler-251 e,,0.247,99.640161,0.404,0.1452,1033.0,Primary Transit,Kepler-251,-0.156,0.91,0.89,5526.0
Kepler-252 b,,0.11,6.668391,0.058,0.0808,608.4,Primary Transit,Kepler-252,-0.67,0.52,0.55,4208.0
Kepler-252 c,,0.192,10.848463,0.08,0.0808,608.4,Primary Transit,Kepler-252,-0.67,0.52,0.55,4208.0
Kepler-253 b,,0.145,3.783986,0.046,0.07408,758.8,Primary Transit,Kepler-253,0.052000000000000005,1.02,0.79,5208.0
Kepler-253 c,,0.236,10.281951,0.089,0.07408,758.8,Primary Transit,Kepler-253,0.052000000000000005,1.02,0.79,5208.0
Kepler-253 d,,0.283,18.119869,0.13,0.07408,758.8,Primary Transit,Kepler-253,0.052000000000000005,1.02,0.79,5208.0
Kepler-254 b,,0.345,5.826662,0.064,0.308,819.8,Primary Transit,Kepler-254,-0.191,0.6976,0.91,5957.0
Kepler-254 c,,0.192,12.412183,0.105,0.308,819.8,Primary Transit,Kepler-254,-0.191,0.6976,0.91,5957.0
Kepler-254 d,,0.223,18.746477,0.139,0.308,819.8,Primary Transit,Kepler-254,-0.191,0.6976,0.91,5957.0
Kepler-255 b,,0.138,5.714606,0.063,0.1516,1049.4,Primary Transit,Kepler-255,0.212,0.97,0.93,5573.0
Kepler-255 c,,0.267,9.946047,0.092,0.1516,1049.4,Primary Transit,Kepler-255,0.212,0.97,0.93,5573.0
Kepler-255 d,,0.118,1.04562266,0.020292582503096176,0.1516,1049.4,Primary Transit,Kepler-255,0.212,0.97,0.93,5573.0
Kepler-256 b,,0.142,1.620493,0.027,0.144,886.0,Primary Transit,Kepler-256,0.061,1.02,1.3,5551.0
Kepler-256 c,,0.192,3.38802,0.045,0.144,886.0,Primary Transit,Kepler-256,0.061,1.02,1.3,5551.0
Kepler-256 d,,0.221,5.839172,0.064,0.144,886.0,Primary Transit,Kepler-256,0.061,1.02,1.3,5551.0
Kepler-256 e,,0.21,10.681572,0.096,0.144,886.0,Primary Transit,Kepler-256,0.061,1.02,1.3,5551.0
Kepler-257 b,,0.233,2.382667,0.034,0.2128,889.0,Primary Transit,Kepler-257,0.315,0.948,1.04,5180.0
Kepler-257 c,,0.483,6.581484,0.066,0.2128,889.0,Primary Transit,Kepler-257,0.315,0.948,1.04,5180.0
Kepler-257 d,,0.442,24.664551,0.16,0.2128,889.0,Primary Transit,Kepler-257,0.315,0.948,1.04,5180.0
Kepler-258 b,,0.362,13.19722,0.103,0.3108,805.6,Primary Transit,Kepler-258,0.415,0.8,0.92,4942.0
Kepler-258 c,,0.322,33.653079,0.193,0.3108,805.6,Primary Transit,Kepler-258,0.415,0.8,0.92,4942.0
Kepler-259 b,,0.25,8.115317,0.079,0.03139999999999999,609.2,Primary Transit,Kepler-259,-0.165,0.7340000000000001,0.9,5938.0
Kepler-259 c,,0.241,36.924931,0.217,0.03139999999999999,609.2,Primary Transit,Kepler-259,-0.165,0.7340000000000001,0.9,5938.0
Kepler-25 Ab,0.034013,0.24124,6.238297,0.06944,0.0029,1185.0,Primary Transit,Kepler-25 A,-0.01,1.19,1.477,6212.0
Kepler-25 Ac,0.075805,0.4128,12.7207,0.1116,0.006099999999999994,934.0,Primary Transit,Kepler-25 A,-0.01,1.19,1.477,6212.0
Kepler-260 b,,0.179,8.187399,0.075,0.0,1172.2,Primary Transit,Kepler-260,-0.034,0.88,0.86,5250.0
Kepler-260 c,,0.155,76.050178,0.332,0.0,1172.2,Primary Transit,Kepler-260,-0.034,0.88,0.86,5250.0
Kepler-261 b,,0.194,10.381227,0.088,0.0,1508.6,Primary Transit,Kepler-261,0.14,0.87,0.79,5098.0
Kepler-261 c,,0.178,24.570858,0.156,0.0,1508.6,Primary Transit,Kepler-261,0.14,0.87,0.79,5098.0
Kepler-262 b,,0.121,13.060855,0.108,0.023599999999999996,1458.98,Primary Transit,Kepler-262,-0.115,1.046,0.88,5841.0
Kepler-262 c,,0.146,21.853722,0.152,0.023599999999999996,1458.98,Primary Transit,Kepler-262,-0.115,1.046,0.88,5841.0
Kepler-263 b,,0.238,16.568087,0.12,0.19999999999999998,1033.0,Primary Transit,Kepler-263,-0.11,0.9017999999999999,0.79,5265.0
Kepler-263 c,,0.22,47.332773,0.242,0.19999999999999998,1033.0,Primary Transit,Kepler-263,-0.11,0.9017999999999999,0.79,5265.0
Kepler-264 b,,0.297,40.806231,0.249,0.12059999999999998,1382.2,Primary Transit,Kepler-264,-0.19,1.32,1.55,6158.0
Kepler-264 c,,0.252,140.101261,0.566,0.12059999999999998,1382.2,Primary Transit,Kepler-264,-0.19,1.32,1.55,6158.0
Kepler-265 b,,0.166,6.846262,0.069,0.07,862.2,Primary Transit,Kepler-265,-0.311,1.03,1.1,5835.0
Kepler-265 c,,0.235,17.028937,0.127,0.07,862.2,Primary Transit,Kepler-265,-0.311,1.03,1.1,5835.0
Kepler-265 d,,0.222,43.130617,0.236,0.07,862.2,Primary Transit,Kepler-265,-0.311,1.03,1.1,5835.0
Kepler-265 e,,0.231,67.831024,0.319,0.07,862.2,Primary Transit,Kepler-265,-0.311,1.03,1.1,5835.0
Kepler-266 b,,0.221,6.61833,0.071,0.0838,1612.6,Primary Transit,Kepler-266,0.106,0.99,1.03,5885.0
Kepler-266 c,,0.347,107.723601,0.457,0.0838,1612.6,Primary Transit,Kepler-266,0.106,0.99,1.03,5885.0
Kepler-267 b,,0.177,3.353728,0.037,0.2228,977.2,Primary Transit,Kepler-267,0.028,0.56,0.56,4258.0
Kepler-267 c,,0.19,6.87745,0.06,0.2228,977.2,Primary Transit,Kepler-267,0.028,0.56,0.56,4258.0
Kepler-267 d,,0.203,28.464515,0.154,0.2228,977.2,Primary Transit,Kepler-267,0.028,0.56,0.56,4258.0
Kepler-268 b,,0.227,25.934138,0.18,0.023599999999999996,1273.58,Primary Transit,Kepler-268,-0.114,1.0552,1.27,6081.0
Kepler-268 c,,0.302,83.446393,0.391,0.023599999999999996,1273.58,Primary Transit,Kepler-268,-0.114,1.0552,1.27,6081.0
Kepler-269 b,,0.22,5.326718,0.061,0.06999999999999999,917.2,Primary Transit,Kepler-269,0.019999999999999997,0.98,0.96,5847.0
Kepler-269 c,,0.151,8.127899,0.081,0.06999999999999999,917.2,Primary Transit,Kepler-269,0.019999999999999997,0.98,0.96,5847.0
Kepler-26 b,0.01611,0.248,12.28,0.085,0.0384,533.5,Primary Transit,Kepler-26,-0.13,0.54,0.51,3914.0
Kepler-26 c,0.01951,0.243,17.2559,0.107,0.0384,533.5,Primary Transit,Kepler-26,-0.13,0.54,0.51,3914.0
Kepler-26 d,,0.095,3.543919,0.039,0.0384,533.5,Primary Transit,Kepler-26,-0.13,0.54,0.51,3914.0
Kepler-26 e,,0.215,46.827915,0.22,0.0384,533.5,Primary Transit,Kepler-26,-0.13,0.54,0.51,3914.0
Kepler-270 b,,0.179,11.476094,0.107,0.047200000000000006,701.4000000000001,Primary Transit,Kepler-270,-0.151,0.7548,1.46,6067.0
Kepler-270 c,,0.158,25.262887,0.18,0.047200000000000006,701.4000000000001,Primary Transit,Kepler-270,-0.151,0.7548,1.46,6067.0
Kepler-271 Ab,,0.1088,10.43547031,0.0881,0.0,759.0,Primary Transit,Kepler-271 A,-0.105,1.0,0.78,5645.65
Kepler-271 Ac,,0.0839,7.41084314,0.071,0.0,850.0,Primary Transit,Kepler-271 A,-0.105,1.0,0.78,5645.65
Kepler-271 Ad,,0.0598,5.24970432,0.0554,0.0,954.0,Primary Transit,Kepler-271 A,-0.105,1.0,0.78,5645.65
Kepler-272 b,,0.128,2.971353,0.038,0.11839999999999999,805.6,Primary Transit,Kepler-272,-0.161,0.79,0.93,5297.0
Kepler-272 c,,0.16,6.057342,0.061,0.11839999999999999,805.6,Primary Transit,Kepler-272,-0.161,0.79,0.93,5297.0
Kepler-272 d,,0.201,10.937304,0.091,0.11839999999999999,805.6,Primary Transit,Kepler-272,-0.161,0.79,0.93,5297.0
Kepler-273 b,,0.134,2.936532,0.037,0.049999999999999996,608.6,Primary Transit,Kepler-273,-0.478,0.8842000000000001,0.81,5626.0
Kepler-273 c,,0.177,8.014927,0.073,0.049999999999999996,608.6,Primary Transit,Kepler-273,-0.478,0.8842000000000001,0.81,5626.0
Kepler-274 b,,0.137,11.634788,0.101,0.402,830.2,Primary Transit,Kepler-274,-0.188,0.6512,1.01,6023.0
Kepler-274 c,,0.164,33.197861,0.204,0.402,830.2,Primary Transit,Kepler-274,-0.188,0.6512,1.01,6023.0
Kepler-275 b,,0.209,10.300682,0.098,0.18,1405.6,Primary Transit,Kepler-275,0.184,1.24,1.38,6165.0
Kepler-275 c,,0.302,16.088134,0.132,0.18,1405.6,Primary Transit,Kepler-275,0.184,1.24,1.38,6165.0
Kepler-275 d,,0.297,35.676062,0.224,0.18,1405.6,Primary Transit,Kepler-275,0.184,1.24,1.38,6165.0
Kepler-276 b,,0.256,14.12841,0.119,0.1152,1259.2,Primary Transit,Kepler-276,0.012,0.96,1.05,6105.0
Kepler-276 c,0.052,0.259,31.884,0.1973796445952738,0.1152,1259.2,Primary Transit,Kepler-276,0.012,0.96,1.05,6105.0
Kepler-276 d,0.051,0.25,48.648,0.2615956327244667,0.1152,1259.2,Primary Transit,Kepler-276,0.012,0.96,1.05,6105.0
Kepler-277 b,0.275,0.261,17.324,0.14118152059711608,0.194,1536.2,Primary Transit,Kepler-277,-0.315,1.19,1.65,5946.0
Kepler-277 c,0.202,0.3,33.006,0.21697398662467593,0.194,1536.2,Primary Transit,Kepler-277,-0.315,1.19,1.65,5946.0
Kepler-278 b,0.176,0.363,30.160546,0.207,0.696,586.0,Primary Transit,Kepler-278,0.422,0.6880000000000001,2.94,4991.0
Kepler-278 c,0.1098,0.32,51.078775,0.294,0.616,492.0,Primary Transit,Kepler-278,0.422,0.8199200000000001,2.94,4991.0
Kepler-279 b,,0.323,12.309681,0.112,0.1986,1085.6,Primary Transit,Kepler-279,-0.57,1.23,1.75,6363.0
Kepler-279 c,0.155,0.384,35.736,0.232,0.1986,1085.6,Primary Transit,Kepler-279,-0.57,1.23,1.75,6363.0
Kepler-279 d,0.118,0.277,54.414,0.30728,0.1986,1085.6,Primary Transit,Kepler-279,-0.57,1.23,1.75,6363.0
Kepler-27 Ab,0.132,0.357,15.3348,0.118,0.028399999999999988,978.4,Primary Transit,Kepler-27 A,0.41,0.65,0.59,5400.0
Kepler-27 Ac,0.067,0.437,31.3309,0.191,0.028399999999999988,978.4,Primary Transit,Kepler-27 A,0.41,0.65,0.59,5400.0
Kepler-27 Ad,0.025,0.45,8.05380809,0.0761,0.028399999999999988,978.4,Primary Transit,Kepler-27 A,0.41,0.65,0.59,5400.0
Kepler-280 b,,0.129,2.139542,0.032,0.0612,804.8,Primary Transit,Kepler-280,-0.169,0.91,0.89,5744.0
Kepler-280 c,,0.179,4.807091,0.056,0.0612,804.8,Primary Transit,Kepler-280,-0.169,0.91,0.89,5744.0
Kepler-281 b,,0.252,14.646008,0.117,0.102,744.1999999999999,Primary Transit,Kepler-281,0.012,0.98,0.9,5723.0
Kepler-281 c,,0.474,36.337373,0.215,0.102,744.1999999999999,Primary Transit,Kepler-281,0.012,0.98,0.9,5723.0
Kepler-281 d,,0.52967,148.2720032,0.5456,0.0,321.0,Primary Transit,Kepler-281,0.012,0.98,0.9,5723.0
Kepler-282 b,,0.09,9.220524,0.082,0.0,936.2,Primary Transit,Kepler-282,-0.374,1.09,0.9,5602.0
Kepler-282 c,,0.107,13.638723,0.106,0.0,936.2,Primary Transit,Kepler-282,-0.374,1.09,0.9,5602.0
Kepler-282 d,0.192,0.219,24.806,0.17418472887783856,0.0,936.2,Primary Transit,Kepler-282,-0.374,1.09,0.9,5602.0
Kepler-282 e,0.177,0.277,44.347,0.25657543933167865,0.0,936.2,Primary Transit,Kepler-282,-0.374,1.09,0.9,5602.0
Kepler-283 Ab,,0.19,11.008151,0.082,0.0013999999999999985,996.0,Primary Transit,Kepler-283 A,-0.26,0.7716000000000001,0.57,4351.0
Kepler-283 Ac,,0.162,92.743711,0.341,0.0013999999999999985,996.0,Primary Transit,Kepler-283 A,-0.26,0.7716000000000001,0.57,4351.0
Kepler-284 b,,0.2,12.699149,0.104,0.01200000000000001,1056.3600000000001,Primary Transit,Kepler-284,-0.145,0.9560000000000001,0.81,5615.0
Kepler-284 c,,0.233,37.514456,0.213,0.01200000000000001,1056.3600000000001,Primary Transit,Kepler-284,-0.145,0.9560000000000001,0.81,5615.0
Kepler-285 b,,0.12,2.633867,0.036,0.034,1105.0,Primary Transit,Kepler-285,-0.063,0.85,0.81,5411.0
Kepler-285 c,,0.1,6.186676,0.064,0.034,1105.0,Primary Transit,Kepler-285,-0.063,0.85,0.81,5411.0
Kepler-286 b,,0.111,1.796302,0.027,0.03139999999999999,609.2,Primary Transit,Kepler-286,-0.165,0.7340000000000001,0.86,5580.0
Kepler-286 c,,0.122,3.468095,0.042,0.03139999999999999,609.2,Primary Transit,Kepler-286,-0.165,0.7340000000000001,0.86,5580.0
Kepler-286 d,,0.119,5.914323,0.061,0.03139999999999999,609.2,Primary Transit,Kepler-286,-0.165,0.7340000000000001,0.86,5580.0
Kepler-286 e,,0.158,29.221289,0.176,0.03139999999999999,609.2,Primary Transit,Kepler-286,-0.165,0.7340000000000001,0.86,5580.0
Kepler-287 b,,0.208,20.342199,0.145,0.104,841.0,Primary Transit,Kepler-287,-0.077,0.932,1.03,5806.0
Kepler-287 c,,0.291,44.851896,0.246,0.104,841.0,Primary Transit,Kepler-287,-0.077,0.932,1.03,5806.0
Kepler-288 b,,0.149,6.097326,0.065,0.022,1029.8,Primary Transit,Kepler-288,-0.21900000000000003,0.89,1.09,5918.0
Kepler-288 c,,0.254,19.305772,0.14,0.022,1029.8,Primary Transit,Kepler-288,-0.21900000000000003,0.89,1.09,5918.0
Kepler-288 d,,0.238,56.633742,0.287,0.022,1029.8,Primary Transit,Kepler-288,-0.21900000000000003,0.89,1.09,5918.0
Kepler-289 b,0.023,0.192,34.545,0.21,0.024000000000000007,864.4,Primary Transit,Kepler-289,0.05,1.08,1.0,5990.0
Kepler-289 c,0.42,1.034,125.8518,0.51,0.011499999999999996,864.6,Primary Transit,Kepler-289,0.05,1.08,1.0,5990.0
Kepler-289 d,0.013,0.239,66.0634,0.33,0.0032999999999999974,1446.8,Primary Transit,Kepler-289,0.05,1.08,1.0,5990.0
Kepler-28 b,1.51,0.321,5.9123,0.062,0.067,667.8000000000001,Primary Transit,Kepler-28,0.34,0.75,0.7,4590.0
Kepler-28 c,1.36,0.303,8.9858,0.081,0.067,667.8000000000001,Primary Transit,Kepler-28,0.34,0.75,0.7,4590.0
Kepler-290 b,,0.201,14.589347,0.11,0.0,1386.6,Primary Transit,Kepler-290,-0.061,1.2846,0.74,5147.0
Kepler-290 c,,0.241,36.77031,0.205,0.0,1386.6,Primary Transit,Kepler-290,-0.061,1.2846,0.74,5147.0
Kepler-290 d,0.022,0.0767,0.764017553,0.0154,0.0,1589.0,Primary Transit,Kepler-290,-0.061,0.976,0.74,5147.0
Kepler-291 b,,0.193,3.546511,0.047,0.04,799.2,Primary Transit,Kepler-291,0.07,1.03,1.02,6002.0
Kepler-291 c,,0.168,5.700786,0.065,0.04,799.2,Primary Transit,Kepler-291,0.07,1.03,1.02,6002.0
Kepler-292 b,,0.118,2.580827,0.035,0.020799999999999992,931.4,Primary Transit,Kepler-292,0.077,0.88,0.83,5299.0
Kepler-292 c,,0.131,3.715335,0.045,0.020799999999999992,931.4,Primary Transit,Kepler-292,0.077,0.88,0.83,5299.0
Kepler-292 d,,0.199,7.055679,0.068,0.020799999999999992,931.4,Primary Transit,Kepler-292,0.077,0.88,0.83,5299.0
Kepler-292 e,,0.238,11.97901,0.097,0.020799999999999992,931.4,Primary Transit,Kepler-292,0.077,0.88,0.83,5299.0
Kepler-292 f,,0.21,20.834237,0.141,0.020799999999999992,931.4,Primary Transit,Kepler-292,0.077,0.88,0.83,5299.0
Kepler-293 b,,0.274,19.254196,0.144,0.04792,955.4,Primary Transit,Kepler-293,0.134,1.01,0.96,5804.0
Kepler-293 c,,0.342,54.155743,0.286,0.04792,955.4,Primary Transit,Kepler-293,0.134,1.01,0.96,5804.0
Kepler-294 b,,0.158,3.701212,0.048,0.24659999999999999,1059.2,Primary Transit,Kepler-294,-0.001,1.1672,0.98,5913.0
Kepler-294 c,,0.242,6.6264,0.071,0.24659999999999999,1059.2,Primary Transit,Kepler-294,-0.001,1.1672,0.98,5913.0
Kepler-295 b,,0.109,12.645164,0.099,0.036,566.4,Primary Transit,Kepler-295,-0.332,0.16639999999999988,0.9,5603.0
Kepler-295 c,,0.104,21.526258,0.142,0.036,566.4,Primary Transit,Kepler-295,-0.332,0.16639999999999988,0.9,5603.0
Kepler-295 d,,0.121,33.884054,0.192,0.036,566.4,Primary Transit,Kepler-295,-0.332,0.16639999999999988,0.9,5603.0
Kepler-296 Ab,,0.144,10.864384,0.079,0.33,1294.6,Primary Transit,Kepler-296 A,-0.23,0.38,0.37,3544.33
Kepler-296 Ac,,0.178,5.8416366,0.0521,0.33,1294.6,Primary Transit,Kepler-296 A,-0.23,0.38,0.37,3544.33
Kepler-296 Ad,,0.186,19.850291,0.118,0.33,1294.6,Primary Transit,Kepler-296 A,-0.23,0.38,0.37,3544.33
Kepler-296 Ae,,0.136,34.14211,0.169,0.33,1294.6,Primary Transit,Kepler-296 A,-0.23,0.38,0.37,3544.33
Kepler-296 Af,,0.161,63.33627,0.255,0.33,1294.6,Primary Transit,Kepler-296 A,-0.23,0.38,0.37,3544.33
Kepler-297 b,,0.2507,38.86848956,0.2125,0.0,509.0,Primary Transit,Kepler-297,-0.1,1.04,0.89,5783.0
Kepler-297 c,0.132,0.57,74.92768653,0.3292,0.0,409.0,Primary Transit,Kepler-297,-0.1,1.04,0.89,5783.0
Kepler-297 d,,0.635,150.0189511,0.523,0.0,325.0,Primary Transit,Kepler-297,-0.1,1.04,0.89,5783.0
Kepler-298 b,,0.175,10.475464,0.08,0.059199999999999996,978.4,Primary Transit,Kepler-298,-0.121,0.65,0.58,4465.0
Kepler-298 c,,0.172,22.92881,0.136,0.059199999999999996,978.4,Primary Transit,Kepler-298,-0.121,0.65,0.58,4465.0
Kepler-298 d,,0.223,77.473633,0.305,0.059199999999999996,978.4,Primary Transit,Kepler-298,-0.121,0.65,0.58,4465.0
Kepler-299 b,,0.118,2.927128,0.04,0.0,878.2,Primary Transit,Kepler-299,-0.05199999999999999,0.97,1.03,5617.0
Kepler-299 c,,0.236,6.885875,0.07,0.0,878.2,Primary Transit,Kepler-299,-0.05199999999999999,0.97,1.03,5617.0
Kepler-299 d,,0.166,15.054786,0.118,0.0,878.2,Primary Transit,Kepler-299,-0.05199999999999999,0.97,1.03,5617.0
Kepler-299 e,,0.167,38.285489,0.22,0.0,878.2,Primary Transit,Kepler-299,-0.05199999999999999,0.97,1.03,5617.0
Kepler-29 b,0.01573,0.227,10.33974,0.09,0.0,1562.6,Primary Transit,Kepler-29,-0.44,0.76,0.73,5378.0
Kepler-29 c,0.01416,0.209,13.28613,0.11,0.0,1562.6,Primary Transit,Kepler-29,-0.44,0.76,0.73,5378.0
Kepler-300 b,,0.149,10.446347,0.094,0.0,901.4,Primary Transit,Kepler-300,-0.238,0.94,0.9,5986.0
Kepler-300 c,,0.201,40.714955,0.232,0.0,901.4,Primary Transit,Kepler-300,-0.238,0.94,0.9,5986.0
Kepler-301 Ab,,0.12,2.508553,0.036,0.022,880.4,Primary Transit,Kepler-301 A,-0.178,0.91,0.9,5815.0
Kepler-301 Ac,,0.12,5.419026,0.06,0.022,880.4,Primary Transit,Kepler-301 A,-0.178,0.91,0.9,5815.0
Kepler-301 Ad,,0.156,13.751243,0.112,0.022,880.4,Primary Transit,Kepler-301 A,-0.178,0.91,0.9,5815.0
Kepler-302 b,,0.362,30.184104,0.193,0.074,509.6,Primary Transit,Kepler-302,-0.238,0.9481999999999999,1.22,5740.0
Kepler-302 c,,1.111,127.282184,0.503,0.074,509.6,Primary Transit,Kepler-302,-0.238,0.9481999999999999,1.22,5740.0
Kepler-303 b,,0.079,1.937055,0.024,0.0,984.0,Primary Transit,Kepler-303,0.102,0.59,0.48,3944.0
Kepler-303 c,,0.102,7.061149,0.057,0.0,984.0,Primary Transit,Kepler-303,0.102,0.59,0.48,3944.0
Kepler-304 b,,0.255,3.295709,0.039,0.08839999999999999,805.6,Primary Transit,Kepler-304,0.523,0.8,0.69,4731.0
Kepler-304 c,,0.194,5.315946,0.054,0.08839999999999999,805.6,Primary Transit,Kepler-304,0.523,0.8,0.69,4731.0
Kepler-304 d,,0.245,9.653471,0.08,0.08839999999999999,805.6,Primary Transit,Kepler-304,0.523,0.8,0.69,4731.0
Kepler-304 e,,0.107,1.49914695,0.024196704310696655,0.08839999999999999,805.6,Primary Transit,Kepler-304,0.523,0.8,0.69,4731.0
Kepler-305 b,0.033,0.321,5.487,0.05856,0.08,1087.0,Primary Transit,Kepler-305,-0.071,0.83,0.79,5100.0
Kepler-305 c,0.019,0.294,8.291,0.07711,0.08,1087.0,Primary Transit,Kepler-305,-0.071,0.83,0.79,5100.0
Kepler-305 d,,0.242,16.738661,0.121,0.08,1087.0,Primary Transit,Kepler-305,-0.071,0.83,0.79,5100.0
Kepler-305 e,,0.16,3.20538,0.040654547414577025,0.08,1087.0,Primary Transit,Kepler-305,-0.071,0.83,0.79,5100.0
Kepler-306 b,,0.136,4.646186,0.05,0.056,838.2,Primary Transit,Kepler-306,0.155,0.82,0.72,4954.0
Kepler-306 c,,0.21,7.240193,0.067,0.056,838.2,Primary Transit,Kepler-306,0.155,0.82,0.72,4954.0
Kepler-306 d,,0.22,17.326644,0.12,0.056,838.2,Primary Transit,Kepler-306,0.155,0.82,0.72,4954.0
Kepler-306 e,,0.203,44.840975,0.227,0.056,838.2,Primary Transit,Kepler-306,0.155,0.82,0.72,4954.0
Kepler-307 b,0.02341,0.217,10.4208,0.09199790183458398,0.058399999999999994,861.4,Primary Transit,Kepler-307,0.19,0.91,0.81,5367.0
Kepler-307 c,0.01145,0.196,13.0729,0.10701019977310315,0.058399999999999994,861.4,Primary Transit,Kepler-307,0.19,0.91,0.81,5367.0
Kepler-308 b,,0.189,9.694928,0.09,0.09559999999999999,1213.38,Primary Transit,Kepler-308,-0.112,1.0044,0.94,5895.0
Kepler-308 c,,0.193,15.38231,0.123,0.09559999999999999,1213.38,Primary Transit,Kepler-308,-0.112,1.0044,0.94,5895.0
Kepler-309 b,,0.139,5.923653,0.059,0.031999999999999994,1042.4,Primary Transit,Kepler-309,0.415,1.0068,0.72,4713.0
Kepler-309 c,,0.224,105.356383,0.401,0.031999999999999994,1042.4,Primary Transit,Kepler-309,0.415,1.0068,0.72,4713.0
Kepler-30 b,0.036,0.348,29.33434,0.18,0.042,1632.4,Primary Transit,Kepler-30,0.18,0.99,0.95,5498.0
Kepler-30 c,2.01,1.097,60.323105,0.3,0.011099999999999999,1586.6,Primary Transit,Kepler-30,0.18,0.99,0.95,5498.0
Kepler-30 d,0.073,0.785,143.34394,0.5,0.022,1362.4,Primary Transit,Kepler-30,0.18,0.99,0.95,5498.0
Kepler-310 b,,0.106,13.930698,0.111,0.07737,926.8,Primary Transit,Kepler-310,-0.299,0.85,0.88,5797.0
Kepler-310 c,,0.302,56.47542,0.281,0.07737,926.8,Primary Transit,Kepler-310,-0.299,0.85,0.88,5797.0
Kepler-310 d,,0.22,92.876125,0.392,0.07737,926.8,Primary Transit,Kepler-310,-0.299,0.85,0.88,5797.0
Kepler-311 b,,0.1481,9.17617167,0.085,0.0,960.0,Primary Transit,Kepler-311,-0.095,1.05,1.22,5841.2
Kepler-311 c,,0.1436,19.7383992,0.1417,0.0,744.0,Primary Transit,Kepler-311,-0.095,1.05,1.22,5841.2
Kepler-311 d,,0.18494,232.040326,0.7326,0.0,327.0,Primary Transit,Kepler-311,-0.095,1.05,1.22,5841.2
Kepler-312 b,,0.115,1.772419,0.031,0.158,973.2,Primary Transit,Kepler-312,0.076,1.23,1.47,6115.0
Kepler-312 c,,0.281,19.747412,0.153,0.158,973.2,Primary Transit,Kepler-312,0.076,1.23,1.47,6115.0
Kepler-313 b,,0.226,14.970418,0.125,0.0464,821.4000000000001,Primary Transit,Kepler-313,-0.112,0.9,1.54,5727.0
Kepler-313 c,,0.229,32.273273,0.208,0.0464,821.4000000000001,Primary Transit,Kepler-313,-0.112,0.9,1.54,5727.0
Kepler-314 b,,0.074,2.461069,0.035,0.026000000000000002,915.6,Primary Transit,Kepler-314,0.322,0.889,0.943,5378.0
Kepler-314 c,,0.259,5.960392,0.064,0.026000000000000002,915.6,Primary Transit,Kepler-314,0.322,0.889,0.943,5378.0
Kepler-315 b,,0.336,96.101141,0.402,0.0828,631.0,Primary Transit,Kepler-315,-0.403,0.78,1.04,5796.0
Kepler-315 c,,0.37,265.469335,0.791,0.0828,631.0,Primary Transit,Kepler-315,-0.403,0.78,1.04,5796.0
Kepler-316 b,,0.095,2.240508,0.027,0.028799999999999985,477.59999999999997,Primary Transit,Kepler-316,-0.48,0.53,0.52,4204.0
Kepler-316 c,,0.103,6.827766,0.058,0.028799999999999985,477.59999999999997,Primary Transit,Kepler-316,-0.48,0.53,0.52,4204.0
Kepler-317 b,,0.186,5.524242,0.061,0.1014,923.6,Primary Transit,Kepler-317,0.258,0.95,0.94,5497.0
Kepler-317 c,,0.153,8.77501,0.083,0.1014,923.6,Primary Transit,Kepler-317,0.258,0.95,0.94,5497.0
Kepler-318 b,,0.42,4.662715,0.056,0.12639999999999998,1324.0,Primary Transit,Kepler-318,0.145,1.05,1.19,5746.0
Kepler-318 c,,0.328,11.815007,0.105,0.12639999999999998,1324.0,Primary Transit,Kepler-318,0.145,1.05,1.19,5746.0
Kepler-319 b,,0.145,4.362705,0.051,0.13,1617.1999999999998,Primary Transit,Kepler-319,0.487,1.29,0.9,5526.0
Kepler-319 c,,0.235,6.941357,0.069,0.13,1617.1999999999998,Primary Transit,Kepler-319,0.487,1.29,0.9,5526.0
Kepler-319 d,,0.204,31.781925,0.191,0.13,1617.1999999999998,Primary Transit,Kepler-319,0.487,1.29,0.9,5526.0
Kepler-31 b,,0.491,20.8613,0.16,0.0872,1236.6,Primary Transit,Kepler-31,-0.076,1.21,1.22,6340.0
Kepler-31 c,4.7,0.473,42.6318,0.26,0.0872,1236.6,Primary Transit,Kepler-31,-0.076,1.21,1.22,6340.0
Kepler-31 d,6.8,0.348,87.6451,0.4,0.0872,1236.6,Primary Transit,Kepler-31,-0.076,1.21,1.22,6340.0
Kepler-320 b,,0.102,8.371554,0.085,0.074,462.40000000000003,Primary Transit,Kepler-320,-0.244,0.8424,1.11,6435.0
Kepler-320 c,,0.122,17.934937,0.142,0.074,462.40000000000003,Primary Transit,Kepler-320,-0.244,0.8424,1.11,6435.0
Kepler-321 b,,0.158,4.915379,0.057,0.013999999999999999,712.6,Primary Transit,Kepler-321,0.07950000000000002,1.01,1.19,5740.0
Kepler-321 c,,0.207,13.093921,0.11,0.013999999999999999,712.6,Primary Transit,Kepler-321,0.07950000000000002,1.01,1.19,5740.0
Kepler-322 b,,0.09,1.653888,0.027,0.1338,961.6,Primary Transit,Kepler-322,-0.06,0.91,0.89,5388.0
Kepler-322 c,,0.149,4.337234,0.051,0.1338,961.6,Primary Transit,Kepler-322,-0.06,0.91,0.89,5388.0
Kepler-323 b,,0.128,1.678327,0.028,0.096,1258.8,Primary Transit,Kepler-323,-0.078,1.09,1.18,5987.0
Kepler-323 c,,0.145,3.553822,0.046,0.096,1258.8,Primary Transit,Kepler-323,-0.078,1.09,1.18,5987.0
Kepler-324 b,,0.102,4.385315,0.05,0.03400000000000001,643.0,Primary Transit,Kepler-324,-0.009,0.86,0.84,5194.0
Kepler-324 c,,0.281,51.805612,0.26,0.03400000000000001,643.0,Primary Transit,Kepler-324,-0.009,0.86,0.84,5194.0
Kepler-324 d,0.00702,0.1008,34.169,0.1949,0.0,475.0,Primary Transit,Kepler-324,-0.009,0.86,0.84,5194.0
Kepler-324 e,,0.18182,13.97939968,0.1074,0.0,635.0,Primary Transit,Kepler-324,-0.009,0.86,0.84,5194.0
Kepler-325 b,,0.26,4.544439,0.053,0.0,1143.0,Primary Transit,Kepler-325,-0.171,0.87,1.0,5752.0
Kepler-325 c,,0.227,12.762172,0.105,0.0,1143.0,Primary Transit,Kepler-325,-0.171,0.87,1.0,5752.0
Kepler-325 d,,0.249,38.715185,0.22,0.0,1143.0,Primary Transit,Kepler-325,-0.171,0.87,1.0,5752.0
Kepler-326 Ab,,0.136,2.248329,0.032,0.0426,1386.1999999999998,Primary Transit,Kepler-326 A,0.133,0.98,0.8,5105.0
Kepler-326 Ac,,0.125,4.580358,0.051,0.0426,1386.1999999999998,Primary Transit,Kepler-326 A,0.133,0.98,0.8,5105.0
Kepler-326 Ad,,0.108,6.766888,0.066,0.0426,1386.1999999999998,Primary Transit,Kepler-326 A,0.133,0.98,0.8,5105.0
Kepler-327 b,,0.099,2.549575,0.029,0.0728,615.8,Primary Transit,Kepler-327,-0.041999999999999996,0.55,0.49,3799.0
Kepler-327 c,,0.092,5.212333,0.047,0.0728,615.8,Primary Transit,Kepler-327,-0.041999999999999996,0.55,0.49,3799.0
Kepler-327 d,,0.154,13.969457,0.09,0.0728,615.8,Primary Transit,Kepler-327,-0.041999999999999996,0.55,0.49,3799.0
Kepler-328 b,0.09,0.205,34.921,0.21945834218994367,0.3,880.0,Primary Transit,Kepler-328,-0.186,1.1,1.0,5914.0
Kepler-328 c,0.124,0.482,71.312,0.3532396053359554,0.3,880.0,Primary Transit,Kepler-328,-0.186,1.1,1.0,5914.0
Kepler-329 b,,0.125,7.416397,0.061,0.034800000000000005,477.59999999999997,Primary Transit,Kepler-329,-0.572,0.53,0.52,4257.0
Kepler-329 c,,0.172,18.684737,0.113,0.034800000000000005,477.59999999999997,Primary Transit,Kepler-329,-0.572,0.53,0.52,4257.0
Kepler-32 b,4.1,0.196,5.90124,0.05,0.029200000000000004,1106.2,Primary Transit,Kepler-32,0.0,0.58,0.53,3900.0
Kepler-32 c,0.5,0.178,8.7522,0.09,0.029200000000000004,1106.2,Primary Transit,Kepler-32,0.0,0.58,0.53,3900.0
Kepler-32 d,,0.241,22.7802,0.13,0.029200000000000004,1106.2,Primary Transit,Kepler-32,0.0,0.58,0.53,3900.0
Kepler-32 e,,0.134,2.896,0.033,0.029200000000000004,1106.2,Primary Transit,Kepler-32,0.0,0.58,0.53,3900.0
Kepler-32 f,,0.073,0.74296,0.013,0.029200000000000004,1106.2,Primary Transit,Kepler-32,0.0,0.58,0.53,3900.0
Kepler-330 b,,0.12,8.25978,0.075,0.0804,563.0,Primary Transit,Kepler-330,-0.097,0.78,0.72,5117.0
Kepler-330 c,,0.174,15.955387,0.116,0.0804,563.0,Primary Transit,Kepler-330,-0.097,0.78,0.72,5117.0
Kepler-331 b,,0.162,8.457496,0.065,0.066,649.7,Primary Transit,Kepler-331,-0.85,0.51,0.49,4347.0
Kepler-331 c,,0.164,17.28111,0.105,0.066,649.7,Primary Transit,Kepler-331,-0.85,0.51,0.49,4347.0
Kepler-331 d,,0.146,32.134328,0.159,0.066,649.7,Primary Transit,Kepler-331,-0.85,0.51,0.49,4347.0
Kepler-332 b,,0.104,7.626324,0.07,0.20800000000000002,841.8,Primary Transit,Kepler-332,0.05,0.8,0.72,4955.0
Kepler-332 c,,0.097,15.995622,0.114,0.20800000000000002,841.8,Primary Transit,Kepler-332,0.05,0.8,0.72,4955.0
Kepler-332 d,,0.105,34.21154,0.189,0.20800000000000002,841.8,Primary Transit,Kepler-332,0.05,0.8,0.72,4955.0
Kepler-333 Ab,,0.1195,12.55111099,0.0896,0.0,480.0,Primary Transit,Kepler-333 A,0.0465,0.701,0.621,4470.56
Kepler-333 Ac,,0.1035,24.0884178,0.1384,0.0,386.0,Primary Transit,Kepler-333 A,0.0465,0.701,0.621,4470.56
Kepler-334 b,,0.1,5.470319,0.061,0.9713999999999999,1154.8,Primary Transit,Kepler-334,-0.074,1.0,1.07,5828.0
Kepler-334 c,,0.128,12.758005,0.107,0.9713999999999999,1154.8,Primary Transit,Kepler-334,-0.074,1.0,1.07,5828.0
Kepler-334 d,,0.126,25.09849,0.168,0.9713999999999999,1154.8,Primary Transit,Kepler-334,-0.074,1.0,1.07,5828.0
Kepler-335 b,,0.302,6.562331,0.075,0.0838,1612.6,Primary Transit,Kepler-335,-0.106,0.99,1.85,5877.0
Kepler-335 c,,0.274,67.844469,0.356,0.0838,1612.6,Primary Transit,Kepler-335,-0.106,0.99,1.85,5877.0
Kepler-336 Ab,,0.091,2.024823,0.033,0.061,1018.76,Primary Transit,Kepler-336 A,-0.401,0.89,1.3,5867.0
Kepler-336 Ac,,0.187,9.600001,0.092,0.061,1018.76,Primary Transit,Kepler-336 A,-0.401,0.89,1.3,5867.0
Kepler-336 Ad,,0.211,20.678772,0.154,0.061,1018.76,Primary Transit,Kepler-336 A,-0.401,0.89,1.3,5867.0
Kepler-337 b,,0.137,3.292781,0.045,0.1014,898.8,Primary Transit,Kepler-337,-0.131,0.96,1.76,5684.0
Kepler-337 c,,0.183,9.693201,0.093,0.1014,898.8,Primary Transit,Kepler-337,-0.131,0.96,1.76,5684.0
Kepler-338 b,0.0963,0.218,13.726976,0.117,0.04,1064.8,Primary Transit,Kepler-338,-0.106,1.1,1.74,5923.0
Kepler-338 c,,0.209,24.310856,0.172,0.03,1228.2,Primary Transit,Kepler-338,-0.106,1.1,1.74,5923.0
Kepler-338 d,,0.268,44.431014,0.257,0.03,1228.2,Primary Transit,Kepler-338,-0.106,1.1,1.74,5923.0
Kepler-338 e,0.027,0.139,9.341,0.09110801006359556,0.05,1020.8,TTV,Kepler-338,-0.106,1.1,1.74,5923.0
Kepler-339 b,,0.127,4.977656,0.055,0.0059999999999999915,796.8,Primary Transit,Kepler-339,-0.237,0.84,0.8,5631.0
Kepler-339 c,,0.103,6.988055,0.069,0.0059999999999999915,796.8,Primary Transit,Kepler-339,-0.237,0.84,0.8,5631.0
Kepler-339 d,,0.104,10.558345,0.091,0.0059999999999999915,796.8,Primary Transit,Kepler-339,-0.237,0.84,0.8,5631.0
Kepler-33 b,,0.155,5.66793,0.0677,0.0,1580.4,Primary Transit,Kepler-33,0.025,1.29,1.82,5904.0
Kepler-33 c,,0.285,13.17562,0.1189,0.0,1580.4,Primary Transit,Kepler-33,0.025,1.29,1.82,5904.0
Kepler-33 d,,0.477,21.77596,0.1662,0.0,1580.4,Primary Transit,Kepler-33,0.025,1.29,1.82,5904.0
Kepler-33 e,,0.359,31.7844,0.2138,0.0,1580.4,Primary Transit,Kepler-33,0.025,1.29,1.82,5904.0
Kepler-33 f,,0.398,41.02902,0.2535,0.0,1580.4,Primary Transit,Kepler-33,0.025,1.29,1.82,5904.0
Kepler-340 b,,0.226,14.844387,0.134,0.1424,1585.6,Primary Transit,Kepler-340,-0.094,2.11,1.85,6620.0
Kepler-340 c,,0.301,22.824669,0.178,0.1424,1585.6,Primary Transit,Kepler-340,-0.094,2.11,1.85,6620.0
Kepler-341 b,,0.105,5.195528,0.06,0.1014,985.8,Primary Transit,Kepler-341,-0.139,0.94,1.02,6012.0
Kepler-341 c,,0.152,8.01041,0.08,0.1014,985.8,Primary Transit,Kepler-341,-0.139,0.94,1.02,6012.0
Kepler-341 d,,0.165,27.666313,0.182,0.1014,985.8,Primary Transit,Kepler-341,-0.139,0.94,1.02,6012.0
Kepler-341 e,,0.178,42.473269,0.242,0.1014,985.8,Primary Transit,Kepler-341,-0.139,0.94,1.02,6012.0
Kepler-342 b,,0.201,15.170318,0.128,0.021059999999999995,1013.4,Primary Transit,Kepler-342,-0.05299999999999999,1.13,1.47,6175.0
Kepler-342 c,,0.175,26.234138,0.185,0.021059999999999995,1013.4,Primary Transit,Kepler-342,-0.05299999999999999,1.13,1.47,6175.0
Kepler-342 d,,0.222,39.459357,0.242,0.021059999999999995,1013.4,Primary Transit,Kepler-342,-0.05299999999999999,1.13,1.47,6175.0
Kepler-342 e,,0.079,1.64422461,0.02887333802937489,0.021059999999999995,1013.4,Primary Transit,Kepler-342,-0.05299999999999999,1.13,1.47,6175.0
Kepler-343 b,,0.215,8.96855,0.088,0.04079999999999999,1105.0,Primary Transit,Kepler-343,-0.138,1.04,1.43,5807.0
Kepler-343 c,,0.18,23.22182,0.167,0.04079999999999999,1105.0,Primary Transit,Kepler-343,-0.138,1.04,1.43,5807.0
Kepler-344 b,,0.233,21.963945,0.153,0.054599999999999996,821.4,Primary Transit,Kepler-344,-0.097,0.9,0.98,5774.0
Kepler-344 c,,0.263,125.596809,0.488,0.054599999999999996,821.4,Primary Transit,Kepler-344,-0.097,0.9,0.98,5774.0
Kepler-345 Ab,,0.066,7.415563,0.066,0.008400000000000005,901.8000000000001,Primary Transit,Kepler-345 A,-0.266,0.59,0.62,4504.0
Kepler-345 Ac,,0.107,9.387427,0.077,0.008400000000000005,901.8000000000001,Primary Transit,Kepler-345 A,-0.266,0.59,0.62,4504.0
Kepler-346 b,,0.237,6.511127,0.071,0.0092,934.6,Primary Transit,Kepler-346,-0.031,0.97,1.02,6033.0
Kepler-346 c,,0.274,23.851549,0.168,0.0092,934.6,Primary Transit,Kepler-346,-0.031,0.97,1.02,6033.0
Kepler-347 b,,0.176,12.79836,0.11,0.04079999999999999,1147.2,Primary Transit,Kepler-347,-0.068,1.04,1.0,6088.0
Kepler-347 c,,0.156,27.320871,0.183,0.04079999999999999,1147.2,Primary Transit,Kepler-347,-0.068,1.04,1.0,6088.0
Kepler-348 Ab,,0.136,7.05677,0.076,0.12559999999999996,1491.8000000000002,Primary Transit,Kepler-348 A,-0.128,1.33,1.297,6503.59
Kepler-348 Ac,,0.119,17.265427,0.138,0.12559999999999996,1491.8000000000002,Primary Transit,Kepler-348 A,-0.128,1.33,1.297,6503.59
Kepler-349 b,,0.17,5.929778,0.065,0.036,689.0,Primary Transit,Kepler-349,-0.091,0.97,0.93,5956.0
Kepler-349 c,,0.175,12.247629,0.105,0.036,689.0,Primary Transit,Kepler-349,-0.091,0.97,0.93,5956.0
Kepler-34 (AB)b,0.22,0.7637,288.822,1.0896,0.182,1313.8,Primary Transit,Kepler-34 (AB),-0.07,2.0687,1.1,5913.0
Kepler-350 b,,0.165,11.189562,0.104,0.07,862.2,Primary Transit,Kepler-350,-0.308,1.03,1.53,6186.0
Kepler-350 c,0.019,0.277,17.849,0.13725191709156234,0.07,862.2,Primary Transit,Kepler-350,-0.308,1.03,1.53,6186.0
Kepler-350 d,0.047,0.25,26.136,0.17698450296545112,0.07,862.2,Primary Transit,Kepler-350,-0.308,1.03,1.53,6186.0
Kepler-351 b,,0.273,37.054919,0.214,0.064,925.0,Primary Transit,Kepler-351,-0.134,0.89,0.85,5643.0
Kepler-351 c,,0.285,57.24809,0.287,0.064,925.0,Primary Transit,Kepler-351,-0.134,0.89,0.85,5643.0
Kepler-351 d,,0.243,142.544247,0.5223078458315796,0.064,925.0,Primary Transit,Kepler-351,-0.134,0.89,0.85,5643.0
Kepler-352 b,,0.077,10.05537,0.085,0.022000000000000006,978.6,Primary Transit,Kepler-352,-0.07,0.901,0.7314,5262.0
Kepler-352 c,,0.111,16.332995,0.118,0.022000000000000006,978.6,Primary Transit,Kepler-352,-0.07,0.901,0.7314,5262.0
Kepler-352 d,,0.071925,6.887279987,0.0657,0.0,788.0,Primary Transit,Kepler-352,-0.07,0.901,0.7314,5262.0
Kepler-353 Ab,,0.0937,5.79529495,0.0519,0.0,534.0,Primary Transit,Kepler-353 A,-0.12,0.6145,0.6333,3915.0
Kepler-353 Ac,,0.161,8.41100305,0.0665,0.0,471.99999999999994,Primary Transit,Kepler-353 A,-0.12,0.6145,0.6333,3915.0
Kepler-354 b,,0.164,5.47666,0.054,0.028399999999999988,978.4,Primary Transit,Kepler-354,-0.03599999999999999,0.65,0.67,4648.0
Kepler-354 c,,0.117,16.934402,0.115,0.028399999999999988,978.4,Primary Transit,Kepler-354,-0.03599999999999999,0.65,0.67,4648.0
Kepler-354 d,,0.111,24.209842,0.146,0.028399999999999988,978.4,Primary Transit,Kepler-354,-0.03599999999999999,0.65,0.67,4648.0
Kepler-355 b,,0.13,11.03189,0.102,0.11779999999999999,1092.0,Primary Transit,Kepler-355,-0.05099999999999999,1.05,1.07,6184.0
Kepler-355 c,,0.242,25.762294,0.179,0.11779999999999999,1092.0,Primary Transit,Kepler-355,-0.05099999999999999,1.05,1.07,6184.0
Kepler-356 b,,0.14,4.612696,0.057,0.066,808.8,Primary Transit,Kepler-356,-0.32500000000000007,0.97,1.33,6133.0
Kepler-356 c,,0.161,13.121632,0.115,0.066,808.8,Primary Transit,Kepler-356,-0.32500000000000007,0.97,1.33,6133.0
Kepler-357 b,,0.164,6.475434,0.063,0.22039999999999998,740.6,Primary Transit,Kepler-357,0.051000000000000004,0.78,0.83,5036.0
Kepler-357 c,,0.238,16.85837,0.12,0.22039999999999998,740.6,Primary Transit,Kepler-357,0.051000000000000004,0.78,0.83,5036.0
Kepler-357 d,,0.306,49.499875,0.246,0.22039999999999998,740.6,Primary Transit,Kepler-357,0.051000000000000004,0.78,0.83,5036.0
Kepler-358 b,,0.243,34.060467,0.21,0.1014,923.6,Primary Transit,Kepler-358,-0.027,0.95,0.95,5908.0
Kepler-358 c,,0.254,83.488369,0.381,0.1014,923.6,Primary Transit,Kepler-358,-0.027,0.95,0.95,5908.0
Kepler-359 b,,0.315,25.563222,0.178,0.03559999999999999,1315.0,Primary Transit,Kepler-359,-0.03899999999999999,1.07,1.09,6248.0
Kepler-359 c,,0.384,57.68802,0.307,0.03559999999999999,1315.0,Primary Transit,Kepler-359,-0.03899999999999999,1.07,1.09,6248.0
Kepler-359 d,,0.358,77.095691,0.372,0.03559999999999999,1315.0,Primary Transit,Kepler-359,-0.03899999999999999,1.07,1.09,6248.0
Kepler-35 (AB)b,0.1268,0.728,131.458,0.60347,0.042,1408.0,Primary Transit,Kepler-35 (AB),-0.34,1.6971,1.0,5606.0
Kepler-360 b,,0.147,3.289672,0.044,0.1014,923.6,Primary Transit,Kepler-360,-0.12,0.95,1.06,6053.0
Kepler-360 c,,0.187,7.186434,0.075,0.1014,923.6,Primary Transit,Kepler-360,-0.12,0.95,1.06,6053.0
Kepler-361 b,,0.129,8.486616,0.086,0.0276,1036.6,Primary Transit,Kepler-361,-0.137,1.07,1.34,6169.0
Kepler-361 c,,0.225,55.188023,0.3,0.0276,1036.6,Primary Transit,Kepler-361,-0.137,1.07,1.34,6169.0
Kepler-362 Ab,,0.079,10.327186,0.087,0.07,669.0,Primary Transit,Kepler-362 A,-0.156,1.03,1.2835,5745.22
Kepler-362 Ac,,0.129,37.866281,0.207,0.07,669.0,Primary Transit,Kepler-362 A,-0.156,1.03,1.2835,5745.22
Kepler-363 b,,0.103,3.614568,0.048,0.20400000000000001,1411.4,Primary Transit,Kepler-363,0.299,1.23,1.49,5593.0
Kepler-363 c,,0.151,7.542427,0.079,0.20400000000000001,1411.4,Primary Transit,Kepler-363,0.299,1.23,1.49,5593.0
Kepler-363 d,,0.183,11.932125,0.107,0.20400000000000001,1411.4,Primary Transit,Kepler-363,0.299,1.23,1.49,5593.0
Kepler-364 b,,0.138,25.745718,0.178,0.0596,1536.2,Primary Transit,Kepler-364,-0.026,1.2,1.28,6108.0
Kepler-364 c,,0.192,59.980627,0.312,0.0596,1536.2,Primary Transit,Kepler-364,-0.026,1.2,1.28,6108.0
Kepler-365 Ab,,0.182,10.664903,0.098,0.0838,1612.6,Primary Transit,Kepler-365 A,-0.046,0.99,1.05,6012.0
Kepler-365 Ac,,0.146,17.784129,0.137,0.0838,1612.6,Primary Transit,Kepler-365 A,-0.046,0.99,1.05,6012.0
Kepler-366 b,,0.13,3.281959,0.045,0.1334,1239.6,Primary Transit,Kepler-366,-0.081,1.05,1.05,6209.0
Kepler-366 c,,0.16,12.51616,0.11,0.1334,1239.6,Primary Transit,Kepler-366,-0.081,1.05,1.05,6209.0
Kepler-367 b,,0.116,37.815724,0.201,0.067,705.0,Primary Transit,Kepler-367,0.247,0.75,0.69,4710.0
Kepler-367 c,,0.107,53.578637,0.253,0.067,705.0,Primary Transit,Kepler-367,0.247,0.75,0.69,4710.0
Kepler-368 b,,0.291,26.84768,0.186,0.21400000000000002,762.5400000000001,Primary Transit,Kepler-368,-0.48899999999999993,0.71,2.02,5502.0
Kepler-368 c,,0.346,72.379334,0.36,0.21400000000000002,762.5400000000001,Primary Transit,Kepler-368,-0.48899999999999993,0.71,2.02,5502.0
Kepler-369 Ab,,0.101,2.732756,0.03,0.0346,583.8,Primary Transit,Kepler-369 A,0.207,0.54,0.47,3591.0
Kepler-369 Ac,,0.126,14.871572,0.094,0.0346,583.8,Primary Transit,Kepler-369 A,0.207,0.54,0.47,3591.0
Kepler-36 b,0.01205,0.134,13.86825,0.1153,0.0,1757.8000000000002,Primary Transit,Kepler-36,-0.18,1.03,1.63,5979.0
Kepler-36 c,0.02243,0.328,16.21865,0.1283,0.0,1757.8000000000002,Primary Transit,Kepler-36,-0.18,1.03,1.63,5979.0
Kepler-370 b,,0.142,4.57953,0.054,0.0514,856.6,Primary Transit,Kepler-370,-0.124,0.94,0.9,5852.0
Kepler-370 c,,0.17,19.02293,0.14,0.0514,856.6,Primary Transit,Kepler-370,-0.124,0.94,0.9,5852.0
Kepler-371 b,,0.169,34.763278,0.2,0.04079999999999999,889.8,Primary Transit,Kepler-371,-0.197,1.04,1.31,5794.0
Kepler-371 c,,0.159,67.968015,0.313,0.04079999999999999,889.8,Primary Transit,Kepler-371,-0.197,1.04,1.31,5794.0
Kepler-372 b,,0.121,6.849692,0.075,0.16319999999999998,1329.4,Primary Transit,Kepler-372,-0.137,1.15,1.14,6509.0
Kepler-372 c,,0.186,20.053763,0.154,0.16319999999999998,1329.4,Primary Transit,Kepler-372,-0.137,1.15,1.14,6509.0
Kepler-372 d,,0.151,30.092568,0.201,0.16319999999999998,1329.4,Primary Transit,Kepler-372,-0.137,1.15,1.14,6509.0
Kepler-373 b,,0.121,5.535309,0.06,0.03400000000000001,1220.0,Primary Transit,Kepler-373,-0.272,0.87,0.84,5787.0
Kepler-373 c,,0.111,16.725948,0.126,0.03400000000000001,1220.0,Primary Transit,Kepler-373,-0.272,0.87,0.84,5787.0
Kepler-374 b,,0.092,1.897806,0.029,0.062,1059.6,Primary Transit,Kepler-374,-0.441,0.84,0.91,5977.0
Kepler-374 c,,0.098,3.282807,0.042,0.062,1059.6,Primary Transit,Kepler-374,-0.441,0.84,0.91,5977.0
Kepler-374 d,,0.117,5.028219,0.056,0.062,1059.6,Primary Transit,Kepler-374,-0.441,0.84,0.91,5977.0
Kepler-375 b,,0.129,12.125934,0.101,0.010800000000000004,881.0,Primary Transit,Kepler-375,-0.197,0.89,0.84,5826.0
Kepler-375 c,,0.236,19.986326,0.141,0.010800000000000004,881.0,Primary Transit,Kepler-375,-0.197,0.89,0.84,5826.0
Kepler-376 b,,0.095,4.920199,0.057,0.21899999999999997,1239.6,Primary Transit,Kepler-376,-0.151,1.05,1.18,5900.0
Kepler-376 c,,0.16,14.172327,0.115,0.21899999999999997,1239.6,Primary Transit,Kepler-376,-0.151,1.05,1.18,5900.0
Kepler-377 b,,0.124,12.509529,0.109,0.0,1222.8,Primary Transit,Kepler-377,-0.497,0.88,1.22,5949.0
Kepler-377 c,,0.184,27.014976,0.182,0.0,1222.8,Primary Transit,Kepler-377,-0.497,0.88,1.22,5949.0
Kepler-378 b,,0.067,16.092361,0.112,0.1014,923.6,Primary Transit,Kepler-378,0.553,0.96,0.67,4661.0
Kepler-378 c,,0.062,28.906009,0.166,0.1014,923.6,Primary Transit,Kepler-378,0.553,0.96,0.67,4661.0
Kepler-379 Ab,,0.148,20.09838,0.152,0.0,1489.4,Primary Transit,Kepler-379 A,-0.045,1.08,1.31,6054.0
Kepler-379 Ac,,0.204,62.784697,0.326,0.0,1489.4,Primary Transit,Kepler-379 A,-0.045,1.08,1.31,6054.0
Kepler-37 b,0.01,0.026,13.36731,0.1003,0.0,1757.6000000000001,Primary Transit,Kepler-37,-0.36,0.79,0.789,5357.0
Kepler-37 c,0.03776,0.067,21.302,0.1368,0.1708,922.8,Primary Transit,Kepler-37,-0.36,0.79,0.789,5357.0
Kepler-37 d,0.017,0.173,39.7922,0.2109,0.142,922.8,Primary Transit,Kepler-37,-0.36,0.79,0.789,5357.0
Kepler-380 Ab,,0.106,3.930821,0.05,0.1334,1381.8,Primary Transit,Kepler-380 A,-0.144,1.05,1.22,6045.0
Kepler-380 Ac,,0.113,7.630004,0.078,0.1334,1381.8,Primary Transit,Kepler-380 A,-0.144,1.05,1.22,6045.0
Kepler-381 b,,0.088,5.629021,0.066,0.21742,1439.4,Primary Transit,Kepler-381,0.15019999999999997,1.34,1.57,6152.0
Kepler-381 c,,0.1,13.391635,0.117,0.21742,1439.4,Primary Transit,Kepler-381,0.15019999999999997,1.34,1.57,6152.0
Kepler-381 d,,0.095165,8.256299973,0.085,0.0,1387.0,Primary Transit,Kepler-381,0.1256,1.34,1.57,6152.0
Kepler-382 b,,0.118,5.262155,0.055,0.0724,805.6,Primary Transit,Kepler-382,-0.314,0.8,0.94,5600.0
Kepler-382 c,,0.142,12.162701,0.097,0.0724,805.6,Primary Transit,Kepler-382,-0.314,0.8,0.94,5600.0
Kepler-383 Ab,,0.118,12.904532,0.095,0.10599999999999998,1010.356,Primary Transit,Kepler-383 A,-0.157,0.67,0.67,4710.0
Kepler-383 Ac,,0.111,31.200751,0.172,0.10599999999999998,1010.356,Primary Transit,Kepler-383 A,-0.157,0.67,0.67,4710.0
Kepler-384 b,,0.1,22.597053,0.148,0.093,702.5999999999999,Primary Transit,Kepler-384,-0.567,0.76,0.88,5577.0
Kepler-384 c,,0.101,45.348269,0.236,0.093,702.5999999999999,Primary Transit,Kepler-384,-0.567,0.76,0.88,5577.0
Kepler-385 b,,0.20635,10.04380879,0.097,0.019999999999999997,1182.6,Primary Transit,Kepler-385,-0.034,1.09,1.13,6326.0
Kepler-385 c,,0.21064,15.16213142,0.12545243301015185,0.019999999999999997,1182.6,Primary Transit,Kepler-385,-0.034,1.09,1.13,6326.0
Kepler-385 d,,0.21617,56.41581418,0.3012355042524228,0.019999999999999997,1182.6,Primary Transit,Kepler-385,-0.034,1.09,1.13,6326.0
Kepler-386 b,,0.13338,12.31043,0.096,0.1064,687.576,Primary Transit,Kepler-386,-0.225,0.74,0.77,5178.0
Kepler-386 c,,0.17183,25.193458,0.155,0.1064,687.576,Primary Transit,Kepler-386,-0.225,0.74,0.77,5178.0
Kepler-387 b,,0.092,6.791636,0.068,0.07,669.0,Primary Transit,Kepler-387,-0.233,1.03,1.05,5774.0
Kepler-387 c,,0.079,11.837549,0.098,0.07,669.0,Primary Transit,Kepler-387,-0.233,1.03,1.05,5774.0
Kepler-388 Ab,,0.072,3.173315,0.036,0.023960000000000002,712.1999999999999,Primary Transit,Kepler-388 A,-0.329,0.59,0.59,4498.0
Kepler-388 Ac,,0.077,13.297004,0.093,0.023960000000000002,712.1999999999999,Primary Transit,Kepler-388 A,-0.329,0.59,0.59,4498.0
Kepler-389 b,,0.135,3.244107,0.041,0.19519999999999998,934.0,Primary Transit,Kepler-389,-0.191,0.78,0.79,5376.0
Kepler-389 c,,0.13,14.51143,0.11,0.19519999999999998,934.0,Primary Transit,Kepler-389,-0.191,0.78,0.79,5376.0
Kepler-38 (AB)b,0.38,0.39,105.595,0.4644,0.1014,923.6,Primary Transit,Kepler-38 A,-0.158,0.949,1.757,5640.0
Kepler-390 Ab,,0.0651,6.73808701,0.0647,0.0,786.0,Primary Transit,Kepler-390 A,-0.044,0.877,0.829,5174.86
Kepler-390 Ac,,0.071,13.0600399,0.1006,0.0,630.0,Primary Transit,Kepler-390 A,-0.044,0.877,0.829,5174.86
Kepler-391 b,,0.02543,7.416755,0.082,0.46,930.0,Primary Transit,Kepler-391,0.019999999999999997,1.22,3.57,4940.0
Kepler-391 c,1.416,0.316,20.485435,0.161,0.27,662.0,Primary Transit,Kepler-391,0.019999999999999997,1.22,3.57,4940.0
Kepler-392 b,,0.089,5.341853,0.059,0.0878,1009.6,Primary Transit,Kepler-392,-0.297,1.13,1.13,5938.0
Kepler-392 c,,0.098,10.423118,0.093,0.0878,1009.6,Primary Transit,Kepler-392,-0.297,1.13,1.13,5938.0
Kepler-393 Ab,,0.115,9.182417,0.091,0.007999999999999993,1382.1999999999998,Primary Transit,Kepler-393 A,-0.217,1.32,1.38,6189.0
Kepler-393 Ac,,0.119,14.613612,0.124,0.007999999999999993,1382.1999999999998,Primary Transit,Kepler-393 A,-0.217,1.32,1.38,6189.0
Kepler-394 b,,0.143,8.005013,0.083,0.06,858.8,Primary Transit,Kepler-394,-0.129,1.11,1.13,6402.0
Kepler-394 c,,0.148,12.130686,0.11,0.06,858.8,Primary Transit,Kepler-394,-0.129,1.11,1.13,6402.0
Kepler-394 d,,0.134,5.613580227,0.0646,0.0,1197.0,Primary Transit,Kepler-394,-0.129,1.11,1.13,6402.0
Kepler-395 b,,0.092,7.054346,0.061,0.12079999999999999,477.59999999999997,Primary Transit,Kepler-395,-0.163,0.53,0.56,4262.0
Kepler-395 c,,0.118,34.989262,0.177,0.12079999999999999,477.59999999999997,Primary Transit,Kepler-395,-0.163,0.53,0.56,4262.0
Kepler-396 b,0.238,0.312,42.994,0.36709,0.047599999999999996,761.2,Primary Transit,Kepler-396,-0.129,0.81,1.17,5384.0
Kepler-396 c,0.056,0.473,88.505,0.22662,0.047599999999999996,761.2,Primary Transit,Kepler-396,-0.129,0.81,1.17,5384.0
Kepler-397 Ab,,0.219,22.250949,0.144,0.012799999999999978,1235.0,Primary Transit,Kepler-397 A,-0.035,0.9444,0.77,5307.0
Kepler-397 Ac,,0.551,135.498527,0.48,0.012799999999999978,1235.0,Primary Transit,Kepler-397 A,-0.035,0.9444,0.77,5307.0
Kepler-398 b,,0.083,4.081423,0.044,0.0,935.4,Primary Transit,Kepler-398,-0.046,0.9818,0.61,4493.0
Kepler-398 c,,0.09,11.419412,0.087,0.0,935.4,Primary Transit,Kepler-398,-0.046,0.9818,0.61,4493.0
Kepler-398 d,,0.079,6.83437001,0.0761,0.0,935.4,Primary Transit,Kepler-398,-0.046,0.9818,0.61,4493.0
Kepler-399 b,,0.086,14.425281,0.103,0.041,1169.4,Primary Transit,Kepler-399,-0.827,0.6642000000000001,0.68,5502.0
Kepler-399 c,,0.128,26.67569,0.155,0.041,1169.4,Primary Transit,Kepler-399,-0.827,0.6642000000000001,0.68,5502.0
Kepler-399 d,,0.169,58.034616,0.261,0.041,1169.4,Primary Transit,Kepler-399,-0.827,0.6642000000000001,0.68,5502.0
Kepler-400 Ab,,0.147,9.024389,0.087,0.066,1026.6,Primary Transit,Kepler-400 A,0.009,0.8338,1.15,6258.0
Kepler-400 Ac,,0.133,17.340824,0.134,0.066,1026.6,Primary Transit,Kepler-400 A,0.009,0.8338,1.15,6258.0
Kepler-401 b,,0.153,14.383035,0.122,0.1422,671.8,Primary Transit,Kepler-401,-0.297,0.962,1.33,6117.0
Kepler-401 c,,0.192,47.318218,0.269,0.1422,671.8,Primary Transit,Kepler-401,-0.297,0.962,1.33,6117.0
Kepler-401 d,,0.203,184.256405,0.0761,0.1422,671.8,Primary Transit,Kepler-401,-0.297,0.962,1.33,6117.0
Kepler-402 b,,0.109,4.028751,0.051,0.0,824.8,Primary Transit,Kepler-402,-0.22,0.8274,1.26,6090.0
Kepler-402 c,,0.139,6.124821,0.068,0.0,824.8,Primary Transit,Kepler-402,-0.22,0.8274,1.26,6090.0
Kepler-402 d,,0.123,8.921099,0.087,0.0,824.8,Primary Transit,Kepler-402,-0.22,0.8274,1.26,6090.0
Kepler-402 e,,0.13,11.242861,0.102,0.0,824.8,Primary Transit,Kepler-402,-0.22,0.8274,1.26,6090.0
Kepler-403 b,,0.112,7.031462,0.076,0.01200000000000001,1056.3600000000001,Primary Transit,Kepler-403,-0.145,0.9560000000000001,1.33,6090.0
Kepler-403 c,,0.156,54.280749,0.297,0.01200000000000001,1056.3600000000001,Primary Transit,Kepler-403,-0.145,0.9560000000000001,1.33,6090.0
Kepler-403 d,,0.127,13.61159129,0.0761,0.01200000000000001,1056.3600000000001,Primary Transit,Kepler-403,-0.145,0.9560000000000001,1.33,6090.0
Kepler-404 b,,0.113,11.829851,0.102,0.078,930.4,Primary Transit,Kepler-404,-0.009,0.9284,0.88,5654.0
Kepler-404 c,,0.153,14.751166,0.118,0.078,930.4,Primary Transit,Kepler-404,-0.009,0.9284,0.88,5654.0
Kepler-405 b,,0.186,10.613839,0.095,0.009599999999999984,530.4,Primary Transit,Kepler-405,-0.131,0.7447,0.89,5818.0
Kepler-405 c,,0.416,29.726682,0.188,0.009599999999999984,530.4,Primary Transit,Kepler-405,-0.131,0.7447,0.89,5818.0
Kepler-406 b,0.02,0.128,2.42629,0.03674964510332325,0.015599999999999989,1274.8,Primary Transit,Kepler-406,0.18,1.07,1.07,5538.0
Kepler-406 c,0.009,0.076,4.62332,0.05648424305302318,0.015599999999999989,1274.8,Primary Transit,Kepler-406,0.18,1.07,1.07,5538.0
Kepler-407 Ab,0.005251,0.10358,0.669310092,0.0153,0.0,1983.0,Primary Transit,Kepler-407 A,0.33,0.96,1.057,5476.0
Kepler-408 b,0.01573,0.073,2.46502,0.037255034336754075,0.0,862.2,Primary Transit,Kepler-408,-0.2,1.08,1.23,6104.0
Kepler-409 b,0.06922,0.106,68.9584,0.3254499016323938,0.016799999999999995,907.0,Primary Transit,Kepler-409,0.08,0.92,0.89,5460.0
Kepler-40 b,2.2,1.17,6.87349,0.08,0.0,1620.0,Primary Transit,Kepler-40,0.1,1.46,2.48,6510.0
Kepler-410 Ab,,0.253,17.833648,0.1226,0.17,1219.6,Primary Transit,Kepler-410 A,0.01,1.21,1.35,6273.0
Kepler-411 Ab,0.0805,0.16647,3.005156,0.03831,0.146,1138.0,Primary Transit,Kepler-411 A,0.11,0.87,0.82,4837.0
Kepler-411 Ac,0.0831,0.28888,7.834435,0.07258,0.108,838.0,Primary Transit,Kepler-411 A,0.11,0.87,0.82,4837.0
Kepler-411 Ad,0.04782,0.30119,58.02035,0.2757,0.128,410.0,Primary Transit,Kepler-411 A,0.11,0.87,0.82,4837.0
Kepler-412 b,0.941,1.341,1.7208604,0.02897,0.003799999999999998,1850.0,Primary Transit,Kepler-412,0.27,1.17,1.29,5750.0
Kepler-413 (AB)b,0.211,0.3881,66.262,0.3553,0.1181,1522.0,Primary Transit,Kepler-413 (AB),0.14279999999999995,1.3623,0.7761,4700.0
Kepler-414 b,0.011,0.153,4.7,0.053706311381240775,0.09999999999999999,990.0,TTV,Kepler-414,0.05,0.89,0.95,5567.0
Kepler-414 c,0.094,0.269,7.171,0.07117812910762668,0.09999999999999999,990.0,TTV,Kepler-414,0.05,0.89,0.95,5567.0
Kepler-415 b,0.377,0.108,4.176,0.045153908183903066,0.068,640.5999999999999,TTV,Kepler-415,-0.13740000000000002,0.67,0.64,5573.0
Kepler-415 c,,0.2507,8.708,0.07369996797348267,0.068,640.5999999999999,TTV,Kepler-415,-0.13740000000000002,0.67,0.64,5573.0
Kepler-416 b,0.183,0.2418,6.31943553,0.0658,0.0,986.0,"Primary Transit, TTV",Kepler-416,0.126,1.0,1.089,5620.27
Kepler-416 c,,0.2186,12.20951755,0.1021,0.0,791.0,Primary Transit,Kepler-416,0.126,1.0,1.089,5620.27
Kepler-416 d,,0.1436,3.07644709,0.0407,0.0,1253.0,Primary Transit,Kepler-416,0.126,1.0,1.089,5620.27
Kepler-417 b,0.035,0.206,12.331,0.1025438895127975,0.03,663.2,TTV,Kepler-417,0.19499999999999995,0.9,0.81,5573.0
Kepler-417 c,,0.24,15.943,0.12170010470232273,0.03,663.2,TTV,Kepler-417,0.19499999999999995,0.9,0.81,5573.0
Kepler-418 b,1.1,1.2,86.67856,0.38712085507298344,0.2,1445.6,Primary Transit,Kepler-418,0.01,0.98,1.09,5895.0
Kepler-418 c,,0.46579,12.21829987,0.1024,0.0,835.0,Primary Transit,Kepler-418,0.01,0.98,1.09,5895.0
Kepler-419 b,2.5,0.96,69.7546,0.37,0.833,1779.4,Primary Transit,Kepler-419,0.176,1.39,1.74,6430.0
Kepler-41 b,0.56,1.29,1.8555582,0.03101,0.0,1790.0,Primary Transit,Kepler-41,0.38,1.15,1.29,5750.0
Kepler-420 Ab,1.45,0.94,86.647661,0.382,0.7719999999999999,511.0,Primary Transit,Kepler-420 A,0.27,0.99,1.13,5520.0
Kepler-421 Ab,,0.371,704.1984,1.219,0.041,185.0,Primary Transit,Kepler-421 A,-0.271,0.902,0.8117,5265.34
Kepler-422 b,0.43,1.15,7.8914483,0.082,0.016,1197.4,Primary Transit,Kepler-422,0.23,1.15,1.24,5972.0
Kepler-423 b,0.595,1.192,2.6843285,0.03585,0.019000000000000003,1605.0,Primary Transit,Kepler-423,-0.1,0.85,0.95,5560.0
Kepler-424 b,1.03,0.89,3.3118644,0.044,0.6655999999999999,1154.6,Primary Transit,Kepler-424,0.44,1.01,0.94,5460.0
Kepler-425 b,0.25,0.978,3.79701816,0.0464,0.33,1070.0,Primary Transit,Kepler-425,0.24,0.93,0.86,5170.0
Kepler-426 b,0.34,1.09,3.21751883,0.0414,0.18,1300.0,Primary Transit,Kepler-426,-0.21,0.91,0.92,5725.0
Kepler-427 b,0.29,1.23,10.290994,0.091,0.57,1100.0,Primary Transit,Kepler-427,-0.19,0.96,1.35,5800.0
Kepler-428 b,1.27,1.08,3.52563254,0.0433,0.22000000000000003,1070.0,Primary Transit,Kepler-428,0.09,0.87,0.8,5150.0
Kepler-42 b,0.009,0.07,1.2137672,0.0116,0.20500000000000002,519.0,Primary Transit,Kepler-42,-0.33,0.13,0.17,3068.0
Kepler-42 c,0.006,0.065,0.45328509,0.006,0.02339999999999999,720.0,Primary Transit,Kepler-42,-0.33,0.13,0.17,3068.0
Kepler-42 d,0.003,0.051,1.865169,0.0154,0.1326,450.0,Primary Transit,Kepler-42,-0.33,0.13,0.17,3068.0
Kepler-430 b,,0.29,35.968,0.2244,0.1994,667.0,Primary Transit,Kepler-430,0.2,1.17,1.49,5884.0
Kepler-430 c,,0.16,110.979,0.4757,0.195,458.0,Primary Transit,Kepler-430,0.2,1.17,1.49,5884.0
Kepler-431 b,,0.068,6.803,0.0719,0.14926,1032.0,Primary Transit,Kepler-431,0.07,1.07,1.09,6004.0
Kepler-431 c,,0.06,8.703,0.0847,0.12869999999999998,951.0,Primary Transit,Kepler-431,0.07,1.07,1.09,6004.0
Kepler-431 d,,0.1,11.922,0.1045,0.19036000000000003,856.0,Primary Transit,Kepler-431,0.07,1.07,1.09,6004.0
Kepler-432 b,5.41,1.145,52.501129,0.301,0.5134,1269.0,Primary Transit,Kepler-432,-0.07,1.32,4.06,4995.0
Kepler-433 b,2.82,1.45,5.33408384,0.0679,0.119,1776.0,Primary Transit,Kepler-433,-0.01,1.46,2.26,6360.0
Kepler-434 b,2.86,1.13,12.8747099,0.1143,0.131,1000.0,Primary Transit,Kepler-434,0.24999999999999997,1.2,1.38,5977.0
Kepler-435 b,0.84,1.99,8.6001536,0.0948,0.114,1729.0,Primary Transit,Kepler-435,-0.18,1.54,3.21,6161.0
Kepler-436 b,,0.24,64.00205,0.339,0.19,642.1759999999999,Primary Transit,Kepler-436,0.01,0.73,0.7,4651.0
Kepler-436 c,,0.208,16.79713874,0.1175153443792471,0.1266,943.176,Primary Transit,Kepler-436,0.01,0.73,0.7,4651.0
Kepler-437 Ab,,0.19,66.65062,0.288,0.020000000000000004,609.4000000000001,Primary Transit,Kepler-437 A,0.0,0.713,0.679,4550.0
Kepler-438 b,,0.1,35.23319,0.166,0.03,1007.0,Primary Transit,Kepler-438,0.15999999999999998,0.54,0.52,3748.0
Kepler-439 b,,0.2,178.1396,0.563,0.03,1084.0,Primary Transit,Kepler-439,0.019999999999999997,0.88,0.87,5431.0
Kepler-43 b,3.23,1.219,3.0240949,0.046,0.025,1620.0,Primary Transit,Kepler-43,0.33,1.32,1.42,6041.0
Kepler-440 b,,0.17,101.11141,0.242,0.34,1157.8,Primary Transit,Kepler-440,-0.3,0.57,0.56,4134.0
Kepler-441 b,,0.15,207.2482,0.64,0.1,1056.8,Primary Transit,Kepler-441,-0.57,0.57,0.55,4340.0
Kepler-442 b,,0.12,112.3053,0.409,0.04,1163.492,Primary Transit,Kepler-442,-0.37,0.61,0.6,4402.0
Kepler-443 b,,0.21,177.6693,0.495,0.11,725.576,Primary Transit,Kepler-443,-0.01,0.74,0.71,4723.0
Kepler-444 Ab,,0.03595,3.6001053,0.04178,0.16,861.4,Primary Transit,Kepler-444 A,-0.55,0.76,0.75,5046.0
Kepler-444 Ac,,0.044,4.5458841,0.04881,0.30999999999999994,798.7760000000001,Primary Transit,Kepler-444 A,-0.55,0.76,0.75,5046.0
Kepler-444 Ad,,0.047,6.189392,0.06,0.18,798.7760000000001,Primary Transit,Kepler-444 A,-0.55,0.76,0.75,5046.0
Kepler-444 Ae,,0.049,7.743493,0.0696,0.1,798.7760000000001,Primary Transit,Kepler-444 A,-0.55,0.76,0.75,5046.0
Kepler-444 Af,,0.066,9.740486,0.0811,0.29,798.7760000000001,Primary Transit,Kepler-444 A,-0.55,0.76,0.75,5046.0
Kepler-445 b,0.02,0.14,2.984151,0.023288138912678703,0.0,1344.6,Primary Transit,Kepler-445,0.27,0.17999999999999994,0.21,3157.0
Kepler-445 c,0.027,0.22,4.871229,0.03228592875336562,0.0,1344.6,Primary Transit,Kepler-445,0.27,0.17999999999999994,0.21,3157.0
Kepler-445 d,0.011,0.11,8.15275,0.04551176410654716,0.0,1344.6,Primary Transit,Kepler-445,0.27,0.17999999999999994,0.21,3157.0
Kepler-446 b,0.014,0.13,1.565409,0.01619531983650557,0.0,1746.0,Primary Transit,Kepler-446,-0.3,0.21999999999999997,0.24,3359.0
Kepler-446 c,0.009,0.1,3.036179,0.02518774143119052,0.0,1746.0,Primary Transit,Kepler-446,-0.3,0.21999999999999997,0.24,3359.0
Kepler-446 d,0.01,0.12,5.148921,0.035819138032826464,0.0,1746.0,Primary Transit,Kepler-446,-0.3,0.21999999999999997,0.24,3359.0
Kepler-447 b,1.37,1.65,7.79430132,0.0769,0.123,916.8,Primary Transit,Kepler-447,0.07,1.0,1.05,5493.0
Kepler-448 b,1.1,1.23,17.855182,0.154,0.34,1551.8000000000002,Primary Transit,Kepler-448,0.08146,1.454,1.491,6779.23
Kepler-449 Ab,,0.183,12.58242,0.10836098075810603,0.03,1532.0,Primary Transit,Kepler-449 A,0.04000000000000001,1.02,1.51,5654.0
Kepler-449 Ac,,0.247,33.6727,0.20887290293382543,0.05,1409.0,Primary Transit,Kepler-449 A,0.04000000000000001,1.02,1.51,5654.0
Kepler-44 b,1.0,1.09,3.2467293,0.0446,0.066,1544.0,Primary Transit,Kepler-44,0.15,1.12,1.35,5800.0
Kepler-450 Ab,,0.5424,28.45489091,0.1993,0.020000000000000004,769.0,Primary Transit,Kepler-450 A,0.1278,1.191,1.641,6152.0
Kepler-450 Ac,,2.59,15.4130812,0.1324,0.020000000000000004,944.0,Primary Transit,Kepler-450 A,0.1278,1.191,1.641,6152.0
Kepler-450 Ad,,0.0856,7.5143967,0.082,0.14,1199.0,Primary Transit,Kepler-450 A,0.1278,1.191,1.641,6152.0
Kepler-452 b,,0.145,384.843,1.046,0.035,265.0,Primary Transit,Kepler-452,0.21,1.04,1.11,5757.0
Kepler-453 (AB)b,0.03,0.55,240.503,0.7522451137654409,0.02368,1170.2,Primary Transit,Kepler-453 A,0.21037999999999998,0.934,0.833,5527.0
Kepler-454 Ab,0.017,0.2114,10.5737534,0.09528,0.0,916.0,Primary Transit,Kepler-454 A,0.32,1.03,1.066,5687.0
Kepler-455 b,,0.62,1322.3,2.381179354887874,0.0838,1543.4,Primary Transit,Kepler 455,-0.42,0.98,1.005,6175.0
Kepler-457 b,,0.37,31.8099,0.161,0.0,1065.2,Primary Transit,Kepler-457,-0.05099999999999999,1.15,1.256,6116.46
Kepler-457 c,,0.21,75.2,0.3654,0.0,1065.2,Primary Transit,Kepler-457,-0.05099999999999999,1.15,1.256,6116.46
Kepler-457 d,,0.26627,10.6906004,0.0996,0.0,1008.0,Primary Transit,Kepler-457,-0.05099999999999999,1.15,1.256,6116.46
Kepler-458 b,,0.41,572.3847,1.3625866225017496,0.0838,1366.1999999999998,Primary Transit,Kepler-458,0.24999999999999997,0.98,1.03,6117.2
Kepler-458 c,,0.375,20.74028413,0.14920449634889535,0.0838,1366.1999999999998,Primary Transit,Kepler-458,0.24999999999999997,0.98,1.03,6117.2
Kepler-459 b,,0.49,854.083,1.797231110142045,0.03780000000000001,765.8,Primary Transit,Kepler-459,-0.039999999999999994,1.01,1.01,6091.0
Kepler-45 b,0.505,0.96,2.455239,0.03,0.11,1000.0,Primary Transit,Kepler-45,0.28,0.59,0.55,3820.0
Kepler-460 b,,0.57,440.7813,1.1897154111881698,0.308,905.2,Primary Transit,Kepler-460,-0.101,1.1,1.952,5976.2
Kepler-460 c,,0.492,220.1303357,0.7488834683854924,0.308,905.2,Primary Transit,Kepler-460,-0.101,1.1,1.952,5976.2
Kepler-461 b,,0.23,8.31378306,0.08111563427265173,0.21259999999999996,924.4,Primary Transit,Kepler-461,0.04000000000000001,0.98,0.91,5634.0
Kepler-462 b,0.16959,0.268,84.6866,0.44789091933693753,0.042,1408.0,Primary Transit,Kepler-462,0.05,1.59,1.57,7500.0
Kepler-462 c,0.01888,0.357,207.62,0.8143452807154433,0.11,926.4,Primary Transit,Kepler-462,0.05,1.59,1.57,7500.0
Kepler-463 b,,0.272,8.98101683,0.08207675460635677,0.0,1282.2,Primary Transit,Kepler-463,-0.28,0.87,0.9,5661.0
Kepler-464 b,,0.294,7.25696522,0.07948074011271394,0.0668,1089.8,Primary Transit,Kepler-464,0.19,1.21,1.59,5933.0
Kepler-465 b,,0.263,9.94067247,0.09856944205359328,0.188,1178.8,Primary Transit,Kepler-465,0.09,1.23,1.29,6310.0
Kepler-466 b,,0.254,51.07926307,0.27754768743448527,0.1488,775.6,Primary Transit,Kepler-466,-0.01,1.04,1.05,5927.0
Kepler-466 c,,0.112,3.70921385,0.04830911849590016,0.1488,775.6,Primary Transit,Kepler-466,-0.01,1.04,1.05,5927.0
Kepler-467 b,,0.201,24.99324193,0.17289200591881163,0.11779999999999999,1361.4,Primary Transit,Kepler-467,0.06,1.05,1.37,5809.0
Kepler-468 b,,1.19,38.47875707,0.22373530435855765,0.092,771.6,Primary Transit,Kepler-468,0.1,0.96,0.87,5498.0
Kepler-469 b,,0.0651,0.875197345,0.0189,0.0,2518.0,Primary Transit,Kepler-469,0.166,1.06,2.19,5846.0
Kepler-46 b,6.0,0.808,33.60134,0.1968,0.009999999999999995,543.0,Primary Transit,Kepler-46,0.41,0.902,0.79,5309.0
Kepler-46 d,,0.146,6.766589,0.067,0.0,1519.6,Primary Transit,Kepler-46,0.41,0.902,0.79,5309.0
Kepler-471 b,,1.335,5.01423457,0.06658278222762824,0.29259999999999997,1451.2,Primary Transit,Kepler-471,0.07,1.49,1.8,6733.0
Kepler-472 b,,0.287,4.17625551,0.048883365793893095,0.034,938.8,Primary Transit,Kepler-472,0.15999999999999998,0.85,0.78,4996.0
Kepler-473 b,,0.364,14.55731705,0.12096310706286068,0.1286,1408.6,Primary Transit,Kepler-473,0.12,1.06,1.34,5816.0
Kepler-474 b,,0.273,5.66067294,0.06299226023318101,0.1038,1612.6,Primary Transit,Kepler-474,-0.01,0.99,1.08,5785.0
Kepler-475 b,,0.222,3.10550819,0.040279557204870066,0.056,664.8,Primary Transit,Kepler-475,0.21,0.86,0.79,5009.0
Kepler-476 Ab,,0.275,14.00640607,0.11676884065616036,0.178,741.8,Primary Transit,Kepler-476 A,0.04000000000000001,1.03,1.09,5837.0
Kepler-477 Ab,,0.1856,11.1199028,0.0911,0.0,649.0,Primary Transit,Kepler-477 A,-0.422,0.87,0.6877,5122.63
Kepler-478 Ab,,0.242,13.2217576,0.10539722756975511,0.022,889.6,Primary Transit,Kepler-478 A,-0.03,0.85,0.8,5210.0
Kepler-479 b,,0.189,12.49341307,0.10188657608230607,0.11960000000000001,826.1800000000001,Primary Transit,Kepler-479,-0.02,0.86,0.81,5247.0
Kepler-47 (AB)b,,0.27,49.514,0.2956,0.01580000000000001,1018.6,Primary Transit,Kepler-47 A,-0.061,1.043,0.964,5636.0
Kepler-47 (AB)c,,0.41,303.148,0.989,0.01580000000000001,1018.6,Primary Transit,Kepler-47 A,-0.061,1.043,0.964,5636.0
Kepler-47 (AB)d,0.05984,0.6281,187.35,0.6992,0.024000000000000007,1064.2,Timing,Kepler-47 A,0.1402,1.043,0.964,5636.0
Kepler-480 b,,0.248,4.9195838,0.06200389861684351,0.127,1380.6,Primary Transit,Kepler-480,0.11,1.25,1.34,6322.0
Kepler-481 b,,0.223,10.06082567,0.09304498247860396,0.7001999999999999,864.8,Primary Transit,Kepler-481,0.029999999999999995,1.01,1.09,5802.0
Kepler-482 Ab,,0.2105,56.35407916,0.2537,0.0,352.0,Primary Transit,Kepler-482 A,-0.15,0.755,0.806,4715.0
Kepler-483 b,,0.286,30.229104,0.20966064830334477,0.19804,1074.4,Primary Transit,Kepler-483,0.09,1.28,1.47,6346.0
Kepler-484 b,,0.203,10.04556931,0.09139102158281616,0.04340000000000001,871.2,Primary Transit,Kepler-484,-0.1,0.96,0.87,5668.0
Kepler-485 b,,1.286,3.2432598,0.04459428138931841,0.13135999999999998,1157.2,Primary Transit,Kepler-485,0.04000000000000001,1.07,1.09,5958.0
Kepler-487 Ab,,1.019,15.3587684,0.1191465513763348,0.042,972.1999999999999,Primary Transit,Kepler-487 A,0.0,0.91,0.88,5444.0
Kepler-487 Ac,,0.239,38.6519976,0.2204407321084258,0.042,972.1999999999999,Primary Transit,Kepler-487 A,0.0,0.91,0.88,5444.0
Kepler-487 Ad,,0.24757,2.418390036,0.0337,0.0,1226.0,Primary Transit,Kepler-487 A,0.0,0.91,0.88,5444.0
Kepler-489 b,,0.689,17.27629612,0.12447108110982807,0.036,880.4,Primary Transit,Kepler-489,0.0,0.82,0.76,5014.0
Kepler-48 b,0.0124,0.168,4.778,0.05409474430542996,0.0,1222.8,Primary Transit,Kepler-48,0.17,0.88,0.89,5194.0
Kepler-48 c,0.04597,0.242,9.67395,0.08657520614093289,0.0,1222.8,Primary Transit,Kepler-48,0.17,0.88,0.89,5194.0
Kepler-48 d,0.025,0.182,42.8961,0.23366994056153056,0.0,1222.8,Primary Transit,Kepler-48,0.17,0.88,0.89,5194.0
Kepler-490 b,,1.039,3.26869515,0.04496634783061563,0.029400000000000003,1137.4,Primary Transit,Kepler-490,-0.02,1.08,1.12,6045.0
Kepler-491 b,,0.796,4.22538451,0.052692890374729705,0.066,1298.4,Primary Transit,Kepler-491,0.37,1.04,1.03,5582.0
Kepler-493 b,,1.35,3.00387658,0.04589842440252694,0.27841999999999995,1323.8,Primary Transit,Kepler-493,0.11,1.36,1.54,6457.0
Kepler-495 b,,0.467,3.41303622,0.04418755455035266,0.08,839.8,Primary Transit,Kepler-495,-0.07,0.94,0.866,5410.0
Kepler-495 c,,0.10875,5.896609783,0.0584,0.1478,1000.0,Primary Transit,Kepler-495,-0.07,0.94,0.866,5410.0
Kepler-496 b,,0.207,8.30864937,0.07762766499554528,0.056,742.52,Primary Transit,Kepler-496,-0.03,0.86,0.82,5293.0
Kepler-497 b,,0.5183,3.573202801,0.0457,0.0,1210.0,Primary Transit,Kepler-497,0.24,1.09,1.609,5644.0
Kepler-498 b,,0.27,9.61375356,0.08936499457614533,0.006599999999999981,862.8,Primary Transit,Kepler-498,-0.039999999999999994,0.98,0.96,5744.0
Kepler-499 b,,0.194,5.63252845,0.06013658539735866,0.0,1246.8000000000002,Primary Transit,Kepler-499,0.0,0.87,0.83,5312.0
Kepler-49 b,0.98,0.243,7.2037945,0.060812360037397,0.038,650.2,Primary Transit,Kepler-49,-0.01759999999999999,0.55,0.56,4252.0
Kepler-49 c,0.72,0.227,10.9129343,0.0802131075140061,0.038,650.2,Primary Transit,Kepler-49,-0.01759999999999999,0.55,0.56,4252.0
Kepler-49 d,,0.143,2.576549,0.031,0.038,650.2,Primary Transit,Kepler-49,-0.01759999999999999,0.55,0.56,4252.0
Kepler-49 e,,0.139,18.596108,0.116,0.038,650.2,Primary Transit,Kepler-49,-0.01759999999999999,0.55,0.56,4252.0
Kepler-4 b,0.077,0.357,3.21346,0.0456,0.0,1650.0,Primary Transit,Kepler-4,0.12,1.22,1.595,5772.0
Kepler-500 b,,0.23,8.5083244,0.08348199812639313,0.0,557.8000000000001,Primary Transit,Kepler-500,0.029999999999999995,1.02,1.03,5813.0
Kepler-501 b,,0.384,5.64067757,0.06367906478226043,0.07,942.0,Primary Transit,Kepler-501,-0.03,1.03,1.04,5904.0
Kepler-501 c,,0.149979,3.622760057,0.0467,0.0,1304.0,Primary Transit,Kepler-501,-0.03,1.03,1.04,5904.0
Kepler-502 b,,0.426,4.28686431,0.05501602258084482,0.24000000000000005,1293.6,Primary Transit,Kepler-502,0.05,1.15,1.22,6125.0
Kepler-504 Ab,,0.1401,9.549277089,0.0646,0.0,374.0,Primary Transit,Kepler-504 A,-0.31,0.4119999999999999,0.418,3600.0
Kepler-505 b,,0.232,27.52197994,0.1486177779880847,0.0828,521.4000000000001,Primary Transit,Kepler-505,-0.19,0.55,0.53,3931.0
Kepler-506 b,,0.244,6.8834055,0.0763041176641009,0.2496,1315.4,Primary Transit,Kepler-506,0.09,1.19,1.19,6236.0
Kepler-507 b,,0.116,3.56809693,0.048821056893841225,0.0020000000000000018,1286.0,Primary Transit,Kepler-507,0.06,1.16,1.32,6113.0
Kepler-508 b,,0.146,25.30889748,0.18023186033196853,0.124,1024.0,Primary Transit,Kepler-508,0.18,1.16,1.25,6025.0
Kepler-509 b,,0.222,41.74600392,0.24719380699939913,0.29999999999999993,818.8,Primary Transit,Kepler-509,0.01,1.1,1.2,6060.0
Kepler-50 b,0.1,0.153,7.81254,0.077,0.22999999999999998,1342.6,Primary Transit,Kepler-50,0.029999999999999995,1.24,1.58,6225.0
Kepler-50 c,0.11,0.194,9.37647,0.087,0.22999999999999998,1342.6,Primary Transit,Kepler-50,0.029999999999999995,1.24,1.58,6225.0
Kepler-510 b,,0.22,19.55659418,0.13997141874541819,0.022,870.8,Primary Transit,Kepler-510,-0.35,0.91,1.41,5746.0
Kepler-511 b,,0.567,296.637865,0.885077177992816,0.3404,1110.4,Primary Transit,Kepler-511,0.01,1.0,1.2,5770.0
Kepler-511 c,,0.3755,26.62949944,0.1813,0.0,742.0,Primary Transit,Kepler-511,0.01,1.0,1.2,5770.0
Kepler-512 b,,0.24,34.43587975,0.2219385922377176,0.19,876.8,Primary Transit,Kepler-512,0.21999999999999997,1.17,1.3,5997.0
Kepler-513 b,,0.196,28.86235584,0.18847394735041287,0.14400000000000002,886.0,Primary Transit,Kepler-513,-0.01,1.02,1.06,5849.0
Kepler-514 Ab,,0.1811,5.65178922,0.0676,0.0,1248.0,Primary Transit,Kepler-514 A,0.36,1.28,1.44,6106.0
Kepler-515 Ab,,0.134,19.96367208,0.1333,0.0,564.0,Primary Transit,Kepler-515 A,0.08,0.9,0.83,5293.0
Kepler-516 b,,0.512,24.85462415,0.19903978303493114,0.2584,1695.8,Primary Transit,Kepler-516,0.01,1.62,2.02,7099.0
Kepler-517 Ab,,0.248,60.92818866,0.2897,0.0,467.00000000000006,Primary Transit,Kepler-517 A,-0.144,0.991,1.0384,5604.05
Kepler-518 b,,0.188,8.51203588,0.08183569832882655,0.1014,923.6,Primary Transit,Kepler-518,-0.23,0.96,0.88,5842.0
Kepler-519 Ab,,0.1909,24.30784323,0.1594,0.0,532.0,Primary Transit,Kepler-519 A,0.01,0.89,0.8,5260.0
Kepler-51 b,0.007,0.633,45.154,0.2514,0.04,543.0,Primary Transit,Kepler-51,0.05,0.985,0.881,5670.0
Kepler-51 c,0.013,0.803,85.312,0.384,0.013999999999999999,439.0,Primary Transit,Kepler-51,0.05,0.985,0.881,5670.0
Kepler-51 d,0.024,0.865,130.194,0.509,0.007999999999999993,381.0,Primary Transit,Kepler-51,0.05,0.985,0.881,5670.0
Kepler-520 Ab,,0.148,19.67416124,0.1497011479338617,0.3,818.8,Primary Transit,Kepler-520 A,-0.1446,1.1,1.65,6028.0
Kepler-520 Ac,,0.095,5.21104261,0.06174153121249918,0.3,818.8,Primary Transit,Kepler-520 A,-0.1446,1.1,1.65,6028.0
Kepler-521 b,,0.284,22.20813214,0.17332972155790685,0.17459999999999998,1666.0,Primary Transit,Kepler-521,0.24999999999999997,1.34,1.46,6406.0
Kepler-522 b,,0.616,38.58422849,0.26238773993192466,0.31020000000000003,1359.4,Primary Transit,Kepler-522,0.41,1.54,1.98,6392.0
Kepler-523 b,,0.175,5.83598311,0.06296034295916474,0.05906,705.6,Primary Transit,Kepler-523,-0.03,0.93,0.86,5515.0
Kepler-524 b,,0.17,7.97419807,0.0817391774782583,0.030000000000000013,1297.2,Primary Transit,Kepler-524,0.019999999999999997,1.09,1.1,6014.0
Kepler-524 c,,0.086,1.88897906,0.03129370707740397,0.030000000000000013,1297.2,Primary Transit,Kepler-524,0.019999999999999997,1.09,1.1,6014.0
Kepler-525 b,,0.235,18.68404933,0.13773742404596537,0.10139999999999999,1006.2,Primary Transit,Kepler-525,0.11,0.95,1.15,5573.0
Kepler-526 Ab,,0.178,5.45849832,0.06463158682071167,0.12,1180.6,Primary Transit,Kepler-526 A,0.34,1.15,1.14,5894.0
Kepler-527 b,,0.253,13.28535633,0.1211943050455927,0.0,1506.4,Primary Transit,Kepler-527,0.029999999999999995,1.28,1.45,6388.0
Kepler-528 b,,0.186,19.78297415,0.1460376822178864,0.7149999999999999,1270.6,Primary Transit,Kepler-528,0.019999999999999997,1.01,1.06,5807.0
Kepler-529 b,,0.166,1.98035766,0.0320962109402112,0.032999999999999995,877.8,Primary Transit,Kepler-529,-0.1,1.07,1.14,6087.0
Kepler-529 c,,0.178,12.8345022,0.1115691256826775,0.032999999999999995,877.8,Primary Transit,Kepler-529,-0.1,1.07,1.14,6087.0
Kepler-529 d,,0.24936,35.86619949,0.2134,0.0,633.0,Primary Transit,Kepler-529,-0.1,1.07,1.14,6087.0
Kepler-52 Ab,0.25,0.187,7.8773565,0.06732018201755904,0.20679999999999998,843.0,Primary Transit,Kepler-52 A,0.0,0.624,0.63,4163.9
Kepler-52 Ac,0.198,0.164,16.3850021,0.10969561874108963,0.20679999999999998,843.0,Primary Transit,Kepler-52 A,0.0,0.624,0.63,4163.9
Kepler-52 d,,0.174,36.445171,0.182,0.20679999999999998,843.0,Primary Transit,Kepler-52 A,0.0,0.624,0.63,4163.9
Kepler-530 Ab,,0.256,39.30944096,0.2212,0.0,488.0,Primary Transit,Kepler-530 A,-0.08,0.97,0.89,5697.0
Kepler-531 b,,0.248,29.88485741,0.1763988478597398,0.012399999999999994,752.4,Primary Transit,Kepler-531,-0.03,0.78,0.75,4893.0
Kepler-532 b,,0.229,12.92491623,0.10462167291824542,0.0,1246.8000000000002,Primary Transit,Kepler-532,0.0,0.87,0.79,5192.0
Kepler-533 b,,0.302,28.51120525,0.17095114078559587,0.024799999999999996,731.8000000000001,Primary Transit,Kepler-533,0.01,0.78,0.72,4758.0
Kepler-534 Ab,,0.2,15.95994513,0.12820770131565049,0.11779999999999999,1365.6,Primary Transit,Kepler-534 A,0.01,1.05,0.98,5884.0
Kepler-534 Ac,,0.10947,7.378689766,0.0761,0.0,933.0,Primary Transit,Kepler-534 A,0.01,1.05,0.98,5884.0
Kepler-535 b,,0.211,4.90332155,0.06069007441297351,0.21199999999999997,1109.0,Primary Transit,Kepler-535,0.13,1.18,1.27,6123.0
Kepler-536 Ab,,0.27469,1.82708193,0.0276,0.0,1877.0,Primary Transit,Kepler-536 A,0.062,0.965,0.86,5500.86
Kepler-537 b,,0.126,3.24755522,0.044633646908920396,0.1056,1118.4,Primary Transit,Kepler-537,0.23,1.07,0.99,5763.0
Kepler-538 Ab,0.03335,0.198,81.73778,0.3548,0.041,380.0,Primary Transit,Kepler-538 A,-0.09,0.892,0.8717,5534.0
Kepler-538 Ac,,0.0562,118.0,0.45,0.008199999999999999,702.0,Primary Transit,Kepler-538 A,-0.09,0.892,0.8717,5534.0
Kepler-539 b,0.97,0.747,125.63243,0.4988,0.39,388.0,Primary Transit,Kepler-539,-0.01,1.05,0.95,5820.0
Kepler-53 c,0.11,0.283,38.5583038,0.22558872539253289,0.16799999999999998,1116.8,Primary Transit,Kepler-53,0.168,0.98,0.89,5858.0
Kepler-53 d,,0.189,9.751962,0.091,0.16799999999999998,1116.8,Primary Transit,Kepler-53,0.168,0.98,0.89,5858.0
Kepler-540 b,,0.242,172.7049784,0.621202764441892,0.144,873.0,Primary Transit,Kepler-540,-0.1,1.02,1.08,5946.0
Kepler-541 b,,0.3,5.08005848,0.06593999806378886,0.13339999999999996,1364.4,Primary Transit,Kepler-541,0.07,1.41,2.06,6166.0
Kepler-542 b,,0.14,13.14497566,0.10818430473613862,0.0558,937.2,Primary Transit,Kepler-542,0.019999999999999997,0.93,0.9,5526.0
Kepler-543 Ab,,0.2195,13.89963233,0.098,0.0,521.0,Primary Transit,Kepler-543 A,-0.19,0.751,0.719,4702.0
Kepler-544 b,,0.189,21.41616926,0.16124166526302144,0.0016399999999999887,1255.154,Primary Transit,Kepler-544,0.019999999999999997,1.16,1.22,6206.0
Kepler-545 b,,0.24,13.24934059,0.1128852954417633,0.04079999999999999,1112.2,Primary Transit,Kepler-545,0.029999999999999995,1.04,1.07,5882.0
Kepler-546 b,,0.624,4.14702026,0.053181655077470795,0.060000000000000005,1201.8,Primary Transit,Kepler-546,0.14,1.11,1.15,5967.0
Kepler-547 Ab,,0.357,6.01038429,0.06055217945610707,0.024799999999999996,731.8000000000001,Primary Transit,Kepler-547 A,0.01,0.78,0.73,4828.0
Kepler-548 b,,1.07,4.45419434,0.05258200901829198,0.02020000000000001,1089.8,Primary Transit,Kepler-548,0.0,0.93,0.9,5535.0
Kepler-549 Bb,,0.2659,42.949522,0.2283,0.0,487.0,Primary Transit,Kepler-549 B,-0.03,0.9,0.846,5259.0
Kepler-549 Bc,,0.2391,117.033521,0.4453,0.0,349.0,Primary Transit,Kepler-549 B,-0.03,0.9,0.846,5259.0
Kepler-549 Bd,,0.40557,24.6147995,0.1575,0.0,586.0,Primary Transit,Kepler-549 B,-0.03,0.9,0.846,5259.0
Kepler-54 Ab,0.92,0.187,8.0109434,0.06422877255835983,0.022800000000000008,591.0,Primary Transit,Kepler-54 A,-0.27,0.524,0.527,3768.0
Kepler-54 Ac,0.37,0.11,12.0717249,0.08442156527183273,0.022800000000000008,591.0,Primary Transit,Kepler-54 A,-0.27,0.524,0.527,3768.0
Kepler-54 Ad,,0.136,20.995694,0.126,0.022800000000000008,591.0,Primary Transit,Kepler-54 A,-0.27,0.524,0.527,3768.0
Kepler-550 b,,0.394,8.60010411,0.0797392796477185,0.0,1163.2,Primary Transit,Kepler-550,-0.02,0.87,0.83,5322.0
Kepler-551 b,,0.244,12.3764661,0.09222860531693125,0.02840000000000001,944.6,Primary Transit,Kepler-551,-0.09,0.65,0.63,4286.0
Kepler-552 b,,0.352,5.26341577,0.06080709806338948,0.07,848.6,Primary Transit,Kepler-552,0.01,1.03,1.04,5863.0
Kepler-553 b,,0.413,4.03046804,0.04901507613744688,0.061200000000000004,783.0,Primary Transit,Kepler-553,0.21,0.92,0.85,5266.0
Kepler-553 c,,0.999,328.2399546,0.9209166458171988,0.061200000000000004,783.0,Primary Transit,Kepler-553,0.21,0.92,0.85,5266.0
Kepler-554 b,,0.383,1.90220856,0.029819234382852097,0.0744,1249.8,Primary Transit,Kepler-554,0.14,0.93,0.92,5447.0
Kepler-555 Ab,,0.252,16.21775407,0.12875663947286134,0.07,935.8,Primary Transit,Kepler-555 A,0.0,1.03,1.04,5894.0
Kepler-556 b,,0.2,11.72292176,0.10268822861845478,0.9393999999999999,1190.6,Primary Transit,Kepler-556,0.029999999999999995,1.0,0.98,5740.0
Kepler-557 b,,0.238,3.70598955,0.04934091562758854,0.08600000000000001,906.0,Primary Transit,Kepler-557,0.019999999999999997,1.11,1.16,6068.0
Kepler-558 b,,0.211,29.00790538,0.17795654824812382,0.034,1105.0,Primary Transit,Kepler-558,-0.06,0.85,0.81,5242.0
Kepler-559 b,,0.322,17.58752333,0.13275685436009302,0.08774000000000001,911.8,Primary Transit,Kepler-559,0.029999999999999995,0.96,0.95,5630.0
Kepler-55 Ab,0.1353,0.17,27.9541337,0.1593,0.065,400.0,Primary Transit,Kepler-55 A,-0.01,0.69,0.715,4398.0
Kepler-55 Ac,0.2196,0.165,42.1406089,0.2095,0.0,892.4,Primary Transit,Kepler-55 A,-0.01,0.69,0.715,4398.0
Kepler-55 Ad,,0.165,2.211116989,0.0294,0.0,931.0,Primary Transit,Kepler-55 A,-0.01,0.69,0.715,4398.0
Kepler-55 Ae,,0.1445,4.617490562,0.048,0.0,728.0,Primary Transit,Kepler-55 A,-0.01,0.69,0.715,4398.0
Kepler-55 Af,,0.1561,10.19849255,0.0814,0.0,559.0,Primary Transit,Kepler-55 A,-0.01,0.69,0.715,4398.0
Kepler-560 Bb,,0.1383,18.47762694,0.0887,0.0,267.0,Primary Transit,Kepler-560 B,-0.25,0.398,0.406,3569.0
Kepler-561 b,,0.621,58.3620495,0.29535263655592536,0.12140000000000001,969.6,Primary Transit,Kepler-561,0.019999999999999997,0.96,0.94,5646.0
Kepler-561 c,,0.239,5.35016198,0.06004798651427442,0.12140000000000001,969.6,Primary Transit,Kepler-561,0.019999999999999997,0.96,0.94,5646.0
Kepler-562 b,,0.465,18.00931444,0.13345121169959098,0.05905999999999999,705.6,Primary Transit,Kepler-562,-0.039999999999999994,0.93,0.9,5575.0
Kepler-563 b,,0.276,22.18432708,0.14584479022672162,0.044,805.6,Primary Transit,Kepler-563,-0.08,0.8,0.77,5066.0
Kepler-564 b,,0.413,3.75083228,0.04722330548108768,0.1014,923.6,Primary Transit,Kepler-564,-0.01,0.95,0.92,5626.0
Kepler-565 Ab,,0.325,4.24374723,0.051808988733643375,0.01659999999999999,788.6,Primary Transit,Kepler-565 A,-0.02,0.98,0.95,5735.0
Kepler-566 b,,0.192,18.42794624,0.13046902188292928,0.011599999999999985,940.4,Primary Transit,Kepler-566,-0.01,0.83,0.79,5132.0
Kepler-567 b,,0.201,16.54297375,0.12189865126009827,0.0,1038.4,Primary Transit,Kepler-567,0.0,0.84,0.79,5148.0
Kepler-568 b,,0.202,11.02347475,0.08075386588840579,0.0428,722.8,Primary Transit,Kepler-568,0.11,0.55,0.53,3768.0
Kepler-569 b,,0.282,34.18890521,0.20606049994247394,0.1014,923.6,Primary Transit,Kepler-569,0.01,0.95,0.93,5616.0
Kepler-56 b,0.07,0.581,10.5016,0.1028,0.04,1297.0,Primary Transit,Kepler-56,0.2,1.32,4.23,4840.0
Kepler-56 c,0.57,0.874,21.40239,0.1652,0.0,1619.4,Primary Transit,Kepler-56,0.2,1.32,4.23,4840.0
Kepler-570 b,,0.219,4.301662,0.051374616089738055,0.038,798.4000000000001,Primary Transit,Kepler-570,0.06,0.93,0.9,5496.0
Kepler-571 b,,0.236,4.79859939,0.055258708508352024,0.0362,1097.2,Primary Transit,Kepler-571,0.01,0.93,0.9,5527.0
Kepler-572 b,,0.23,17.20523483,0.12463208251264017,0.0398,1012.8,Primary Transit,Kepler-572,-0.1,0.83,0.79,5212.0
Kepler-573 b,,0.249,22.18329658,0.15657624485121047,0.0948,1612.6,Primary Transit,Kepler-573,0.019999999999999997,0.99,1.02,5746.0
Kepler-574 b,,0.213,7.65880414,0.07600554229122615,0.1014,923.6,Primary Transit,Kepler-574,-0.01,0.95,0.91,5612.0
Kepler-575 b,,0.213,9.37891944,0.08760371690728852,0.016799999999999995,1170.2,Primary Transit,Kepler-575,0.0,0.97,0.95,5710.0
Kepler-576 b,,0.292,29.91136794,0.19110233766363607,0.0838,1612.6,Primary Transit,Kepler-576,0.09,0.99,0.97,5672.0
Kepler-577 b,,0.227,25.69578251,0.1595032429517727,0.05784,556.0,Primary Transit,Kepler-577,-0.14,0.78,0.73,4984.0
Kepler-578 b,,0.178,1.6168837,0.026169114301877554,0.0,1237.8,Primary Transit,Kepler-578,-0.03,0.87,0.83,5334.0
Kepler-579 b,,0.178,9.66857723,0.09000850118588898,0.0838,1612.6,Primary Transit,Kepler-579,0.13,0.99,0.96,5636.0
Kepler-57 b,0.372,0.21,5.7293196,0.05987674016916162,0.06080000000000001,643.4,Primary Transit,Kepler-57,-0.039999999999999994,0.83,0.73,5145.0
Kepler-57 c,0.0233,0.15,11.6092567,0.0958794921384795,0.06080000000000001,643.4,Primary Transit,Kepler-57,-0.039999999999999994,0.83,0.73,5145.0
Kepler-580 b,,0.229,8.22241966,0.07093405348411211,0.0802,953.356,Primary Transit,Kepler-580,-0.06,0.67,0.64,4298.0
Kepler-581 b,,0.235,40.6069821,0.23508805382237025,0.9393999999999999,1190.6,Primary Transit,Kepler-581,0.029999999999999995,1.0,1.0,5772.0
Kepler-582 b,,0.328,18.49235668,0.13582693743043855,0.0362,1097.2,Primary Transit,Kepler-582,0.01,0.93,0.91,5564.0
Kepler-583 b,,0.203,6.5100253,0.06796121796137086,0.0,797.2,Primary Transit,Kepler-583,0.07,0.94,0.91,5523.0
Kepler-584 b,,0.376,35.1810304,0.2251288097926612,0.18,1337.6,Primary Transit,Kepler-584,0.019999999999999997,1.17,1.24,6195.0
Kepler-585 b,,0.252,2.75235975,0.03855292153903412,0.08774000000000001,911.8,Primary Transit,Kepler-585,0.029999999999999995,0.96,0.93,5593.0
Kepler-586 b,,0.249,2.10472218,0.032013701241858664,0.0456,1184.2,Primary Transit,Kepler-586,0.0,0.94,0.92,5575.0
Kepler-587 b,,0.199,10.94027841,0.09537728225540168,0.1598,1043.2,Primary Transit,Kepler-587,-0.05,0.92,0.89,5549.0
Kepler-588 b,,0.235,4.22162536,0.05215032299859952,0.002699999999999994,1042.8,Primary Transit,Kepler-588,0.0,1.01,1.0,5835.0
Kepler-589 Ab,,0.2632,16.54967098,0.1196,0.0,656.0,Primary Transit,Kepler-589 A,0.01,0.9,0.807,5262.0
Kepler-589 Ac,,0.09965,3.52466011,0.0426,0.0,1098.0,Primary Transit,Kepler-589 A,0.01,0.9,0.807,5262.0
Kepler-58 b,,0.2079,10.2184954,0.0927,0.0,920.0,Primary Transit,Kepler-58,0.09,0.972,0.982,5747.0
Kepler-58 c,,0.2623,15.573637,0.1228,0.0,799.0,Primary Transit,Kepler-58,0.09,0.972,0.982,5747.0
Kepler-58 d,,0.2605,40.1015561,0.2307,0.0,583.0,Primary Transit,Kepler-58,0.09,0.972,0.982,5747.0
Kepler-58 e,,0.15095,4.458149,0.0533,0.0,1212.0,Primary Transit,Kepler-58,0.09,0.972,0.982,5747.0
Kepler-590 b,,0.359,5.85296257,0.06671315465653006,0.366,984.8,Primary Transit,Kepler-590,0.07,1.1,1.15,6000.0
Kepler-591 b,,0.302,81.1694299,0.36927422316329056,0.10600000000000001,1070.4,Primary Transit,Kepler-591,0.01,0.97,0.94,5677.0
Kepler-592 b,,0.213,2.82019241,0.04024330968559536,0.04079999999999999,980.0,Primary Transit,Kepler-592,-0.03,1.04,1.04,5913.0
Kepler-593 b,,0.256,21.21708973,0.1564690858282981,0.11576,1198.4,Primary Transit,Kepler-593,0.04000000000000001,1.08,1.1,5967.0
Kepler-594 b,,0.194,13.64618192,0.11011622635699461,0.0,659.0,Primary Transit,Kepler-594,-0.03,0.91,0.87,5485.0
Kepler-595 b,0.05475,0.331,25.3029092,0.16740613595355053,0.044,709.2,Primary Transit,Kepler-595,0.08,0.93,0.82,5247.0
Kepler-595 c,0.01038,0.09,12.38602,0.10397898781372684,0.044,709.2,Primary Transit,Kepler-595,0.08,0.93,0.82,5247.0
Kepler-596 b,,0.309,21.30022655,0.16293511439121044,0.0722,1276.2,Primary Transit,Kepler-596,0.029999999999999995,1.21,1.32,6267.0
Kepler-597 b,,0.211,13.02365861,0.10903752835327706,0.039,866.6,Primary Transit,Kepler-597,-0.01,0.97,0.95,5683.0
Kepler-598 b,,0.134,3.70175428,0.04545778047280372,0.006000000000000005,999.6,Primary Transit,Kepler-598,0.019999999999999997,0.87,0.86,5307.0
Kepler-598 c,,0.27,86.4945,0.3715313769984764,0.006000000000000005,999.6,Primary Transit,Kepler-598,0.019999999999999997,0.87,0.86,5307.0
Kepler-599 b,,0.253,15.65562652,0.11703158412356714,0.036,682.8,Primary Transit,Kepler-599,-0.02,0.83,0.79,5127.0
Kepler-59 b,2.05,0.098,11.8681707,0.112,0.09,996.4,Primary Transit,Kepler-59,0.07579999999999999,1.04,0.94,6074.0
Kepler-59 c,1.37,0.177,17.9801235,0.148,0.09,996.4,Primary Transit,Kepler-59,0.07579999999999999,1.04,0.94,6074.0
Kepler-5 b,2.111,1.426,3.5484657,0.0538,0.0,1750.0,Primary Transit,Kepler-5,0.04000000000000001,1.37,1.79,6297.0
Kepler-600 b,,0.259,23.67517607,0.1548051216517878,0.0038000000000000117,1180.2,Primary Transit,Kepler-600,-0.09,0.84,0.81,5279.0
Kepler-601 b,,0.17,5.37886844,0.05786691652461466,0.064,920.4,Primary Transit,Kepler-601,-0.02,0.85,0.79,5160.0
Kepler-602 b,,0.186,15.28469497,0.12574069425466602,0.029400000000000003,1137.4,Primary Transit,Kepler-602,-0.02,1.08,1.13,6062.0
Kepler-603 Ab,,0.236,21.05358596,0.15222568177559215,0.7001999999999999,864.8,Primary Transit,Kepler-603 A,0.029999999999999995,1.01,1.01,5808.0
Kepler-603 Ac,,0.58,127.9075774,0.5068367041900887,0.7001999999999999,864.8,Primary Transit,Kepler-603 A,0.029999999999999995,1.01,1.01,5808.0
Kepler-603 Ad,,0.118,6.2171292,0.06750414968095869,0.7001999999999999,864.8,Primary Transit,Kepler-603 A,0.029999999999999995,1.01,1.01,5808.0
Kepler-604 b,,0.231,25.85501786,0.17514323615247956,0.14400000000000002,892.8000000000001,Primary Transit,Kepler-604,-0.02,1.02,1.03,5890.0
Kepler-605 Ab,,0.128,3.383540239,0.042,0.0,1133.0,Primary Transit,Kepler-605 A,0.019999999999999997,0.91,0.88,5462.0
Kepler-605 Ac,,0.0856,2.358952404,0.033,0.0,1278.0,Primary Transit,Kepler-605 A,0.019999999999999997,0.91,0.88,5462.0
Kepler-606 b,,0.295,24.31575992,0.17395949182433898,0.013999999999999985,844.0,Primary Transit,Kepler-606,0.01,1.13,1.22,6161.0
Kepler-607 b,,0.078,0.6381632,0.013916959109000732,0.03760000000000001,745.6,Primary Transit,Kepler-607,-0.02,0.84,0.8,5196.0
Kepler-607 c,,0.2462,39.67679977,0.2122,0.011599999999999985,473.0,Primary Transit,Kepler-607,-0.02,0.84,0.8,5196.0
Kepler-608 b,,0.325,6.41251504,0.06868296194654404,0.3404,1126.8,Primary Transit,Kepler-608,-0.02,1.0,1.01,5820.0
Kepler-609 b,,0.299,6.52121067,0.07148107429805188,0.0636,981.0,Primary Transit,Kepler-609,0.06,1.09,1.14,5971.0
Kepler-60 b,0.01318,0.153,7.1334,0.07497,0.04079999999999999,680.2,Primary Transit,Kepler-60,-0.09,1.04,1.26,5905.0
Kepler-60 c,0.01211,0.17,8.9187,0.08701,0.04079999999999999,680.2,Primary Transit,Kepler-60,-0.09,1.04,1.26,5905.0
Kepler-60 d,0.01309,0.178,11.8981,0.10548,0.04079999999999999,680.2,Primary Transit,Kepler-60,-0.09,1.04,1.26,5905.0
Kepler-610 b,,0.374,6.99692655,0.0751448444282728,0.328,960.6,Primary Transit,Kepler-610,0.12,1.1,1.13,5943.0
Kepler-610 c,,0.294,151.86392,0.5846968000318208,0.328,960.6,Primary Transit,Kepler-610,0.12,1.1,1.13,5943.0
Kepler-611 b,,0.147,2.4370333,0.03615581744408765,0.023999999999999994,980.0,Primary Transit,Kepler-611,0.06,1.01,1.01,5761.0
Kepler-612 b,,0.253,3.72215641,0.04747174423268858,0.21259999999999996,924.4,Primary Transit,Kepler-612,0.04000000000000001,0.98,0.96,5693.0
Kepler-613 b,,0.204,15.77979614,0.124348256982273,0.0892,986.6,Primary Transit,Kepler-613,-0.01,0.98,0.96,5723.0
Kepler-614 Ab,,0.215,14.03490255,0.1027,0.0,641.0,Primary Transit,Kepler-614 A,-0.09,0.9,0.743,5262.93
Kepler-615 Ab,,0.155,10.35584657,0.08512584637255356,0.1146,762.4000000000001,Primary Transit,Kepler-615 A,-0.07,0.73,0.69,4655.0
Kepler-616 b,,0.217,9.99761851,0.09172825895551846,0.021619999999999993,1338.6,Primary Transit,Kepler-616,0.18,0.98,0.949,5556.24
Kepler-616 c,,0.304,90.4113556,0.39815676322707455,0.021619999999999993,1338.6,Primary Transit,Kepler-616,0.18,0.98,0.949,5556.24
Kepler-616 d,,0.23669,51.06740189,0.2749,0.0,499.0,Primary Transit,Kepler-616,0.18,0.98,0.949,5556.24
Kepler-617 b,,0.118,1.68269615,0.02249178606943355,0.086,850.6,Primary Transit,Kepler-617,-0.07,0.51,0.48,3712.0
Kepler-618 b,,0.232,3.59576964,0.047470203318272154,0.11779999999999999,1418.6,Primary Transit,Kepler-618,0.08,1.05,1.08,5860.0
Kepler-619 b,,0.2543,5.40426917,0.0611,0.0,1073.0,Primary Transit,Kepler-619,0.047,1.04,0.943,5807.0
Kepler-619 c,,0.1463,1.208462378,0.0225,0.0,1767.0,Primary Transit,Kepler-619,0.047,1.04,0.943,5807.0
Kepler-619 d,,0.39112,11.67894236,0.1021,0.14079999999999998,830.0,Primary Transit,Kepler-619,0.047,1.04,0.943,5807.0
Kepler-61 Ab,,0.192,59.87756,0.27,0.25,273.0,Primary Transit,Kepler-61 A,0.029999999999999995,0.64,0.62,4017.0
Kepler-620 b,,0.296,12.91375431,0.11475308709201582,0.10964,1244.0,Primary Transit,Kepler-620,0.029999999999999995,1.15,1.22,6155.0
Kepler-621 Ab,,0.205,2.62811375,0.033965422594958154,0.1411,563.9200000000001,Primary Transit,Kepler-621 A,-0.02,0.72,0.68,4521.0
Kepler-622 b,,0.19,14.28226676,0.10094578034095156,0.20439999999999997,690.8,Primary Transit,Kepler-622,-0.09,0.64,0.61,4201.0
Kepler-623 b,,0.269,9.07097734,0.08356292674514527,0.022,772.4,Primary Transit,Kepler-623,-0.03,0.9,0.86,5443.0
Kepler-624 b,,0.206,14.58649607,0.12553304785328587,0.2,1436.0,Primary Transit,Kepler-624,-0.238,1.18,1.22,6176.34
Kepler-625 b,,0.178,7.75192492,0.07896735099587525,0.04079999999999999,1226.2,Primary Transit,Kepler-625,0.1,1.04,0.96,5789.0
Kepler-625 c,,0.094,4.1653651,0.05219271798069586,0.04079999999999999,1226.2,Primary Transit,Kepler-625,0.1,1.04,0.96,5789.0
Kepler-626 Ab,,0.2569,14.48584765,0.115,0.0,784.0,Primary Transit,Kepler-626 A,-0.816,0.986,1.018,5583.62
Kepler-627 b,,0.333,40.6994443,0.2569627600700087,0.09999999999999998,1375.6,Primary Transit,Kepler-627,0.05,1.3,1.49,6424.0
Kepler-629 b,,0.123,7.2385854,0.07268199997508294,0.0362,1097.2,Primary Transit,Kepler-629,0.01,0.93,0.84,5444.0
Kepler-62 b,0.03,0.117,5.714932,0.0553,0.1096,750.0,Primary Transit,Kepler-62,-0.37,0.69,0.64,4925.0
Kepler-62 c,0.013,0.048,12.4417,0.0929,0.2414,578.0,Primary Transit,Kepler-62,-0.37,0.69,0.64,4925.0
Kepler-62 d,0.044,0.174,18.16406,0.12,0.0956,510.0,Primary Transit,Kepler-62,-0.37,0.69,0.64,4925.0
Kepler-62 e,0.113,0.144,122.3874,0.427,0.22600000000000003,270.0,Primary Transit,Kepler-62,-0.37,0.69,0.64,4925.0
Kepler-62 f,0.11,0.126,267.291,0.718,0.104,208.0,Primary Transit,Kepler-62,-0.37,0.69,0.64,4925.0
Kepler-630 b,,0.284,161.4743937,0.5939719237270357,0.0,557.8000000000001,Primary Transit,Kepler-630,0.029999999999999995,1.02,1.04,5829.0
Kepler-631 b,,0.259,17.97979059,0.1467214912777209,0.1744,1340.4,Primary Transit,Kepler-631,0.23,1.24,1.33,6185.0
Kepler-632 Ab,,0.197,30.99660733,0.19152355063575063,0.061200000000000004,1003.4,Primary Transit,Kepler-632 A,0.21,0.928,0.853,5324.0
Kepler-633 b,,0.145,8.50340718,0.08344983049998395,0.144,872.0,Primary Transit,Kepler-633,-0.05,1.02,1.15,5899.0
Kepler-633 c,,0.20484,23.78319931,0.1636,0.19340000000000002,853.0,Primary Transit,Kepler-633,-0.05,1.02,1.15,5899.0
Kepler-634 b,,0.169,5.16950177,0.060081617826572,0.07,674.6,Primary Transit,Kepler-634,-0.18,1.03,1.24,6075.0
Kepler-635 b,,0.236,23.44971004,0.17928293346933746,0.2704,1312.4,Primary Transit,Kepler-635,0.41,1.33,1.51,6174.0
Kepler-636 Ab,,0.3952,16.080657264,0.1185,0.0,614.0,Primary Transit,Kepler-636 A,-0.02,0.85,0.8,5203.0
Kepler-637 b,,0.424,23.20584623,0.19091628463134563,0.44860000000000005,1194.0,Primary Transit,Kepler-637,0.38,1.6400000000000001,2.56,6096.0
Kepler-638 b,,0.163,6.07972888,0.06352048184784764,0.10799999999999998,1295.8,Primary Transit,Kepler-638,0.04000000000000001,0.88,0.93,5382.0
Kepler-639 b,,0.212,10.21420496,0.0978591443094744,0.013399999999999995,1426.6,Primary Transit,Kepler-639,0.23,1.14,1.29,5896.0
Kepler-63 b,0.378,0.545,9.4341505,0.08,0.44999999999999996,1441.8,Primary Transit,Kepler-63,0.05,0.98,0.9,5576.0
Kepler-640 b,,0.228,22.24813967,0.1579306213792939,0.0286,1273.8,Primary Transit,Kepler-640,0.15,1.01,0.94,5653.0
Kepler-641 b,,0.165,9.48961571,0.08978336789682784,0.144,999.0,Primary Transit,Kepler-641,0.15,1.02,1.13,5713.0
Kepler-642 b,,0.259,4.41745855,0.05993139940294341,0.14439999999999997,1256.8000000000002,Primary Transit,Kepler-642,0.06,1.4,1.66,6570.0
Kepler-643 b,,0.906,16.33889626,0.1281283484500405,0.3404,1112.0,Primary Transit,Kepler-643,0.13,1.0,2.52,4908.0
Kepler-644 b,,0.281,3.1739171,0.04908580226661724,0.1848,1550.4,Primary Transit,Kepler-644,0.08,1.49,1.81,6747.0
Kepler-645 Ab,,0.187,3.27582262,0.04571616773003233,0.013999999999999985,827.6,Primary Transit,Kepler-645 A,-0.01,1.13,1.21,6170.0
Kepler-646 b,,0.178,15.87364565,0.12268049557564373,0.128,695.6,Primary Transit,Kepler-646,-0.07,0.93,0.91,5634.0
Kepler-647 b,,0.104,16.2254649,0.12879744832538667,0.029999999999999992,770.8,Primary Transit,Kepler-647,-0.14,1.03,1.07,6020.0
Kepler-647 c,,0.357,29.6663,0.19258305970068143,0.029999999999999992,770.8,Primary Transit,Kepler-647,-0.14,1.03,1.07,6020.0
Kepler-648 b,,0.287,17.4211749,0.13591836602892438,0.20699999999999996,1339.6,Primary Transit,Kepler-648,0.21,1.05,0.98,5741.0
Kepler-649 Ab,,0.202,29.90722674,0.18978916931722245,0.0,803.2,Primary Transit,Kepler-649 A,-0.17,0.97,0.94,5871.0
Kepler-64 (AB)b,0.53,0.553,138.506,0.634,0.0539,1109.4,Primary Transit,Kepler-64 (AB),-0.06760000000000001,1.93,1.7,5573.0
Kepler-650 Ab,,0.264,3.03214559,0.042769880487600054,0.0,1042.756,Primary Transit,Kepler-650 A,0.13,1.08,1.35,5849.0
Kepler-651 b,,0.211,21.38521506,0.14910828501887302,0.11286000000000002,901.6,Primary Transit,Kepler-651,-0.039999999999999994,0.92,0.87,5522.0
Kepler-652 b,,0.222,4.18200253,0.05113012528535887,0.0438,893.4,Primary Transit,Kepler-652,0.17,0.97,0.88,5490.0
Kepler-653 b,,0.174,14.70748976,0.12024190412643224,0.14400000000000002,886.0,Primary Transit,Kepler-653,0.23,1.02,1.19,5665.0
Kepler-653 c,,0.07,0.90037648,0.018677248754727743,0.14400000000000002,886.0,Primary Transit,Kepler-653,0.23,1.02,1.19,5665.0
Kepler-654 Ab,,0.185,13.72465129,0.11556919202499556,0.1488,903.0,Primary Transit,Kepler-654 A,0.04000000000000001,1.04,1.11,5865.0
Kepler-655 b,,0.242,46.4063358,0.2692242755308155,0.023999999999999987,1034.554,Primary Transit,Kepler-655,0.0,1.15,1.24,6170.0
Kepler-656 b,,0.3185,1.260258822,0.0232,0.0,1569.0,Primary Transit,Kepler-656,0.27199999999999996,0.87,0.894,5139.72
Kepler-656 c,,0.13605,5.25449393,0.0602,0.0676,975.0,Primary Transit,Kepler-656,0.27199999999999996,0.87,0.894,5139.72
Kepler-657 b,,0.314,24.54350418,0.1686145010862345,0.7001999999999999,864.8,Primary Transit,Kepler-657,0.029999999999999995,1.01,1.01,5808.0
Kepler-658 b,,0.145,1.28707676,0.020184278668942447,0.20639999999999997,708.52,Primary Transit,Kepler-658,-0.039999999999999994,0.63,0.6,4103.0
Kepler-659 b,,0.223,17.671796,0.12480334955989371,0.108,750.2,Primary Transit,Kepler-659,0.019999999999999997,0.79,0.74,4870.0
Kepler-65 b,,0.127,2.15491,0.035,0.020000000000000004,1157.2,Primary Transit,Kepler-65,0.17,1.25,1.41,6211.0
Kepler-65 c,,0.23,5.859944,0.068,0.08,1299.4,Primary Transit,Kepler-65,0.17,1.25,1.41,6211.0
Kepler-65 d,0.034,0.136,8.13123,0.084,0.1,1319.6,Primary Transit,Kepler-65,0.17,1.25,1.41,6211.0
Kepler-660 b,,0.229,9.27358194,0.07980231956537871,0.067,667.8,Primary Transit,Kepler-660,-0.07,0.75,0.71,4779.0
Kepler-661 b,,0.274,6.02930132,0.058529402476610044,0.21400000000000002,884.2,Primary Transit,Kepler-661,-0.05,0.7,0.67,4483.0
Kepler-662 Ab,,0.194,21.67697486,0.14301169841210729,0.012399999999999994,919.6,Primary Transit,Kepler-662 A,-0.03,0.79,0.74,4897.0
Kepler-663 b,,0.232,4.99678284,0.05530824593960346,0.0852,1409.2,Primary Transit,Kepler-663,0.029999999999999995,0.86,0.82,5264.0
Kepler-664 b,,0.237,2.52559332,0.03702651374693016,0.0332,819.4,Primary Transit,Kepler-664,0.07,1.01,1.02,5754.0
Kepler-665 b,,0.232,16.01310205,0.11686633629817839,0.012399999999999994,919.6,Primary Transit,Kepler-665,-0.03,0.79,0.74,4913.0
Kepler-666 b,,0.214,4.49876092,0.054765169410190294,0.07,848.6,Primary Transit,Kepler-666,0.01,1.03,1.05,5887.0
Kepler-667 b,,0.422,41.43962808,0.2309162244693299,0.04665999999999999,991.6,Primary Transit,Kepler-667,0.15,0.91,0.87,5327.0
Kepler-668 b,,0.241,8.35390639,0.0782101115225827,0.0,1455.2,Primary Transit,Kepler-668,-0.06,0.87,0.82,5352.0
Kepler-669 b,,0.431,4.12554687,0.053627026267862414,0.1258,1141.6,Primary Transit,Kepler-669,0.14,1.15,1.2,6038.0
Kepler-66 b,0.047,0.25,17.815815,0.1352,0.04079999999999999,1070.0,Primary Transit,Kepler-66,-0.2,1.04,0.97,5962.0
Kepler-670 b,,1.176,2.81650485,0.03955324795271803,0.0838,1332.0,Primary Transit,Kepler-670,0.07,0.99,0.99,5709.0
Kepler-671 b,,0.24,4.28095859,0.05193355041988459,0.0,833.4000000000001,Primary Transit,Kepler-671,0.08,0.97,0.95,5624.0
Kepler-672 b,,0.223,38.3774623,0.22256427548575816,0.1014,923.6,Primary Transit,Kepler-672,-0.01,0.95,0.92,5627.0
Kepler-673 b,,0.583,3.72873109,0.04585271099229758,0.0,1123.0,Primary Transit,Kepler-673,0.0,0.88,0.84,5355.0
Kepler-674 b,,0.151,2.24338185,0.02876179386557135,0.008400000000000005,1019.4,Primary Transit,Kepler-674,-0.27,0.6000000000000001,0.57,4192.0
Kepler-675 b,,0.218,2.33743801,0.03239906792967428,0.0844,973.2,Primary Transit,Kepler-675,-0.05,0.79,0.75,4945.0
Kepler-676 b,,0.271,11.59822172,0.08146062687994571,0.049999999999999996,559.8,Primary Transit,Kepler-676,-0.02,0.51,0.49,3701.0
Kepler-677 b,,0.48,6.57531678,0.06984058553934963,0.9393999999999999,1144.6,Primary Transit,Kepler-677,0.06,1.0,0.99,5723.0
Kepler-678 b,,0.459,7.27503724,0.0731862536245212,0.0,797.2,Primary Transit,Kepler-678,0.07,0.94,0.91,5520.0
Kepler-679 b,,0.269,12.39358604,0.10173439957615601,0.078,1178.2,Primary Transit,Kepler-679,-0.09,0.87,0.84,5403.0
Kepler-67 b,0.047,0.262,15.7259,0.1171,0.034,1094.4,Primary Transit,Kepler-67,-0.2,0.86,0.78,5331.0
Kepler-680 b,,0.216,3.68992629,0.04875095529927302,0.0,1042.756,Primary Transit,Kepler-680,0.13,1.08,1.11,5890.0
Kepler-681 b,,0.275,26.39435646,0.16375734886161064,0.1494,805.6,Primary Transit,Kepler-681,-0.039999999999999994,0.8,0.76,5021.0
Kepler-682 b,,0.658,12.61190667,0.10486080625517837,0.1598,1043.2,Primary Transit,Kepler-682,-0.05,0.92,0.89,5559.0
Kepler-683 b,,0.176,2.53918318,0.036535623009872786,0.0326,844.56,Primary Transit,Kepler-683,-0.03,0.96,0.95,5703.0
Kepler-684 b,,0.3,6.77030201,0.0685012949743081,0.046400000000000004,784.2,Primary Transit,Kepler-684,-0.11,0.89,0.86,5493.0
Kepler-685 b,,0.944,1.6255222,0.0284839149920484,0.08600000000000001,1330.0,Primary Transit,Kepler-685,0.15,1.11,1.16,5963.0
Kepler-686 b,,1.084,1.59474546,0.026607268088734887,0.08,839.8,Primary Transit,Kepler-686,-0.07,0.94,0.92,5649.0
Kepler-687 b,,0.314,20.50586978,0.13664039950442586,0.04,965.0,Primary Transit,Kepler-687,-0.039999999999999994,0.77,0.73,4841.0
Kepler-688 b,,0.871,3.89593684,0.048938056153540785,0.06999999999999999,917.2,Primary Transit,Kepler-688,0.019999999999999997,0.98,0.96,5715.0
Kepler-689 b,,0.258,22.36656079,0.153077028025117,0.05,871.4,Primary Transit,Kepler-689,-0.01,0.91,0.88,5518.0
Kepler-68 b,0.02407,0.206,5.3988,0.0617,0.0,1280.0,Primary Transit,Kepler-68,0.126,1.064,1.259,5793.0
Kepler-68 c,0.00642,0.0827,9.6051,0.09059,0.0,1604.8000000000002,Primary Transit,Kepler-68,0.126,1.064,1.259,5793.0
Kepler-690 b,,0.531,7.74809437,0.08067414017222847,0.08600000000000001,933.2,Primary Transit,Kepler-690,0.19,1.11,1.16,5913.0
Kepler-691 b,,0.186,8.114379,0.06502677766712227,0.2228,669.8,Primary Transit,Kepler-691,0.04000000000000001,0.53,0.5,3715.0
Kepler-692 b,,0.277,21.81293494,0.14998701332457057,0.036,821.4000000000001,Primary Transit,Kepler-692,-0.01,0.9,0.86,5440.0
Kepler-693 Ab,,0.908,15.37563332,0.1121,0.0804,563.0,Primary Transit,Kepler-693 A,-0.1,0.78,0.8763,4822.0
Kepler-694 b,,0.25,6.36584161,0.06765884013953936,0.016799999999999995,1170.2,Primary Transit,Kepler-694,0.0,0.97,0.95,5700.0
Kepler-695 b,,0.802,3.04033046,0.0374,0.091,1021.0,Primary Transit,Kepler-695,-0.01,0.8,1.15,4903.0
Kepler-696 b,,0.548,4.19042557,0.05273562861039317,0.026599999999999985,798.2,Primary Transit,Kepler-696,0.07,1.06,1.08,5903.0
Kepler-697 b,,0.368,3.70987065,0.04638012044784666,0.0,893.6,Primary Transit,Kepler-697,-0.01,0.92,0.88,5513.0
Kepler-698 b,,0.328,16.32976218,0.12546596823437745,0.11245999999999999,851.2,Primary Transit,Kepler-698,-0.03,0.94,0.91,5612.0
Kepler-69 b,,0.2,13.722341,0.094,0.16,779.0,Primary Transit,Kepler-69,-0.2899999999999999,0.81,0.93,5638.0
Kepler-69 c,,0.153,242.4613,0.64,0.14,299.0,Primary Transit,Kepler-69,-0.2899999999999999,0.81,0.93,5638.0
Kepler-6 b,0.668,1.304,3.2346996,0.04852,0.0,1460.0,Primary Transit,Kepler-6,0.34,1.21,1.39,5647.0
Kepler-700 b,,0.534,80.8720639,0.3696333324176137,0.21259999999999996,924.4,Primary Transit,Kepler-700,0.04000000000000001,0.98,0.96,5692.0
Kepler-701 b,,0.253,10.35533177,0.09059418460228404,0.0,1123.0,Primary Transit,Kepler-701,0.0,0.88,0.84,5343.0
Kepler-702 b,,0.818,10.52629406,0.09227723792760884,0.064,974.8,Primary Transit,Kepler-702,0.0,0.9,0.86,5419.0
Kepler-703 b,,0.732,4.58352176,0.05802167811589453,0.27999999999999997,1225.4,Primary Transit,Kepler-703,0.05,1.18,1.27,6185.0
Kepler-704 b,,0.233,3.76182115,0.0476452297287032,0.0,842.6,Primary Transit,Kepler-704,0.09,0.97,0.96,5616.0
Kepler-705 b,,0.188,56.0560538,0.23586874089800666,0.0828,696.8000000000001,Primary Transit,Kepler-705,0.07,0.53,0.51,3722.0
Kepler-707 b,,0.119,2.23749275,0.03160102514763784,0.0484,805.6,Primary Transit,Kepler-707,-0.12,0.8,0.76,5099.0
Kepler-708 b,,0.261,3.16789194,0.04248812525451927,0.10600000000000001,1070.4,Primary Transit,Kepler-708,0.01,0.97,0.96,5692.0
Kepler-709 b,,0.261,16.08524954,0.11770961760007342,0.044,805.6,Primary Transit,Kepler-709,-0.08,0.8,0.77,5071.0
Kepler-70 b,0.0014,0.068,0.240104,0.006,0.082,505.5,Other,Kepler-70,0.01080000000000001,0.5,0.2,27730.0
Kepler-70 c,0.0021,0.077,0.342887,0.0076,0.082,505.5,Other,Kepler-70,0.01080000000000001,0.5,0.2,27730.0
Kepler-710 b,,0.168,4.34728553,0.05192200798138552,0.06939999999999999,851.2,Primary Transit,Kepler-710,-0.039999999999999994,0.94,0.91,5611.0
Kepler-711 b,,0.304,23.58914398,0.1544298682009339,0.0,788.6,Primary Transit,Kepler-711,-0.039999999999999994,0.84,0.8,5222.0
Kepler-712 b,,0.304,21.02247699,0.14301418116568718,0.0,851.2,Primary Transit,Kepler-712,-0.03,0.84,0.78,5148.0
Kepler-712 c,,0.433,226.89047,0.698447900965294,0.0,851.2,Primary Transit,Kepler-712,-0.03,0.84,0.78,5148.0
Kepler-713 b,,0.221,7.411141,0.07513267077976529,0.006599999999999981,897.0,Primary Transit,Kepler-713,-0.03,0.98,0.99,5785.0
Kepler-714 b,,0.863,8.09888799,0.08258905794780519,0.10799999999999998,1210.4,Primary Transit,Kepler-714,0.04000000000000001,1.09,1.12,5995.0
Kepler-715 b,,0.335,10.00652995,0.09361889931891881,0.04079999999999999,1112.2,Primary Transit,Kepler-715,0.019999999999999997,1.04,1.04,5871.0
Kepler-716 b,,0.259,10.37168453,0.08893833220343564,0.0,795.0,Primary Transit,Kepler-716,0.0,0.83,0.78,5099.0
Kepler-716 c,,0.124,3.96999,0.046886634167378545,0.0,795.0,Primary Transit,Kepler-716,0.0,0.83,0.78,5099.0
Kepler-717 b,,0.216,4.40840023,0.0512678359885441,0.0,1222.8,Primary Transit,Kepler-717,-0.12,0.88,0.85,5485.0
Kepler-718 b,,1.477,2.0523499,0.03395927084827206,0.18,883.8,Primary Transit,Kepler-718,0.06,1.18,1.3,6191.0
Kepler-719 b,,0.76,5.00731778,0.05843512515696104,0.7504,1141.8,Primary Transit,Kepler-719,-0.02,1.01,1.72,5691.0
Kepler-71 b,,1.11001,3.90512,0.0477,0.0,1621.2,Primary Transit,KOI-217,-0.2,0.95,0.86,5545.0
Kepler-720 b,,0.75,4.70832654,0.05495185235738829,0.0634,924.8,Primary Transit,Kepler-720,0.0,0.95,0.92,5618.0
Kepler-721 b,,0.236,5.39202539,0.05727116107880237,0.036,914.8,Primary Transit,Kepler-721,-0.01,0.82,0.78,5075.0
Kepler-722 b,,0.235,4.09357325,0.05142538324107748,0.07,797.4,Primary Transit,Kepler-722,0.019999999999999997,1.03,1.05,5863.0
Kepler-722 c,,0.252,105.144749,0.44767985480655137,0.07,797.4,Primary Transit,Kepler-722,0.019999999999999997,1.03,1.05,5863.0
Kepler-723 b,,1.088,4.08227507,0.049434203035119646,0.007999999999999993,1128.8,Primary Transit,Kepler-723,0.0,0.92,0.89,5539.0
Kepler-724 b,,0.294,3.31494634,0.042713181679213216,0.022,821.4,Primary Transit,Kepler-724,-0.02,0.9,0.86,5437.0
Kepler-725 b,,0.948,39.64317811,0.22419341784835706,0.05,871.4,Primary Transit,Kepler-725,-0.01,0.91,0.829,5293.0
Kepler-726 b,,0.291,21.80451088,0.1488293350443794,0.0862,936.4,Primary Transit,Kepler-726,-0.09,0.88,0.85,5452.0
Kepler-727 b,,0.226,5.15448442,0.057115007879267175,0.0,933.4,Primary Transit,Kepler-727,-0.01,0.89,0.86,5441.0
Kepler-728 b,,0.298,5.74347727,0.06273663549589145,0.1014,923.6,Primary Transit,Kepler-728,-0.03,0.95,0.93,5660.0
Kepler-729 b,,0.319,3.16635371,0.04203189666445526,0.1014,884.2,Primary Transit,Kepler-729,-0.05,0.94,0.91,5633.0
Kepler-730 b,,1.1,6.49168281,0.0694,0.0538,1219.0,Primary Transit,Kepler-730,0.21,1.05,1.41,5620.0
Kepler-730 c,,0.14,2.85188338,0.03997,0.0658,1607.0,Primary Transit,Kepler-730,0.21,1.05,1.41,5620.0
Kepler-731 b,,1.238,3.85560355,0.04941256597373077,0.178,741.8,Primary Transit,Kepler-731,0.04000000000000001,1.03,1.06,5849.0
Kepler-732 b,,0.194,9.46781405,0.07020939938069978,0.029999999999999992,562.4000000000001,Primary Transit,Kepler-732,-0.01,0.49,0.46,3631.0
Kepler-732 c,,0.113,0.89304124,0.01454821758639849,0.029999999999999992,562.4000000000001,Primary Transit,Kepler-732,-0.01,0.49,0.46,3631.0
Kepler-733 b,,0.252,20.83424726,0.14546643554138786,0.022,888.4,Primary Transit,Kepler-733,0.01,0.9,0.86,5418.0
Kepler-734 b,,0.318,6.10485286,0.06296316158194135,0.034,1139.4,Primary Transit,Kepler-734,-0.17,0.85,0.78,5326.0
Kepler-735 b,,0.263,11.51516988,0.09612063387721058,0.034,865.8,Primary Transit,Kepler-735,0.07,0.85,0.8,5107.0
Kepler-736 b,,0.261,3.60147201,0.044461379252823396,0.0852,1409.2,Primary Transit,Kepler-736,0.029999999999999995,0.86,0.81,5217.0
Kepler-737 b,,0.175,28.59915399,0.14868104361177098,0.066,649.7,Primary Transit,Kepler-737,-0.24,0.51,0.48,3813.0
Kepler-738 b,,0.223,24.58721573,0.16000582850667236,0.11199999999999999,943.6,Primary Transit,Kepler-738,-0.09,0.86,0.82,5327.0
Kepler-739 b,,0.296,12.53248465,0.10479708156896535,0.13319999999999999,661.0,Primary Transit,Kepler-739,-0.08,0.93,0.9,5601.0
Kepler-740 b,,0.408,3.58410122,0.04516105299697456,0.09999999999999998,1193.6,Primary Transit,Kepler-740,0.029999999999999995,0.91,0.87,5438.0
Kepler-741 b,,0.265,7.03902374,0.0767934833601393,0.001999999999999988,1144.6,Primary Transit,Kepler-741,0.07,1.16,1.24,6129.0
Kepler-742 b,,0.289,8.36086824,0.07480584533635509,0.093,602.8000000000001,Primary Transit,Kepler-742,0.07,0.76,0.71,4642.0
Kepler-743 Ab,,0.1079,3.179267286,0.0418,0.0,1101.0,Primary Transit,Kepler-743 A,0.01,0.94,0.85,5486.0
Kepler-744 Ab,,0.145,12.06222443,0.10252370814781742,0.0456,1184.2,Primary Transit,Kepler-744 A,0.0,0.94,0.93,5594.0
Kepler-745 b,,0.193,9.93143556,0.09314993376910417,0.04079999999999999,1186.6,Primary Transit,Kepler-745,0.06,1.04,1.04,5849.0
Kepler-746 Ab,,0.099,3.48159251,0.0442957957900371,0.013939999999999994,757.5999999999999,Primary Transit,Kepler-746 A,0.09,0.91,0.93,5418.0
Kepler-748 b,,0.225,7.40742793,0.07733978617831488,0.026600000000000006,1137.6,Primary Transit,Kepler-748,0.08,1.07,1.1,5934.0
Kepler-749 b,,0.277,17.31716585,0.12312804747254077,0.046400000000000004,828.6,Primary Transit,Kepler-749,-0.11,0.79,0.75,5009.0
Kepler-74 b,0.63,0.96,7.340711,0.0781,0.0,1078.0,Primary Transit,Kepler-74,0.42,1.18,1.12,6000.0
Kepler-750 b,,0.274,9.42887179,0.09304703066210497,0.10964,1244.0,Primary Transit,Kepler-750,0.029999999999999995,1.15,1.23,6160.0
Kepler-750 c,,0.145,4.08899022,0.05330976228849393,0.10964,1244.0,Primary Transit,Kepler-750,0.029999999999999995,1.15,1.23,6160.0
Kepler-751 b,,0.219,17.44490636,0.12777589469554548,0.0,1455.2,Primary Transit,Kepler-751,-0.06,0.87,0.84,5387.0
Kepler-752 b,,0.251,18.82747265,0.13444083023841655,0.078,1178.2,Primary Transit,Kepler-752,-0.08,0.87,0.83,5373.0
Kepler-753 b,,0.17,5.74772501,0.05614749392390258,0.158,611.6,Primary Transit,Kepler-753,-0.03,0.68,0.65,4346.0
Kepler-754 b,,0.179,14.5596237,0.12097588470047471,0.21559999999999996,968.6,Primary Transit,Kepler-754,0.05,1.06,1.08,5935.0
Kepler-755 Ab,,0.1258,1.269091415,0.0214,0.0,1331.0,Primary Transit,Kepler-755 A,-0.034,0.87,0.743,5146.47
Kepler-755 Ac,,0.1213,2.853133997,0.0367,0.0,1016.0,Primary Transit,Kepler-755 A,-0.034,0.87,0.743,5146.47
Kepler-756 b,,0.1,1.22486632,0.021321961957994552,0.0418,623.6000000000001,Primary Transit,Kepler-756,-0.19,0.82,0.79,5282.0
Kepler-757 b,,0.121,1.02267882,0.02072355116114409,0.10600000000000001,1309.8,Primary Transit,Kepler-757,0.019999999999999997,1.08,1.13,6014.0
Kepler-758 b,,0.221,12.1097104,0.11025676669978715,0.20500000000000002,1462.4,Primary Transit,Kepler-758,-0.1,1.16,1.42,6228.0
Kepler-758 c,,0.151,4.75793986,0.05914645409727389,0.20500000000000002,1462.4,Primary Transit,Kepler-758,-0.1,1.16,1.42,6228.0
Kepler-758 d,,0.189,20.4966197,0.15659248275189766,0.20500000000000002,1462.4,Primary Transit,Kepler-758,-0.1,1.16,1.42,6228.0
Kepler-758 e,,0.136,8.1934719,0.08497569529812994,0.20500000000000002,1462.4,Primary Transit,Kepler-758,-0.1,1.16,1.42,6228.0
Kepler-759 Ab,,0.203,41.805985,0.24284742602685397,0.04079999999999999,1186.6,Primary Transit,Kepler-759 A,0.06,1.04,1.04,5860.0
Kepler-75 b,10.1,1.05,8.8849116,0.0818,0.57,767.0,Primary Transit,Kepler-75,0.3,0.91,0.89,5200.0
Kepler-760 b,,0.273,8.70419416,0.08099268568486685,0.0228,731.8000000000001,Primary Transit,Kepler-760,0.08,0.89,0.85,5322.0
Kepler-760 c,,0.132,2.46697439,0.03494645932976778,0.0228,731.8000000000001,Primary Transit,Kepler-760,0.08,0.89,0.85,5322.0
Kepler-761 b,,0.181,10.12804789,0.09157040125349276,0.10139999999999999,923.6,Primary Transit,Kepler-761,-0.09,0.95,0.93,5706.0
Kepler-762 b,,1.131,3.7705521,0.04915133714143885,0.1966,1355.2,Primary Transit,Kepler-762,0.019999999999999997,1.06,1.08,5944.0
Kepler-763 b,,0.112,1.196548464,0.0205,0.0,1414.0,Primary Transit,Kepler-763,0.01,0.85,0.878,5080.0
Kepler-763 c,,0.1267,4.09667624,0.0466,0.0,938.0,Primary Transit,Kepler-763,0.01,0.85,0.878,5080.0
Kepler-763 d,,0.149,6.50327035,0.0634,0.0,804.0,Primary Transit,Kepler-763,0.01,0.85,0.878,5080.0
Kepler-764 b,,0.146,7.33683936,0.07307441836963387,0.1598,833.2,Primary Transit,Kepler-764,-0.06,0.92,0.89,5557.0
Kepler-765 b,,0.217,27.6655226,0.1850059814949676,0.2258,1373.0,Primary Transit,Kepler-765,0.04000000000000001,1.05,1.06,5901.0
Kepler-766 b,,0.302,6.10027804,0.0685794608128427,0.29999999999999993,905.2,Primary Transit,Kepler-766,0.09,1.1,1.15,5992.0
Kepler-767 b,,0.592,161.5280101,0.5822181289961891,0.0726,829.96,Primary Transit,Kepler-767,-0.05,0.96,0.94,5694.0
Kepler-768 Ab,,0.16,11.3910025,0.0942922502703558,0.06079999999999999,682.6,Primary Transit,Kepler-768 A,-0.03,0.82,0.78,5108.0
Kepler-769 b,,0.261,7.42608998,0.08026370626561066,0.18,1227.6,Primary Transit,Kepler-769,0.06,1.19,1.28,6186.0
Kepler-769 c,,0.16,15.9870174,0.13382092789205283,0.18,1227.6,Primary Transit,Kepler-769,0.06,1.19,1.28,6186.0
Kepler-76 b,2.01,1.36,1.5449298,0.0274,0.024799999999999996,2140.0,Other,Kepler-76,-0.1,1.2,1.32,6409.0
Kepler-770 b,,0.205,18.92540274,0.13843188182322985,0.10540000000000001,927.0,Primary Transit,Kepler-770,-0.01,0.94,0.92,5598.0
Kepler-770 c,,0.107,1.47532231,0.025261781580280567,0.10540000000000001,927.0,Primary Transit,Kepler-770,-0.01,0.94,0.92,5598.0
Kepler-770 d,,0.125,4.15244722,0.05035880894221144,0.10540000000000001,927.0,Primary Transit,Kepler-770,-0.01,0.94,0.92,5598.0
Kepler-771 b,,0.162,8.73485836,0.08523403939760058,0.07,848.6,Primary Transit,Kepler-771,0.01,1.03,1.05,5906.0
Kepler-772 b,,0.162,12.99207337,0.10923397878782681,0.06999999999999999,1566.1999999999998,Primary Transit,Kepler-772,0.029999999999999995,0.98,1.11,5714.0
Kepler-773 Ab,,0.1499,3.749105745,0.047,0.0,1160.0,Primary Transit,Kepler-773 A,0.0421,1.0,1.16,5665.91
Kepler-774 b,,0.283,11.0895723,0.1150111201458384,0.22999999999999998,1527.8,Primary Transit,Kepler-774,0.04000000000000001,1.57,2.42,6403.0
Kepler-775 b,,0.106,0.97486893,0.019027870188580476,0.11286000000000002,901.6,Primary Transit,Kepler-775,-0.039999999999999994,0.92,0.84,5468.0
Kepler-776 b,,0.114,4.89718784,0.05392878349435732,0.21199999999999997,872.6,Primary Transit,Kepler-776,0.05,0.83,0.78,5071.0
Kepler-777 b,,0.131,5.72812599,0.0531268977715203,0.15599999999999997,1032.4,Primary Transit,Kepler-777,-0.17,0.58,0.56,4043.0
Kepler-778 b,,0.15,3.75574426,0.04481833987730908,0.08,883.0,Primary Transit,Kepler-778,-0.09,0.81,0.77,5102.0
Kepler-779 Ab,,0.066,7.09712124,0.0533,0.0,425.0,Primary Transit,Kepler-779 A,-0.43,0.46,0.44,3804.0
Kepler-77 b,0.43,0.96,3.57878087,0.04501,0.0,1440.0,Primary Transit,Kepler-77,0.2,0.95,0.99,5520.0
Kepler-780 Ab,,0.079,0.67737516,0.015398912585849136,0.124,835.8,Primary Transit,Kepler-780 A,0.05,1.01,1.02,5769.0
Kepler-781 b,,0.258,13.2140732,0.10367711327782031,0.036,906.8,Primary Transit,Kepler-781,-0.1,0.81,0.78,5162.0
Kepler-782 Ab,,0.2748,158.6850022,0.5444,0.0,350.0,Primary Transit,Kepler-782 A,-0.306,1.01,1.171,5681.6
Kepler-783 Ab,,0.0607,4.29263699,0.0491,0.0,991.0,Primary Transit,Kepler-783 A,-0.03,0.94,0.872,5411.49
Kepler-783 Ac,,0.2105,7.053934488,0.0684,0.0,840.0,Primary Transit,Kepler-783 A,-0.03,0.94,0.872,5411.49
Kepler-784 b,,0.159,31.5925809,0.1967,0.0,688.0,Primary Transit,Kepler-784,0.07,0.98,2.87,5576.0
Kepler-784 c,,0.15836,17.157236,0.1309,0.2106,844.0,Primary Transit,Kepler-784,0.07,0.98,2.87,5576.0
Kepler-785 b,,1.162,1.97376093,0.02869833439464635,0.0594,683.4000000000001,Primary Transit,Kepler-785,-0.02,0.77,0.71,4739.0
Kepler-786 b,,0.217,53.5293487,0.2634630592893075,0.082,794.0,Primary Transit,Kepler-786,0.09,0.81,0.74,4838.0
Kepler-787 b,,0.114,0.9283105,0.01640325533990993,0.02840000000000001,944.6,Primary Transit,Kepler-787,-0.09,0.65,0.62,4248.0
Kepler-788 b,,0.227,8.39846269,0.08638717641193855,0.10319999999999999,1310.2,Primary Transit,Kepler-788,0.05,1.16,1.23,6159.0
Kepler-789 b,,0.189,8.63847725,0.0840547005215098,0.9393999999999999,1190.0,Primary Transit,Kepler-789,-0.06,1.01,1.02,5870.0
Kepler-78 Ab,0.00619,0.1,0.35500744,0.01,0.15839999999999999,2330.0,Primary Transit,Kepler-78 A,-0.18,0.779,0.7475,5058.0
Kepler-790 b,,0.194,13.73469807,0.10768021760373667,0.0,904.2,Primary Transit,Kepler-790,-0.05,0.84,0.8,5208.0
Kepler-791 b,,0.272,14.5539759,0.1294590164071698,0.09999999999999999,1098.6,Primary Transit,Kepler-791,0.06,1.3,1.47,6383.0
Kepler-792 b,,0.175,11.30119217,0.10313080884778734,0.084,1075.0,Primary Transit,Kepler-792,0.08,1.09,1.12,5971.0
Kepler-793 b,,0.122,4.24153639,0.051790993421784615,0.0626,1046.6,Primary Transit,Kepler-793,0.0,0.98,0.97,5745.0
Kepler-794 b,,0.188,11.13125132,0.10512557816479119,0.19522,1516.0,Primary Transit,Kepler-794,0.34,1.19,1.38,5839.0
Kepler-795 Ab,,0.1552,29.6193891,0.1817,0.0,580.0,Primary Transit,Kepler-795 A,0.0,0.989,1.0378,5595.29
Kepler-796 b,,0.116,6.40087618,0.06696029396939021,0.06720000000000001,971.0,Primary Transit,Kepler-796,0.09,0.93,1.09,5475.0
Kepler-797 b,,0.194,27.07237711,0.17698566405105232,0.1014,915.0,Primary Transit,Kepler-797,-0.02,0.96,0.95,5680.0
Kepler-798 b,,0.213,13.71933369,0.12084659497655341,0.188,1313.4,Primary Transit,Kepler-798,0.029999999999999995,1.19,1.29,6224.0
Kepler-799 Ab,,0.614,133.4605235,0.5108654150059212,0.1014,797.4,Primary Transit,Kepler-799 A,-0.07,0.95,0.93,5681.0
Kepler-799 Ac,,0.248,15.19419956,0.1214,0.0858,893.0,Primary Transit,Kepler-799 A,-0.07,0.95,0.93,5681.0
Kepler-79 b,0.0343,0.31,13.4845,0.117,0.015,868.0,Primary Transit,Kepler-79,-0.073,1.17,1.3,6174.0
Kepler-79 c,0.019,0.332,27.4029,0.187,0.03,685.0,Primary Transit,Kepler-79,-0.073,1.17,1.3,6174.0
Kepler-79 d,0.019,0.639,52.0902,0.287,0.025,553.0,Primary Transit,Kepler-79,-0.073,1.17,1.3,6174.0
Kepler-79 e,0.013,0.311,81.0659,0.386,0.011999999999999997,477.0,Primary Transit,Kepler-79,-0.073,1.17,1.3,6174.0
Kepler-7 b,0.441,1.622,4.8854892,0.06067,0.1,1630.0,Primary Transit,Kepler-7,0.11,1.36,1.97,5933.0
Kepler-800 b,,0.254,14.13176026,0.11017944168933763,0.03779999999999999,1180.2,Primary Transit,Kepler-800,-0.09,0.85,0.82,5315.0
Kepler-801 b,,0.178,11.41928253,0.0882973285937766,0.072,822.356,Primary Transit,Kepler-801,-0.17,0.67,0.63,4435.0
Kepler-802 b,,0.316,40.0587473,0.22739939779297738,0.038,798.4000000000001,Primary Transit,Kepler-802,0.06,0.93,0.9,5507.0
Kepler-803 b,,0.338,50.28638192,0.2755455768617148,0.11779999999999999,1107.8,Primary Transit,Kepler-803,0.019999999999999997,1.05,1.12,5919.0
Kepler-804 b,,0.173,14.37457351,0.11803220525607402,0.002699999999999994,1042.8,Primary Transit,Kepler-804,0.0,1.01,1.05,5817.0
Kepler-804 c,,0.102,9.65185017,0.09050604564372153,0.002699999999999994,1042.8,Primary Transit,Kepler-804,0.0,1.01,1.05,5817.0
Kepler-805 b,,0.258,30.8638931,0.2074815780715594,0.0,1238.0,Primary Transit,Kepler-805,-0.06,1.19,1.65,6112.0
Kepler-806 b,,0.102,8.09219642,0.07993790460853374,0.0772,1578.6,Primary Transit,Kepler-806,0.0,0.99,1.16,5770.0
Kepler-808 Ab,,0.107,0.63133171,0.0166,0.0,1322.0,Primary Transit,Kepler-808 A,-0.98,0.526,0.53,4441.0
Kepler-809 b,,0.269,55.63934,0.28904344802104137,0.18519999999999998,1612.6,Primary Transit,Kepler-809,0.04000000000000001,0.99,0.98,5734.0
Kepler-80 b,0.0218,0.238,7.05246,0.0648,0.1966,696.376,Primary Transit,Kepler-80,0.04000000000000001,0.73,0.68,4540.0
Kepler-80 c,0.02121,0.244,9.52355,0.0792,0.1966,696.376,Primary Transit,Kepler-80,0.04000000000000001,0.73,0.68,4540.0
Kepler-80 d,0.02124,0.136,3.07222,0.0372,0.1966,696.376,Primary Transit,Kepler-80,0.04000000000000001,0.73,0.68,4540.0
Kepler-80 e,0.01299,0.143,4.64489,0.0491,0.1966,696.376,Primary Transit,Kepler-80,0.04000000000000001,0.73,0.68,4540.0
Kepler-80 f,,0.108,0.9867873,0.0175,0.1966,696.376,Primary Transit,Kepler-80,0.04000000000000001,0.73,0.68,4540.0
Kepler-80 g,,0.101,14.64558,0.14,0.2116,418.0,Primary Transit,Kepler-80,0.04000000000000001,0.73,0.68,4540.0
Kepler-810 b,,0.172,4.59725385,0.05556160931046719,0.07,763.4,Primary Transit,Kepler-810,0.1,1.03,1.04,5803.0
Kepler-811 b,,0.241,23.58447697,0.16419302678167305,0.124,835.8,Primary Transit,Kepler-811,0.05,1.01,1.24,5747.0
Kepler-812 b,,0.317,10.11716531,0.10535584860758278,0.152,1653.2,Primary Transit,Kepler-812,0.019999999999999997,1.45,1.71,6761.0
Kepler-813 b,,0.191,19.12947337,0.13991790566440815,0.1014,923.6,Primary Transit,Kepler-813,-0.13,0.95,0.93,5743.0
Kepler-814 b,,0.189,6.1469851,0.06995801394903096,0.025640000000000003,1045.5539999999999,Primary Transit,Kepler-814,0.01,1.15,1.22,6162.0
Kepler-815 b,,0.367,8.57503552,0.08980297152533828,0.122,1756.3999999999999,Primary Transit,Kepler-815,-0.03,1.25,3.42,5028.0
Kepler-816 b,,0.914,10.50682565,0.09216342482198332,0.11399999999999999,821.4,Primary Transit,Kepler-816,0.15999999999999998,0.9,0.85,5286.0
Kepler-817 b,,0.806,3.99010623,0.05055515718597111,0.07,797.4,Primary Transit,Kepler-817,0.019999999999999997,1.03,1.03,5861.0
Kepler-818 b,,0.456,10.03538581,0.09069056027178221,0.0966,912.0,Primary Transit,Kepler-818,-0.08,0.94,0.92,5638.0
Kepler-819 b,,0.246,33.1995648,0.1954719725600712,0.034,1058.0,Primary Transit,Kepler-819,-0.06,0.86,0.81,5279.0
Kepler-81 b,,0.216,5.955,0.056,0.0,646.0,Primary Transit,Kepler-81,-0.2,0.648,0.59,4500.0
Kepler-81 c,,0.211,12.04,0.089,0.0,513.0,Primary Transit,Kepler-81,-0.2,0.648,0.59,4500.0
Kepler-81 d,,0.108,20.837846,0.128,0.0284,965.6,Primary Transit,Kepler-81,-0.2,0.648,0.59,4500.0
Kepler-820 b,,0.543,127.8338098,0.5410394629508906,0.188,1178.8,Primary Transit,Kepler-820,0.09,1.23,1.36,6260.0
Kepler-821 b,,0.117,1.92279873,0.02903214099897568,0.0,851.2,Primary Transit,Kepler-821,-0.03,0.84,0.8,5191.0
Kepler-822 b,,0.158,3.22296927,0.04426931644782003,0.2916,1137.8,Primary Transit,Kepler-822,0.04000000000000001,1.06,1.08,5928.0
Kepler-823 b,,0.14,4.16809082,0.05119138646812903,0.09659999999999998,916.0,Primary Transit,Kepler-823,0.06,0.98,0.96,5643.0
Kepler-824 b,,0.167,4.51436633,0.05694565118035001,0.1258,1141.6,Primary Transit,Kepler-824,0.14,1.15,1.22,6035.0
Kepler-825 b,,0.136,3.77360059,0.04870943742290556,0.07,742.0,Primary Transit,Kepler-825,-0.08,1.03,1.08,5976.0
Kepler-825 c,,0.164,8.1818246,0.08159732775430036,0.07,742.0,Primary Transit,Kepler-825,-0.08,1.03,1.08,5976.0
Kepler-826 b,,0.112,4.48758907,0.05502607959895067,0.144,1239.6,Primary Transit,Kepler-826,-0.12,1.05,1.15,6079.0
Kepler-827 b,,0.502,51.92927591,0.27035386259230415,0.1598,957.2,Primary Transit,Kepler-827,-0.06,0.93,0.91,5602.0
Kepler-828 b,,0.135,0.56785714,0.012719923072929707,0.036,941.0,Primary Transit,Kepler-828,-0.02,0.81,0.77,5039.0
Kepler-829 b,,0.188,6.88337562,0.07152201741670225,0.06999999999999999,1566.1999999999998,Primary Transit,Kepler-829,0.029999999999999995,0.98,0.97,5698.0
Kepler-82 b,0.03823,0.363,26.44,0.1683,0.0032999999999999974,581.0,Primary Transit,Kepler-82,0.15,0.91,0.9,5428.0
Kepler-82 c,0.04373,0.476,51.54,0.2626,0.007000000000000006,463.99999999999994,Primary Transit,Kepler-82,0.15,0.91,0.9,5428.0
Kepler-82 d,,0.158,2.382961,0.034,0.04665999999999999,991.6,Primary Transit,Kepler-82,0.15,0.91,0.9,5428.0
Kepler-82 e,,0.22,5.902206,0.063,0.04665999999999999,991.6,Primary Transit,Kepler-82,0.15,0.91,0.9,5428.0
Kepler-830 b,,0.152,11.29695137,0.10247049875431105,0.039,1059.2,Primary Transit,Kepler-830,-0.02,1.07,1.11,6037.0
Kepler-831 b,,0.113,5.62153941,0.06270160473393621,0.0948,1612.6,Primary Transit,Kepler-831,0.019999999999999997,0.99,0.97,5732.0
Kepler-832 b,,0.184,7.1396941,0.07175944927240846,0.1918,609.4000000000001,Primary Transit,Kepler-832,-0.08,0.92,0.9,5596.0
Kepler-833 b,,0.18,18.7546998,0.12104963584240201,0.20439999999999997,690.2,Primary Transit,Kepler-833,-0.18,0.64,0.62,4339.0
Kepler-834 b,,0.18,13.32388301,0.09930016538368508,0.20800000000000002,586.1800000000001,Primary Transit,Kepler-834,-0.13,0.7,0.66,4554.0
Kepler-835 b,,0.249,11.41909375,0.1035283030521632,0.064,1058.6,Primary Transit,Kepler-835,0.08,1.08,1.11,5954.0
Kepler-836 b,,0.244,11.36112327,0.1015601517011363,0.07,920.8,Primary Transit,Kepler-836,-0.01,1.03,1.04,5895.0
Kepler-837 b,,0.228,16.56059504,0.12246735874006713,0.03400000000000001,821.2,Primary Transit,Kepler-837,-0.18,0.85,0.81,5403.0
Kepler-838 b,,0.244,15.74957994,0.12418946608610454,0.023999999999999987,1098.6,Primary Transit,Kepler-838,-0.06,0.98,0.96,5770.0
Kepler-839 b,,0.229,37.8144514,0.23954580200310943,0.25460000000000005,1146.0,Primary Transit,Kepler-839,0.29,1.22,1.31,6058.0
Kepler-83 Ab,,0.1989,9.7704486,0.0714,0.0,460.0,Primary Transit,Kepler-83 A,-0.23,0.58,0.56,4082.0
Kepler-83 Ac,,0.2007,20.09017037,0.1154,0.0,362.0,Primary Transit,Kepler-83 A,-0.23,0.58,0.56,4082.0
Kepler-83 Ad,,0.1481,5.169804269,0.0467,0.0,569.0,Primary Transit,Kepler-83 A,-0.23,0.58,0.56,4082.0
Kepler-841 b,,0.467,124.4198398,0.469781761250997,0.03779999999999999,1180.2,Primary Transit,Kepler-841,-0.09,0.85,0.81,5324.0
Kepler-842 b,,0.143,1.21956827,0.020908956702717644,0.0194,677.6,Primary Transit,Kepler-842,-0.02,0.78,0.73,4848.0
Kepler-843 b,,0.231,2.05387982,0.03236533901679712,0.144,1076.0,Primary Transit,Kepler-843,0.05,1.02,1.03,5830.0
Kepler-844 b,,0.15,2.61302086,0.03166231556700652,0.007000000000000006,840.4,Primary Transit,Kepler-844,-0.24,0.59,0.57,4128.0
Kepler-845 b,,0.182,0.92785982,0.01749956933140862,0.12040000000000001,864.4,Primary Transit,Kepler-845,0.01,0.79,0.75,4913.0
Kepler-846 b,,0.221,19.80792185,0.1427026304062948,0.0456,1184.2,Primary Transit,Kepler-846,0.0,0.94,0.91,5579.0
Kepler-847 Ab,,0.1053,2.3432319,0.0315,0.0,1054.0,Primary Transit,Kepler-847 A,0.15,0.76,0.825,4746.0
Kepler-848 b,,0.152,6.91134416,0.0724400746390662,0.0286,1273.8,Primary Transit,Kepler-848,0.15,1.01,1.2,5695.0
Kepler-849 b,,0.637,394.6244904,1.147064426056624,0.08900000000000001,1292.2,Primary Transit,Kepler-849,0.12,1.23,1.64,6059.0
Kepler-84 Ab,,0.2552,8.72585478,0.0827,0.0,985.0,Primary Transit,Kepler-84 A,-0.18,0.987,1.131,6036.0
Kepler-84 Ac,0.0636,0.281,12.88291395,0.1072,0.0,865.0,"Primary Transit, TTV",Kepler-84 A,-0.18,0.987,1.131,6036.0
Kepler-84 Ad,,0.143,4.22453631,0.051,0.0,1254.0,Primary Transit,Kepler-84 A,-0.18,0.987,1.131,6036.0
Kepler-84 Ae,,0.2284,27.4345973,0.1774,0.0,672.0,Primary Transit,Kepler-84 A,-0.18,0.987,1.131,6036.0
Kepler-84 Af,,0.2043,44.5520266,0.2451,0.0,572.0,Primary Transit,Kepler-84 A,-0.18,0.987,1.131,6036.0
Kepler-850 b,,0.159,7.19303878,0.07560322256391498,0.3046,1355.2,Primary Transit,Kepler-850,0.029999999999999995,1.06,1.09,5932.0
Kepler-851 b,,0.15,8.50699658,0.07976473481397336,0.0,1037.6,Primary Transit,Kepler-851,-0.07,0.89,0.85,5455.0
Kepler-852 b,,0.227,44.9309804,0.2665076430625741,0.21702,1413.6,Primary Transit,Kepler-852,0.21999999999999997,1.19,1.16,6100.0
Kepler-853 b,,0.151,7.16892463,0.08074467269255758,0.007999999999999993,1132.8,Primary Transit,Kepler-853,0.07,1.3,1.55,6350.0
Kepler-855 b,,0.745,7.8866311,0.07962268970477485,0.07,971.0,Primary Transit,Kepler-855,0.06,1.03,1.03,5835.0
Kepler-856 b,,0.83,8.02768059,0.07870105456829468,0.0634,694.8,Primary Transit,Kepler-856,0.12,0.96,0.93,5535.0
Kepler-857 b,,0.607,85.35129427,0.384457694237998,0.0948,1612.6,Primary Transit,Kepler-857,0.019999999999999997,0.99,0.99,5773.0
Kepler-858 b,,0.434,76.13602028,0.35262568568760416,0.0326,812.96,Primary Transit,Kepler-858,-0.039999999999999994,0.96,0.91,5653.0
Kepler-859 b,,0.276,20.38177573,0.1384054218308725,0.036,941.0,Primary Transit,Kepler-859,-0.02,0.81,0.77,5020.0
Kepler-85 b,0.0465,0.176,8.306,0.07891,0.008940000000000003,834.0,Primary Transit,Kepler-85,0.010599999999999995,0.95,0.89,5436.0
Kepler-85 c,0.059,0.194,12.513,0.10369,0.008940000000000003,834.0,Primary Transit,Kepler-85,0.010599999999999995,0.95,0.89,5436.0
Kepler-85 d,,0.107,17.91323,0.13,0.008940000000000003,834.0,Primary Transit,Kepler-85,0.010599999999999995,0.95,0.89,5436.0
Kepler-85 e,,0.113,25.216751,0.163,0.008940000000000003,834.0,Primary Transit,Kepler-85,0.010599999999999995,0.95,0.89,5436.0
Kepler-860 b,,0.289,5.10137945,0.059744731907405514,0.04079999999999999,1022.0,Primary Transit,Kepler-860,0.09,1.04,1.06,5836.0
Kepler-861 b,,0.203,3.94963138,0.046537788898545235,0.036,715.0,Primary Transit,Kepler-861,0.01,0.82,0.78,5047.0
Kepler-862 Ab,,0.197,3.14866453,0.040964585981296216,0.10799999999999998,1295.8,Primary Transit,Kepler-862 A,0.04000000000000001,0.88,0.84,5333.0
Kepler-863 b,,0.259,15.59461874,0.12252846796550503,0.0326,844.56,Primary Transit,Kepler-863,-0.03,0.96,0.95,5678.0
Kepler-864 b,,0.2659,5.83376197,0.0687,0.0,1143.0,Primary Transit,Kepler-864,0.04000000000000001,1.0,1.34,5621.0
Kepler-864 c,,0.15764,2.42150341,0.0382,0.0,1532.0,Primary Transit,Kepler-864,0.04000000000000001,1.0,1.34,5621.0
Kepler-865 b,,0.222,14.16400071,0.1057,0.0,694.0,Primary Transit,Kepler-865,-0.01,0.91,0.847,5284.0
Kepler-865 c,,0.0946,6.20920207,0.061,0.0,914.0,Primary Transit,Kepler-865,-0.01,0.91,0.847,5284.0
Kepler-866 b,,0.145,2.61703254,0.03433390919691897,0.067,667.8,Primary Transit,Kepler-866,-0.07,0.75,0.71,4751.0
Kepler-867 Ab,,0.414,150.242127,0.5469578284711915,0.05446000000000001,785.0,Primary Transit,Kepler-867 A,-0.02,0.92,0.91,5541.0
Kepler-868 b,,0.183,5.03251791,0.057040232484360784,0.13319999999999999,661.0,Primary Transit,Kepler-868,-0.08,0.93,0.89,5614.0
Kepler-869 Ab,,0.322,40.4287755,0.23203191331944806,0.0674,1034.0,Primary Transit,Kepler-869 A,0.019999999999999997,0.97,0.95,5664.0
Kepler-86 b,0.34235,0.8466,282.5254,0.824,0.28,281.0,Primary Transit,Kepler-86,-0.078,0.94,1.0,5629.0
Kepler-870 b,,0.248,21.3587621,0.1536931794364452,0.8804999999999998,1098.2,Primary Transit,Kepler-870,-0.01,1.01,1.02,5857.0
Kepler-871 b,,0.334,22.0459018,0.16199054130267326,0.08600000000000001,1287.8000000000002,Primary Transit,Kepler-871,0.09,1.11,1.14,5993.0
Kepler-872 b,,0.178,2.57885507,0.03803450847487365,0.2258,1373.0,Primary Transit,Kepler-872,0.04000000000000001,1.05,1.08,5902.0
Kepler-873 b,,0.335,20.5533844,0.15777795287126298,0.182,906.2,Primary Transit,Kepler-873,0.07,1.18,1.27,6163.0
Kepler-874 b,,0.352,40.0686727,0.23979615854477443,0.086,1242.2,Primary Transit,Kepler-874,0.029999999999999995,1.09,1.13,6020.0
Kepler-875 b,,0.259,27.5073799,0.18488351530150554,0.3046,1355.2,Primary Transit,Kepler-875,0.029999999999999995,1.06,1.11,5958.0
Kepler-876 b,,0.128,5.14438011,0.05527733852023022,0.0702,842.2,Primary Transit,Kepler-876,-0.03,0.81,0.77,5060.0
Kepler-877 b,,0.189,18.45847097,0.13165384331554622,0.034,1105.0,Primary Transit,Kepler-877,-0.06,0.85,0.81,5261.0
Kepler-878 Ab,,0.172,25.9422033,0.16255350187492046,0.0702,842.2,Primary Transit,Kepler-878 A,-0.03,0.81,0.77,5044.0
Kepler-879 b,,0.229,33.3855938,0.20631754179621523,0.10119999999999998,1142.4,Primary Transit,Kepler-879,0.05,1.0,1.087,5644.0
Kepler-87 b,1.02,1.204,114.73635,0.481,0.036,478.0,Primary Transit,Kepler-87,-0.17,1.1,1.82,5600.0
Kepler-87 c,0.02,0.548,191.2318,0.676,0.039,403.0,Primary Transit,Kepler-87,-0.17,1.1,1.82,5600.0
Kepler-880 Ab,,0.4148,7.71467686,0.0915,0.0,1622.0,Primary Transit,Kepler-880 A,0.029999999999999995,1.47,1.542,6819.0
Kepler-880 Ac,,0.256,11.8061737,0.1216,0.0,1090.0,Primary Transit,Kepler-880 A,0.029999999999999995,1.47,1.542,6819.0
Kepler-881 b,,0.159,4.44448017,0.054846134157068425,0.0456,1443.0,Primary Transit,Kepler-881,0.0,1.06,1.09,5961.0
Kepler-882 b,,0.11,3.98953967,0.04832732754071092,0.022,772.4,Primary Transit,Kepler-882,-0.03,0.9,0.87,5476.0
Kepler-883 b,,0.159,12.98495573,0.1120879746785311,0.1392,1376.0,Primary Transit,Kepler-883,-0.13,1.06,1.09,6116.0
Kepler-884 Ab,,0.1035,5.69919592,0.0622,0.0,964.0,Primary Transit,Kepler-884 A,-0.08,1.0,0.9576,5821.17
Kepler-885 b,,0.223,18.11472949,0.14625580417646206,0.1242,1292.8,Primary Transit,Kepler-885,0.11,1.21,1.35,6187.0
Kepler-886 b,,0.136,6.24146367,0.06963356193189908,0.29999999999999993,818.8,Primary Transit,Kepler-886,-0.01,1.1,1.16,6098.0
Kepler-887 b,,0.164,20.42228798,0.15754888566752395,0.18,1246.6,Primary Transit,Kepler-887,0.08,1.19,1.29,6194.0
Kepler-887 c,,0.101,7.63846023,0.08178675041820364,0.18,1246.6,Primary Transit,Kepler-887,0.08,1.19,1.29,6194.0
Kepler-888 b,,0.157,70.6979061,0.3367893607389977,0.0,1125.2,Primary Transit,Kepler-888,-0.21,0.97,0.9,5875.0
Kepler-889 b,,0.097,3.744439,0.05012521038069896,0.3520000000000001,948.36,Primary Transit,Kepler-889,0.19,1.14,1.25,5961.0
Kepler-88 b,0.03,0.307,10.91647,0.09759553892429422,0.05561,1537.8000000000002,Primary Transit,Kepler-88,0.27,0.99,0.9,5466.0
Kepler-890 b,,0.793,52.75875577,0.2880725965818428,0.029999999999999992,1286.6,Primary Transit,Kepler-890,0.09,1.09,1.13,5954.0
Kepler-891 b,,0.572,53.44945593,0.28789065355471044,0.1416,1336.0,Primary Transit,Kepler-891,0.09,1.06,1.07,5887.0
Kepler-892 b,,0.251,13.7521072,0.10377593903210523,0.069,654.4000000000001,Primary Transit,Kepler-892,-0.039999999999999994,0.75,0.72,4747.0
Kepler-893 b,,0.27,6.33855761,0.0681538476728377,0.9021999999999999,1322.0,Primary Transit,Kepler-893,-0.03,1.0,0.99,5820.0
Kepler-894 b,,0.248,9.803224,0.08701266153293102,0.0,913.2,Primary Transit,Kepler-894,-0.25,0.87,0.85,5603.0
Kepler-895 b,,0.137,2.80624233,0.03429398743762921,0.1084,1090.8,Primary Transit,Kepler-895,-0.16,0.65,0.61,4315.0
Kepler-896 b,,0.226,144.547396,0.5330478655293369,0.0846,770.6,Primary Transit,Kepler-896,0.17,0.92,2.043,5328.0
Kepler-897 b,,0.213,8.0472642,0.08070021024172384,0.178,741.8,Primary Transit,Kepler-897,0.04000000000000001,1.03,1.04,5839.0
Kepler-898 b,,0.133,5.8706191,0.05609495522166573,0.02840000000000001,1175.8,Primary Transit,Kepler-898,-0.06,0.65,0.62,4223.0
Kepler-899 b,,0.239,19.17891293,0.13916832253902278,0.1598,957.2,Primary Transit,Kepler-899,-0.06,0.93,0.91,5595.0
Kepler-89 Ab,0.018115,0.14613,3.743208,0.05119,0.25,1486.0,Primary Transit,Kepler-89 A,0.11,1.183,1.4286,6184.0
Kepler-89 Ac,0.019528,0.34473,10.423648,0.1013,0.43,1012.0,Primary Transit,Kepler-89 A,0.11,1.183,1.4286,6184.0
Kepler-89 Ad,0.2504561,0.91989,22.342989,0.1684,0.022,806.0,Primary Transit,Kepler-89 A,0.11,1.183,1.4286,6184.0
Kepler-89 Ae,0.0254662,0.54564,54.32031,0.3046,0.019000000000000003,584.0,Primary Transit,Kepler-89 A,0.11,1.183,1.4286,6184.0
Kepler-8 b,0.59,1.416,3.5224991,0.0474,0.0,1680.0,Primary Transit,Kepler-8,-0.05499999999999999,1.21,1.49,6213.0
Kepler-900 Ab,,0.174,6.99130452,0.0679,0.0,715.0,Primary Transit,Kepler-900 A,-0.01,0.74,0.761,4660.0
Kepler-901 b,,0.122,3.51749439,0.038601397763869595,0.068,852.2,Primary Transit,Kepler-901,-0.3,0.59,0.57,4184.0
Kepler-902 b,,0.227,40.1099547,0.22921308201265744,0.0634,924.8,Primary Transit,Kepler-902,0.0,0.95,0.93,5647.0
Kepler-903 b,,0.179,10.3507721,0.09387586265688362,0.20079999999999998,628.0,Primary Transit,Kepler-903,0.05,0.98,0.97,5682.0
Kepler-903 c,,0.226,62.9228557,0.3126878883005417,0.20079999999999998,628.0,Primary Transit,Kepler-903,0.05,0.98,0.97,5682.0
Kepler-904 b,,0.158,3.02166863,0.04369991963832165,0.10319999999999999,1310.2,Primary Transit,Kepler-904,0.05,1.16,1.25,6160.0
Kepler-905 b,,0.126,5.08274652,0.05782783336155266,0.1014,923.6,Primary Transit,Kepler-905,0.09,0.95,0.86,5461.0
Kepler-906 b,,0.188,41.6979976,0.24397322840282,0.015599999999999989,750.2,Primary Transit,Kepler-906,-0.09,1.06,1.02,6035.0
Kepler-907 Ab,,0.107,15.86621821,0.1289101019137156,0.10599999999999998,1138.0,Primary Transit,Kepler-907 A,-0.15,1.08,1.38,6106.0
Kepler-908 Ab,,0.1035,1.340596782,0.0247,0.0,1783.0,Primary Transit,Kepler-908 A,0.15,0.919,1.59,5327.99
Kepler-909 b,,0.131,13.93290318,0.12140962509447883,0.182,908.8,Primary Transit,Kepler-909,0.08,1.17,1.23,6154.0
Kepler-90 b,,0.117,7.008151,0.074,0.11021999999999998,1056.0,Primary Transit,Kepler-90,-0.12,1.2,1.2,6080.0
Kepler-90 c,,0.106,8.719375,0.089,0.036800000000000006,981.0,Primary Transit,Kepler-90,-0.12,1.2,1.2,6080.0
Kepler-90 d,,0.256,59.73667,0.32,0.03482,518.0,Primary Transit,Kepler-90,-0.12,1.2,1.2,6080.0
Kepler-90 e,,0.237,91.93913,0.42,0.04622,448.0,Primary Transit,Kepler-90,-0.12,1.2,1.2,6080.0
Kepler-90 f,,0.257,124.9144,0.48,0.009999999999999995,592.0,Primary Transit,Kepler-90,-0.12,1.2,1.2,6080.0
Kepler-90 g,0.047,0.723,210.60697,0.71,0.19322,340.0,"Primary Transit, TTV",Kepler-90,-0.12,1.2,1.2,6080.0
Kepler-90 h,0.639,1.008,331.60059,1.01,0.09722,292.0,"Primary Transit, TTV",Kepler-90,-0.12,1.2,1.2,6080.0
Kepler-90 i,,0.118,14.44912,0.2,0.03862,709.0,Primary Transit,Kepler-90,-0.12,1.2,1.2,6080.0
Kepler-910 b,,0.073,2.36436901,0.038144369316333866,0.018000000000000002,1430.0,Primary Transit,Kepler-910,0.12,1.26,1.5,6230.0
Kepler-911 b,,0.232,20.310501,0.1633097478689594,0.32402,1376.8,Primary Transit,Kepler-911,0.029999999999999995,1.34,1.99,6112.0
Kepler-912 b,,0.25,2.53475627,0.037836894253457425,0.12160000000000001,1304.0,Primary Transit,Kepler-912,0.019999999999999997,1.07,1.11,5998.0
Kepler-913 b,,0.184,10.29672521,0.09258430446501603,0.1014,923.6,Primary Transit,Kepler-913,-0.52,0.95,0.814,5440.0
Kepler-913 c,,0.34419,5.939119816,0.0699,0.0,1357.0,Primary Transit,Kepler-913,-0.52,0.95,0.814,5440.0
Kepler-914 b,,0.123,4.40966548,0.05523716867960319,0.3492,818.8,Primary Transit,Kepler-914,0.21999999999999997,1.1,1.15,5877.0
Kepler-915 b,,0.134,4.59489604,0.058606034265935705,0.1042,1319.0,Primary Transit,Kepler-915,0.08,1.21,1.38,6173.0
Kepler-916 b,,0.157,32.2968798,0.19116575865682042,0.0,855.2,Primary Transit,Kepler-916,-0.05,0.85,0.81,5248.0
Kepler-917 b,,0.17,2.97041437,0.038171401442337154,0.18280000000000002,805.6,Primary Transit,Kepler-917,-0.38,0.8,0.76,5418.0
Kepler-918 b,,0.155,4.85386933,0.059064944196511995,0.08800000000000001,1067.4,Primary Transit,Kepler-918,0.06,1.11,1.14,6028.0
Kepler-919 b,,0.201,11.04603384,0.10340311238636911,0.0,1093.0,Primary Transit,Kepler-919,0.07,1.15,1.21,6113.0
Kepler-91 b,0.81,1.367,6.24658,0.0731,0.066,2040.0,Primary Transit,Kepler-91,0.11,1.31,6.3,4550.0
Kepler-920 b,,0.216,6.53192704,0.06688380473383464,0.013999999999999999,871.8,Primary Transit,Kepler-920,0.0,0.89,0.85,5403.0
Kepler-920 c,,0.339,100.8274113,0.4146476084675536,0.013999999999999999,871.8,Primary Transit,Kepler-920,0.0,0.89,0.85,5403.0
Kepler-921 b,,0.256,51.300634,0.2681675488651644,0.0,950.0,Primary Transit,Kepler-921,-0.12,0.93,0.91,5663.0
Kepler-922 b,,0.127,0.93846683,0.0187506893108992,0.1014,923.6,Primary Transit,Kepler-922,-0.05,0.95,0.93,5671.0
Kepler-923 b,,0.123,6.93366476,0.07491687225560288,0.126,998.0,Primary Transit,Kepler-923,0.07,1.11,1.26,5988.0
Kepler-924 b,,0.274,61.0370117,0.3222507056682011,0.0,719.8,Primary Transit,Kepler-924,0.01,1.14,1.23,6167.0
Kepler-925 b,,0.209,33.8678531,0.1909202984666863,0.0524,797.8000000000001,Primary Transit,Kepler-925,0.12,0.77,0.72,4673.0
Kepler-926 Ab,,0.206,52.0688601,0.2783914690039635,0.7001999999999999,864.8,Primary Transit,Kepler-926,0.029999999999999995,1.01,1.01,5806.0
Kepler-927 b,,0.153,9.1149903,0.08653914964590434,0.0838,1612.6,Primary Transit,Kepler-927,0.029999999999999995,0.99,0.99,5743.0
Kepler-928 Ab,,0.1472,3.93246069,0.0444,0.0,894.0,Primary Transit,Kepler-928 A,-0.11,0.733,0.682,4621.0
Kepler-929 b,,0.099,0.92103214,0.018899648749713283,0.03780000000000001,765.8,Primary Transit,Kepler-929,-0.039999999999999994,1.01,1.02,5869.0
Kepler-92 Ab,0.202,0.313,13.749,0.12166143264114597,0.17,1431.4,Primary Transit,Kepler-92 A,0.17,1.209,1.53,5883.0
Kepler-92 Ac,0.019,0.232,26.723,0.18947954189330218,0.04,1524.0,Primary Transit,Kepler-92 A,0.17,1.209,1.53,5883.0
Kepler-92 Ad,,0.184,49.3568,0.2852354597075918,0.07,1375.0,Primary Transit,Kepler-92 A,0.17,1.209,1.53,5883.0
Kepler-930 Ab,,0.19,71.4517775,0.3690983585167103,0.2128,1342.6,Primary Transit,Kepler-930 A,0.04000000000000001,1.25,1.4,6335.0
Kepler-931 Ab,,0.119,8.03755877,0.0759298151712905,0.034,643.0,Primary Transit,Kepler-931 A,-0.01,0.86,0.81,5241.0
Kepler-932 b,,0.122,1.9214374,0.02935986101755887,0.0,877.6,Primary Transit,Kepler-932,-0.01,0.87,0.84,5331.0
Kepler-933 b,,0.219,14.20443009,0.1114172353665525,0.0,1163.2,Primary Transit,Kepler-933,-0.02,0.87,0.84,5346.0
Kepler-934 b,,0.186,55.6738309,0.27045343077492473,0.036,860.8000000000001,Primary Transit,Kepler-934,0.01,0.81,0.77,5001.0
Kepler-935 b,,0.12,4.88083852,0.052705739584712925,0.0194,863.2,Primary Transit,Kepler-935,-0.01,0.78,0.73,4830.0
Kepler-936 Ab,,0.129,10.56134221,0.09316199291975477,0.09999999999999998,1121.4,Primary Transit,Kepler-936 A,0.05,0.92,0.89,5482.0
Kepler-937 b,,0.332,67.668827,0.346195801758958,0.0,954.2,Primary Transit,Kepler-937,0.08,1.15,1.22,6095.0
Kepler-937 c,,0.238,153.343364,0.5972727336930935,0.0,954.2,Primary Transit,Kepler-937,0.08,1.15,1.22,6095.0
Kepler-938 b,,0.198,52.6298417,0.2717987173636392,0.0010599999999999915,841.0,Primary Transit,Kepler-938,-0.03,0.92,0.89,5533.0
Kepler-939 b,,0.156,14.878296,0.11535234785196494,0.0,1222.8,Primary Transit,Kepler-939,-0.12,0.88,0.85,5471.0
Kepler-93 b,0.0143,0.14,4.72674,0.053,0.0,1037.0,Primary Transit,Kepler-93,-0.18,1.09,0.98,5669.0
Kepler-940 b,,0.298,59.6225257,0.3006267180790861,0.098,666.6,Primary Transit,Kepler-940,-0.08,0.97,0.96,5769.0
Kepler-941 b,,0.275,17.42395198,0.12864449225879493,0.10599999999999998,970.2,Primary Transit,Kepler-941,-0.15,0.89,0.86,5539.0
Kepler-942 b,,0.19,44.96417488,0.23455039920389167,0.082,794.0,Primary Transit,Kepler-942,0.09,0.81,0.75,4861.0
Kepler-943 b,,0.529,49.7701438,0.2672,0.128,695.6,Primary Transit,Kepler-943,-0.07,0.93,0.91,5612.0
Kepler-944 b,,0.235,43.3167737,0.233399705233269,0.0358,1274.9679999999998,Primary Transit,Kepler-944,-0.11,0.86,0.83,5409.0
Kepler-945 b,,0.235,31.0033814,0.19439870673425777,0.039,866.6,Primary Transit,Kepler-945,-0.01,0.97,0.97,5718.0
Kepler-946 b,,0.172,11.79162572,0.10098460234684356,0.10339999999999999,735.4,Primary Transit,Kepler-946,-0.09,0.94,0.93,5665.0
Kepler-947 b,,0.203,26.9644317,0.17275810656326165,0.022,785.0,Primary Transit,Kepler-947,-0.07,0.9,0.87,5508.0
Kepler-948 b,,0.165,7.76846622,0.07699762864494784,0.04,795.6,Primary Transit,Kepler-948,0.17,0.96,0.97,5501.23
Kepler-949 b,,0.26,8.689301216,0.0774,0.0,782.0,Primary Transit,Kepler-949,-0.03899999999999999,0.853,0.774,5088.18
Kepler-949 c,,0.46079,20.99757968,0.1394,0.0,582.0,Primary Transit,Kepler-949,-0.03899999999999999,0.853,0.774,5088.18
Kepler-94 b,0.034,0.313,2.50806,0.03424131005320666,0.0482,880.0,Primary Transit,Kepler-94,0.34,0.81,0.76,4781.0
Kepler-950 b,,0.801,98.7180406,0.42785291285474075,0.144,1109.0,Primary Transit,Kepler-950,0.019999999999999997,1.02,1.02,5857.0
Kepler-951 Ab,,0.5139,71.52543938,0.3091,0.0,340.0,Primary Transit,Kepler-951 A,-0.01,0.77,0.73,4834.0
Kepler-952 b,,0.682,130.3546919,0.5115811450548559,0.9393999999999999,1144.6,Primary Transit,Kepler-952,0.06,1.0,0.99,5730.0
Kepler-953 Ab,,0.376,88.40655258,0.19757,0.1014,923.6,Primary Transit,Kepler-953 A,0.26,0.95,0.99,5416.0
Kepler-953 Ac,,0.106,9.10967112,0.08532436900346309,0.1014,923.6,Primary Transit,Kepler-953 A,0.26,0.95,0.99,5416.0
Kepler-954 b,,0.207,16.78176602,0.12208429788217293,0.062,804.2,Primary Transit,Kepler-954,0.019999999999999997,0.82,0.76,4990.0
Kepler-955 b,,0.279,14.53244172,0.11398625367784841,0.0069200000000000095,1111.2,Primary Transit,Kepler-955,0.019999999999999997,0.89,0.84,5350.0
Kepler-956 b,,0.268,5.24867263,0.06203840689881382,0.3,923.6,Primary Transit,Kepler-956,0.019999999999999997,1.1,1.15,6040.0
Kepler-957 b,,0.491,5.90741354,0.06061638142245254,0.036,983.6,Primary Transit,Kepler-957,-0.01,0.81,0.75,4963.0
Kepler-958 b,,0.184,9.7678805,0.0881138357611769,0.015999999999999986,920.4,Primary Transit,Kepler-958,0.01,0.91,0.86,5421.0
Kepler-959 b,,0.3908,14.80074836,0.1633,0.0,1912.0,Primary Transit,Kepler-959,0.03259999999999999,1.48,1.66,6848.93
Kepler-95 Ab,0.041,0.2779,11.5231,0.10228,0.0,1459.0,Primary Transit,Kepler-95 A,0.2,1.0,1.451,5699.0
Kepler-960 b,,0.204,3.12686223,0.03900013922845543,0.024799999999999996,594.88,Primary Transit,Kepler-960,0.019999999999999997,0.77,0.72,4755.0
Kepler-961 b,,0.227,16.87727414,0.12915821436033664,0.13599999999999998,1305.4,Primary Transit,Kepler-961,0.05,0.96,0.9,5582.0
Kepler-962 b,,0.176,12.05707239,0.10212976041597577,0.0362,1097.2,Primary Transit,Kepler-962,0.01,0.93,0.86,5478.0
Kepler-963 b,,0.237,9.97683705,0.09001598819259314,0.11246,779.4,Primary Transit,Kepler-963,-0.02,0.93,0.898,5352.0
Kepler-963 c,,0.05781,0.919786,0.01837027245287986,0.11246,779.4,Primary Transit,Kepler-963,-0.02,0.93,0.898,5352.0
Kepler-964 b,,0.189,13.5225106,0.11024594416999386,0.1436,956.1999999999999,Primary Transit,Kepler-964,0.029999999999999995,0.93,0.84,5427.0
Kepler-965 b,,0.302,134.2527298,0.5302840946495807,0.1858,1240.3999999999999,Primary Transit,Kepler-965,0.029999999999999995,1.05,1.15,5886.0
Kepler-966 b,,0.368,99.747622,0.43082263152418176,0.124,886.0,Primary Transit,Kepler-966,0.04000000000000001,1.02,1.02,5840.0
Kepler-967 b,,0.2097,13.22713379,0.1027,0.0,638.0,Primary Transit,Kepler-967,-0.03,0.825,0.8,5178.0
Kepler-967 c,,0.3256,198.7112502,0.6253,0.033600000000000005,258.0,Primary Transit,Kepler-967,-0.03,0.825,0.8,5178.0
Kepler-968 Ab,,0.178,3.69298373,0.04338632631128426,0.081,624.0,Primary Transit,Kepler-968 A,0.13,0.76,0.7,4598.0
Kepler-968 Ac,,0.151,5.70940492,0.05800897326675953,0.081,624.0,Primary Transit,Kepler-968 A,0.13,0.76,0.7,4598.0
Kepler-968 Ad,,0.2302,7.68433346,0.0634,0.0,583.0,Primary Transit,Kepler-968 A,0.13,0.76,0.7,4598.0
Kepler-969 b,,0.185,34.1731714,0.20380564879837595,0.1266,805.8,Primary Transit,Kepler-969,0.21999999999999997,0.92,0.82,5214.0
Kepler-969 c,,0.088,1.6829346,0.027382358576521097,0.1266,805.8,Primary Transit,Kepler-969,0.21999999999999997,0.92,0.82,5214.0
Kepler-96 b,0.027,0.238,16.2385,0.12760294303946648,0.3404,1222.8,Primary Transit,Kepler-96,0.04000000000000001,1.0,1.02,5690.0
Kepler-970 Bb,,0.23276,16.736525,0.139,0.34,463.99999999999994,Primary Transit,Kepler-970 B,0.04000000000000001,0.67,0.71,4290.0
Kepler-971 Ab,,0.19,9.59070716,0.08891760363784759,0.0438,866.4,Primary Transit,Kepler-971 A,0.1729,0.97,0.777,5513.7
Kepler-972 b,,0.415,7.03932553,0.07657436387789657,0.13999999999999999,1293.6,Primary Transit,Kepler-972,0.04000000000000001,1.15,1.22,6146.0
Kepler-973 Ab,,0.175,49.6077331,0.2554832837626787,0.034,1058.0,Primary Transit,Kepler-973 A,-0.06,0.86,0.78,5213.0
Kepler-974 b,,0.1401,4.194496514,0.0419,0.0,577.0,Primary Transit,Kepler-974,0.07,0.534,0.538,3609.0
Kepler-974 c,0.00217,0.0544,0.1768913,0.005,0.174,1654.0,Primary Transit,Kepler-974,0.07,0.534,0.538,3609.0
Kepler-975 Ab,,0.14105,1.970342457,0.02898,0.0,1599.0,Primary Transit,Kepler-975 A,0.38,0.77,0.807,4783.72
Kepler-975 Ac,,0.50353,5.05821338,0.0567,0.0,1168.0,Primary Transit,Kepler-975 A,0.38,0.77,0.807,4783.72
Kepler-976 b,,0.353,105.9564148,0.4253580654249568,0.0,1146.2,Primary Transit,Kepler-976,0.07,0.87,0.83,5232.0
Kepler-977 b,,0.234,26.85328322,0.1703471075516146,0.0,877.6,Primary Transit,Kepler-977,-0.01,0.87,0.83,5315.0
Kepler-978 b,,0.267,49.6221509,0.2748369164311686,0.048999999999999995,1319.6,Primary Transit,Kepler-978,-0.01,1.07,1.09,6002.0
Kepler-979 b,,0.243,8.0880135,0.07654163716134296,0.0,1163.2,Primary Transit,Kepler-979,-0.02,0.87,0.83,5310.0
Kepler-97 Ab,0.011,0.132,2.58664,0.0367307696602243,0.0634,866.4,Primary Transit,Kepler-97 A,-0.2,0.94,0.98,5779.0
Kepler-980 b,,0.238,11.55102504,0.10334914019119372,0.11779999999999999,1365.6,Primary Transit,Kepler-980,0.01,1.05,1.06,5935.0
Kepler-981 b,,0.206,4.46975774,0.0536325072263565,0.102,744.2,Primary Transit,Kepler-981,0.01,0.98,0.96,5718.0
Kepler-982 b,,0.201,15.7738221,0.1315045279633169,0.10319999999999999,1310.2,Primary Transit,Kepler-982,0.05,1.16,1.29,6139.0
Kepler-983 Ab,,0.211,60.0855082,0.3179577328558607,0.1466,1083.6,Primary Transit,Kepler-983 A,0.12,1.13,1.08,6052.0
Kepler-984 b,,0.189,43.0342272,0.24106259901905785,0.19540000000000002,838.6,Primary Transit,Kepler-984,0.04000000000000001,0.96,0.93,5610.0
Kepler-985 b,,0.266,116.331901,0.45952565784806265,0.042,972.1999999999999,Primary Transit,Kepler-985,0.0,0.91,0.85,5434.0
Kepler-986 b,,0.211,56.4349938,0.2888148259572096,0.19540000000000002,838.6,Primary Transit,Kepler-986,0.04000000000000001,0.96,0.98,5642.0
Kepler-987 b,,0.291,105.3033148,0.4392536284465766,0.10600000000000001,1070.4,Primary Transit,Kepler-987,0.01,0.97,0.91,5637.0
Kepler-988 b,,0.185,17.76080053,0.11098373569417302,0.0828,722.8,Primary Transit,Kepler-988,-0.32,0.55,0.53,4005.0
Kepler-989 b,,0.197,7.96431535,0.074279162876837,0.036,715.0,Primary Transit,Kepler-989,0.01,0.82,0.78,5074.0
Kepler-98 b,0.011,0.178,1.54168,0.026466995393418333,0.06842,1612.6,Primary Transit,Kepler-98,0.18,0.99,1.11,5539.0
Kepler-990 b,,0.2543,9.91724268,0.0883,0.0,903.0,Primary Transit,Kepler-990,-0.205,0.97,1.031,5521.54
Kepler-990 c,,0.149,0.53835407,0.0127,0.0,2386.0,Primary Transit,Kepler-990,-0.205,0.97,1.031,5521.54
Kepler-991 b,,0.227,82.5342519,0.32507199413098525,0.2424,981.0,Primary Transit,Kepler-991,-0.25,0.64,0.61,4392.0
Kepler-992 b,,0.145,20.16034462,0.13683337786800898,0.1494,805.6,Primary Transit,Kepler-992,-0.039999999999999994,0.8,0.74,4944.0
Kepler-993 b,,0.265,22.08557563,0.1298755855375922,0.20800000000000002,1056.8,Primary Transit,Kepler-993,0.029999999999999995,0.57,0.54,3843.0
Kepler-994 b,,0.143,1.15116651,0.018015715903286777,0.037200000000000004,875.4,Primary Transit,Kepler-994,-0.13,0.56,0.54,3934.0
Kepler-995 b,,0.241,28.26731672,0.1735318401422499,0.08,1087.0,Primary Transit,Kepler-995,-0.07,0.83,0.8,5206.0
Kepler-996 b,,0.177,3.77059058,0.049611059590047225,0.086,1242.2,Primary Transit,Kepler-996,0.029999999999999995,1.09,1.14,6014.0
Kepler-997 b,,0.121,2.70730672,0.04130237280186644,0.1926,1214.0,Primary Transit,Kepler-997,0.05,1.22,1.56,6150.0
Kepler-998 b,,0.207,5.65377733,0.0655835959888892,0.15200000000000002,998.0,Primary Transit,Kepler-998,0.07,1.12,1.18,6058.0
Kepler-999 Ab,,0.2453,5.99185827,0.0681,0.0,1355.0,Primary Transit,Kepler-999 A,0.05,1.29,1.65,6237.0
Kepler-99 Bb,0.0119971,0.16166,4.60358,0.05069,0.0,810.0,Primary Transit,Kepler-99 B,0.21,0.769,0.745,4774.0
Kepler-9 b,0.13655,0.74,19.23891,0.143,0.0609,1242.4,Primary Transit,Kepler-9,0.05,1.02,0.96,5774.0
Kepler-9 c,0.09408,0.721,38.9853,0.227,0.06691,1323.0,Primary Transit,Kepler-9,0.05,1.02,0.96,5774.0
Kepler-9 d,0.016518264481,0.146,1.592851,0.0273,0.025561999999999994,2026.0,Primary Transit,Kepler-9,0.05,1.02,0.96,5774.0
KIC 10255705 b,,0.65,707.3793,1.6,0.0,295.0,Primary Transit,KIC 10255705,-0.13,1.1,2.12,5030.0
KIC 11152511 b,,0.36,287.363,0.85,0.67,390.0,Primary Transit,KIC 11152511,-0.1,1.01,2.08,5273.0
KIC 12454613 b,,0.228,736.3819,1.54,0.16,187.0,Primary Transit,KIC 12454613,0.029999999999999995,0.87,0.82,5420.0
KIC 5010054 b,,0.62,904.24,1.86,0.0,251.0,Primary Transit,KIC 5010054,-0.09,1.08,1.66732,5930.0
KIC 5094412 b,,0.51,276.88,0.78,0.0,239.0,Primary Transit,KIC 5094412,-0.327,0.82,0.8,5313.0
KIC 5522786 b,,0.11,757.1639,1.98,0.56,362.0,Primary Transit,KIC 5522786,-0.03,1.79,1.3,8719.0
KIC 5732155 b,,1.14,644.1685,1.52,0.0,301.0,Primary Transit,KIC 5732155,-0.03,1.13,1.99,5755.0
KIC 6372194 b,,0.74,281.5848,0.78,0.65,228.0,Primary Transit,KIC 6372194,-0.37,0.8,0.75,5233.0
KIC 9413313 b,,1.124,440.3984,1.132318078821786,0.1014,923.6,Primary Transit,KIC 9413313,0.019999999999999997,0.95,1.45,5359.0
KIC 9662267 b,,0.34,466.202,1.12,0.11,236.0,Primary Transit,KIC 9662267,-0.03,0.86,0.89,5602.0
KIC 9704149 b,,0.4,697.0159,1.46,0.29,201.0,Primary Transit,KIC 9704149,-0.16,0.86,0.78,5640.0
KOI-1066 b,,0.83,5.71,0.064,0.1084,966.0,Primary Transit,KOI-1066,0.243,1.04,1.365,5786.53
KOI-134 b,1.0,1.08,67.701,0.364,0.05,588.0,Primary Transit,KOI-134,0.23,1.17,1.8,6154.0
KOI-212 b,,0.589,5.7,0.064,0.11960000000000001,1030.0,Primary Transit,KOI-212,-0.24,1.07,1.1,5898.0
KOI-2700 b,0.00271,0.0946,0.910022,0.016036282753125693,0.202,708.52,Primary Transit,KOI-2700,-0.2,0.632,0.574,4433.0
KOI-4427 Ab,,0.164,147.6606,0.419,0.020000000000000004,757.8,Primary Transit,KOI-4427 A,-0.07,0.553,0.559,3748.0
KOI-4644 b,,0.09707,3.439,0.0426,0.0,966.0,Primary Transit,KOI-4644,0.178,0.85,0.71,5065.27
KOI-4878 b,,0.0928,449.01499,1.137,0.0,258.0,Primary Transit,KOI-4878,-0.22,0.972,1.068,6031.0
KOI-4896 b,,0.1169,19.5960013,0.1421,0.0,725.0,Primary Transit,2MASS J19233610+4844461,-0.24,0.996,1.024,6120.0
KOI-4896 c,,0.132,49.537365,0.2637,0.0,532.0,Primary Transit,2MASS J19233610+4844461,-0.24,0.996,1.024,6120.0
KOI-5372 b,,0.146,212.60398,0.7026,0.06,337.0,Primary Transit,2MASS J19334766+4244416,0.08,1.022,1.207,5834.0
KOI-5 b,,0.0589,7.05186,0.075,0.0,1124.0,Primary Transit,KOI-5,0.05,1.096,1.747,5753.0
KOI-6256 b,,0.14221,14.093,0.101,0.13219999999999998,568.0,Primary Transit,KOI-6256,-0.24,0.75,0.882,4692.0
KOI-6532 b,,0.131,0.813998777,0.0168,0.05700000000000001,1931.0,Primary Transit,LPI-7913,0.0,0.945,0.989,5705.0
KOI-6538 b,,0.136,129.839927,0.5085,0.058,385.0,Primary Transit,2MASS J19344243+4020026,-0.12,1.035,1.032,6133.0
KOI-6653 b,,0.109,28.2682167,0.1779,0.24719999999999998,526.0,Primary Transit,2MASS J19303502+4121109,0.04000000000000001,0.939,0.838,5496.0
KOI-6664 b,,0.086,14.7638878,0.1093,0.1852,638.0,Primary Transit,2MASS J19095216+4128178,-0.46,0.798,0.742,5547.0
KOI-6666 b,,0.068,1.118507672,0.0208,0.07400000000000001,1681.0,Primary Transit,2MASS J19330703+4124132,-0.26,0.953,0.863,5918.0
KOI-6672 b,,0.0928,2.28494299,0.0321,0.202,1182.0,Primary Transit,2MASS J19012151+4132230,-0.16,0.84,0.793,5393.0
KOI-6793 b,,0.075,3.62658665,0.0443,0.011999999999999997,1014.0,Primary Transit,2MASS J19255900+4228412,-0.08,0.886,0.799,5411.0
KOI-6798 b,,0.3,2.64182865,0.0348,0.0524,2104.0,Primary Transit,2MASS J19361857+4224080,-0.8,0.805,2.935,5195.0
KOI-6921 b,,0.11,6.8777602,0.0727,0.109,1080.0,Primary Transit,2MASS J19200188+4330076,-0.1,1.078,1.106,6276.0
KOI-6925 b,,0.084,12.9489256,0.0882,0.0474,416.0,Primary Transit,2MASS J18452562+4339300,-0.1,0.545,0.525,3867.0
KOI-6931 b,,0.106,2.54029506,0.0368,0.09999999999999999,1268.0,Primary Transit,2MASS J19420054+4336355,0.07,1.028,0.911,5778.0
KOI-6934 b,,0.198,22.2546864,0.1645,0.0706,899.0,Primary Transit,2MASS J18504142+4347179,-0.12,1.197,2.388,5349.0
KOI-7051 b,,0.106,0.772807044,0.0143,0.118,1367.0,Primary Transit,2MASS J20052510+4431298,-0.16,0.659,0.668,4535.0
KOI-7057 b,,0.529,0.61932352,0.016,0.0834,3365.0,Primary Transit,2MASS J19264939+4437067,-0.24,1.434,1.844,7105.0
KOI-7069 b,,0.136,1.01486138,0.0203,0.12,1929.0,Primary Transit,2MASS J19073983+4442163,-0.08,1.08,1.024,6158.0
KOI-7073 b,,2.6987,279.012698,0.859,0.0276,322.0,Primary Transit,2MASS J19280416+4442477,-0.12,1.08,1.143,6338.0
KOI-7076 b,,0.12,16.234743,0.1334,0.18420000000000003,849.0,Primary Transit,2MASS J19340728+4449579,-0.06,1.2,1.178,6475.0
KOI-7197 b,,0.131,1.74147417,0.0268,0.052000000000000005,1230.0,Primary Transit,2MASS J19394814+4614317,-0.1,0.855,0.763,5227.0
KOI-7209,,0.076,8.2553601,0.0818,0.1186,1034.0,Primary Transit,2MASS J19100257+4623238,-0.18,1.066,1.113,6357.0
KOI-7319 b,,0.087,17.1677675,0.1058,0.077,370.0,Primary Transit,2MASS J18552341+4730563,0.0,0.535,0.526,3761.0
KOI-7320 b,,0.062,8.502285,0.0722,0.0774,679.0,Primary Transit,2MASS J19131131+4733361,-0.24,0.693,0.715,4889.0
KOI-7327 b,,0.174,17.9908748,0.1208,0.1066,541.0,Primary Transit,2MASS J18483788+4741115,-0.1,0.727,0.752,4918.0
KOI-7449 b,,1.252,1.322475635,0.0193,0.135,1097.0,Primary Transit,2MASS J19013040+4927421,-1.08,0.548,0.548,4668.0
KOI-7455,,0.218,3.773744,0.0536,0.0538,2001.0,Primary Transit,2MASS J19101799+4933042,-0.5,1.44,2.069,7302.0
KOI-7460 b,,0.136,5.70509845,0.0599,0.17559999999999998,947.0,Primary Transit,2MASS J19091658+4939251,0.04000000000000001,0.88,0.927,5455.0
KOI-901 b,,0.437,12.73,0.098,0.0842,500.0,Primary Transit,KOI-901,-0.14,0.67,0.725,4255.0
KOI-972 b,,0.274,13.118966756,0.1376,0.015,1768.0,Primary Transit,KOI-972,0.21,1.85,1.57,7800.0
KPNO-Tau 12,6.5,1.4,13650138628.305984,80679.0,0.33,2400.0,Imaging,IRAS 04158+2805,-0.23,0.3759999999999999,0.386,2974.0
KPS-1 b,1.09,1.03,1.706291,0.0269,0.0,1459.0,Primary Transit,KPS-1,0.21999999999999997,0.892,0.907,5165.0
L 168-9 b,0.01265,0.1392,1.40152634,0.0208,0.022,816.0,Primary Transit,L 168-9,-0.03,0.614,0.604,3842.0
L 98-59 b,0.0013,0.0758,2.2531136,0.02191,0.1,627.0,Primary Transit,L 98-59,-0.46,0.32000000000000006,0.291,3415.0
L 98-59 c,0.00698,0.12356,3.6906777,0.0304,0.103,553.0,Primary Transit,L 98-59,-0.46,0.32000000000000006,0.291,3415.0
L 98-59 d,0.0061,0.1357,7.4507245,0.0486,0.074,416.0,Primary Transit,L 98-59,-0.46,0.32000000000000006,0.291,3415.0
LHS 1140 b,0.02196,0.15407,24.736,0.0936,0.06,233.0,Primary Transit,LHS 1140,-0.24,0.14600000000000002,0.186,3131.0
LHS 1140 c,0.00569,0.11437,3.777931,0.02675,0.30999999999999994,438.0,Primary Transit,LHS 1140,-0.24,0.14600000000000002,0.186,3131.0
LHS 1478 b,0.00733,0.1106,1.9495378,0.01848,0.2594,595.0,Primary Transit,LHS 1478,-0.13,0.236,0.246,3381.0
LHS 1678 b,0.00019,0.06111,0.8602325,0.01239,0.033,980.3,Primary Transit,LHS 1678,-0.16159999999999997,0.345,0.329,3490.0
LHS 1678 c,0.00123,0.08395,3.694284,0.0327,0.039,816.9,Primary Transit,LHS 1678,-0.11599999999999999,0.345,0.329,3490.0
LHS 1678 d,0.00289,0.08752,4.9652229,0.04,0.04,816.9,Primary Transit,LHS 1678,-0.11599999999999999,0.345,0.329,3490.0
LHS 1815 b,0.0132,0.09707,3.81433,0.0404,0.0,617.0,Primary Transit,LHS 1815,-0.12,0.502,0.501,3643.0
LHS 1903 b,0.01032,0.12329,2.1555098,0.02656,0.015,800.0,Primary Transit,LHS 1903,-0.11,0.538,0.539,3664.0
LHS 1903 c,0.01432,0.18253,6.226185,0.0539,0.089,560.0,Primary Transit,LHS 1903,-0.11,0.538,0.539,3664.0
LHS 1903 d,0.019,0.223,12.566287,0.086,0.1,442.0,Primary Transit,LHS 1903,-0.11,0.538,0.539,3664.0
LHS 1903 e,0.0182,0.1543,29.31773,0.151,0.013999999999999999,333.0,Primary Transit,LHS 1903,-0.11,0.538,0.539,3664.0
LHS 3844 b,0.00746,0.1178,0.46292792,0.00623,0.18762,805.0,Primary Transit,LHS 3844,0.22199999999999995,0.15400000000000014,0.189,3036.0
LHS 475 b,0.00308,0.0883,2.029088,0.020407874274080383,0.2374,586.0,Primary Transit,LHS 475,0.0,0.262,0.2789,3312.0
LP 714-47 b,0.0969,0.419,4.052037,0.0417,0.04,700.0,Primary Transit,LP 714-47,0.41,0.59,0.584,3950.0
LP 791-18 b,,0.0999,0.948005,0.00969,0.023620000000000002,650.0,Primary Transit,LP 791-18,-0.09,0.139,0.17,2960.0
LP 791-18 c,0.0223,0.2061,4.989963,0.029392,0.21721999999999997,370.0,Primary Transit,LP 791-18,-0.09,0.139,0.17,2960.0
LP 791-18 d,0.0028,0.0919,2.75485,0.0199,0.0011000000000000038,1221.8,Primary Transit,LP 791-18,-0.09,0.139,0.17,2960.0
LP 890-9 b,0.0415,0.1178,2.7299025,0.01875,0.015219999999999984,396.0,Primary Transit,LP 890-9,-0.028,0.118,0.1556,2850.0
LP 890-9 c,0.0796,0.12196,8.457463,0.03984,0.0032200000000000145,272.0,Primary Transit,LP 890-9,-0.028,0.118,0.1556,2850.0
LTT 1445 Ab,0.009,0.116,5.358766,0.03813,0.11,424.0,Primary Transit,LTT 1445 A,-0.34,0.256,0.27,3340.0
LTT 1445 Ac,0.00485,0.10233,3.1239035,0.0266,0.22300000000000003,508.0,Primary Transit,LTT 1445 A,-0.34,0.256,0.27,3340.0
LTT 3780 b,0.00774,0.11821,0.76837931,0.01195,0.0,903.0,Primary Transit,LTT 3780,0.06,0.38,0.38,3358.0
LTT 3780 c,0.0253,0.2132,12.252284,0.0757,0.024000000000000007,359.0,Primary Transit,LTT 3780,0.06,0.38,0.38,3358.0
LTT 9779 b,0.09225,0.4211,0.7920641,0.01679,0.0,2000.0,Primary Transit,LTT 9779,0.24999999999999997,1.0,0.92,5445.0
Lupus-TR-3 b,0.81,0.89,3.91405,0.0464,0.0,1544.4,Primary Transit,Lupus-TR-3,0.02120000000000001,0.87,0.82,5000.0
MASCARA-1 b,3.7,1.5,2.14878,0.043,0.0,1315.4,Primary Transit,MASCARA-1,0.0,1.72,2.1,7554.0
MASCARA-3 Ab,5.18,1.272,5.5514926,0.06971,0.085,1458.0,Primary Transit,MASCARA-3 A,0.168,1.309,1.513,6347.0
MASCARA-4 Ab,1.675,1.53,2.82406,0.047,0.0,1463.8000000000002,Primary Transit,MASCARA-4 A,0.0,1.75,1.92,7800.0
MAXI J1957+032 b,,0.5,0.0422806,0.00267,0.013999999999999999,1600.8000000000002,Timing,MAXI J1957+032,0.16399999999999998,1.4,0.94,5573.0
NGTS-10 Ab,2.162,1.205,0.7668944,0.0143,0.0,1332.0,Primary Transit,NGTS-10 A,-0.02,0.696,0.697,4400.0
NGTS-11 b,0.189,0.81,35.455882,0.195,0.11,423.0,Primary Transit,NGTS-11,0.21999999999999997,0.862,0.832,5050.0
NGTS-11 c,0.063,0.429,12.77264,0.099,0.0,594.0,Primary Transit,NGTS-11,0.21999999999999997,0.862,0.832,5050.0
NGTS-12 b,0.208,1.048,7.532806,0.0757,0.0676,1257.0,Primary Transit,NGTS-12,-0.03,1.021,1.589,5690.0
NGTS-13 b,4.84,1.142,4.119027,0.0549,0.086,1605.0,Primary Transit,NGTS-13,0.24999999999999997,1.3,1.788,5918.0
NGTS-14 Ab,0.092,0.44,3.5357173,0.0403,0.0,1143.0,Primary Transit,NGTS-14 A,0.1,0.898,0.842,5187.0
NGTS-15 b,0.751,1.1,3.27623,0.0441,0.0,1146.0,Primary Transit,NGTS-15,0.15,0.995,0.954,5600.0
NGTS-16 b,0.667,1.3,4.84532,0.0523,0.0,1177.0,Primary Transit,NGTS-16,0.35,1.002,1.213,5550.0
NGTS-17 b,0.764,1.24,3.24253,0.0391,0.0,1457.0,Primary Transit,NGTS-17,0.15,1.025,1.337,5650.0
NGTS-18 b,0.409,1.21,3.05125,0.0448,0.0,1381.0,Primary Transit,NGTS-18,0.15,1.003,1.392,5610.0
NGTS-1 b,0.812,1.33,2.647298,0.0326,0.016,790.0,Primary Transit,NGTS-1,0.0,0.617,0.573,3916.0
NGTS-20 b,2.98,1.07,54.18915,0.313,0.43199999999999994,688.0,Primary Transit,NGTS-20,0.15,1.47,1.78,5980.0
NGTS-21 b,2.36,1.33,1.5433897,0.0236,0.0,1357.0,Primary Transit,NGTS-21,-0.26,0.72,0.86,4660.0
NGTS-23 b,0.613,1.267,4.076,0.0504,0.0,1327.0,Primary Transit,NGTS-23,-0.26,1.01,1.24,6057.0
NGTS-24 b,0.52,1.214,3.4678796,0.0479,0.0,1499.0,Primary Transit,NGTS-24,0.27,1.26,1.64,5820.0
NGTS-25 b,0.639,1.023,2.823093,0.0388,0.0,1101.0,Primary Transit,NGTS-25,0.13,0.91,0.86,5321.0
NGTS-26 b,0.29,1.33,4.5199279,0.049,0.0,1331.0,Primary Transit,NGTS-26,0.2,0.96,1.16,5550.0
NGTS-27 b,0.593,1.396,3.3704181,0.0446,0.0,1783.0,Primary Transit,NGTS-27,0.0,1.07,1.77,5700.0
NGTS-29 b,0.39,0.857,69.33684,0.347,0.17,414.0,Primary Transit,NGTS-29,0.18,1.034,1.006,5730.0
NGTS-2 b,0.67,1.536,4.5111204,0.0584,0.0,1638.0,Primary Transit,NGTS-2,-0.06,1.6400000000000001,1.702,6478.0
NGTS-30 b,0.96,0.93,98.29838,0.408,0.29,390.0,Primary Transit,NGTS-30,-0.03,0.94,0.913,5455.0
NGTS-31 b,1.12,1.61,4.162734,0.064,0.0,1410.0,Primary Transit,NGTS-31,-0.072,1.1178,0.94,5573.0
NGTS-32 b,0.57,1.42,3.31211,0.044,0.0,1750.0,Primary Transit,NGTS-32,-0.14400000000000002,1.0016,0.94,5573.0
NGTS-33 b,3.63,1.64,2.827972,0.048,0.0,1991.0,Primary Transit,NGTS-33,-0.09079999999999999,1.113,0.94,5573.0
NGTS-34 b,0.0601,0.3256,43.12655,0.257,0.0,624.0,Primary Transit,NGTS-34,0.228,1.266,1.367,6134.0
NGTS-35 b,0.478,0.972,25.241192,0.16,0.19,450.0,Primary Transit,NGTS-35,0.085,0.789,0.753,4717.0
NGTS-39 b,1.47,1.09,58.20472,0.3077,0.39,520.0,Primary Transit,NGTS-39,0.196,1.16,1.16,6053.0
NGTS-3 Ab,2.38,1.48,1.6753728,0.023,0.0,1621.2,Primary Transit,NGTS-3 A,0.12,1.017,0.93,5570.0
NGTS-4 b,0.0648,0.2837,1.3373508,0.019,0.0,1650.0,Primary Transit,NGTS-4,-0.28,0.75,0.84,5143.0
NGTS-5 Ab,0.229,1.136,3.3569866,0.0382,0.0,952.0,Primary Transit,NGTS-5 A,0.12,0.661,0.739,4987.0
NGTS-6 Ab,1.33,1.271,0.882058,0.016623018,0.0,1347.2,Primary Transit,NGTS-6 A,0.11,0.7876,0.656,4410.0
NGTS-8 b,0.93,1.09,2.4997,0.035,0.009999999999999995,1345.0,Primary Transit,NGTS-8,0.24,0.89,0.98,5241.0
NGTS-9 b,2.9,1.07,4.43527,0.058,0.06,1448.0,Primary Transit,NGTS-9,0.31000000000000005,1.34,1.38,6330.0
nu2 Lup b,0.01472,0.14658,11.577794,0.0963,0.079,911.0,Radial Velocity,nu2 Lup,0.06259999999999999,0.8898,0.94,5573.0
nu2 Lup c,0.0353,0.25489,27.592076,0.1717,0.03699999999999999,682.0,Radial Velocity,nu2 Lup,-0.12119999999999999,0.7816000000000001,0.94,5573.0
nu2 Lup d,0.02725,0.22366,107.1363,0.424,0.075,433.0,Radial Velocity,nu2 Lup,-0.09399999999999999,0.4216000000000001,0.94,5573.0
OGLE2-TR-L9 b,4.34,1.614,2.4855335,0.0404,0.05979999999999999,2165.2000000000003,Primary Transit,OGLE2-TR-L9,-0.05,1.42,1.503,6933.0
OGLE-TR-10 b,0.68,1.72,3.10129,0.04162,0.0,1742.4,Primary Transit,OGLE-TR-10,0.28,1.14,1.242,6075.0
OGLE-TR-111 b,0.54,1.077,4.01451,0.047,0.0,1814.2,Primary Transit,OGLE-TR-111,0.21999999999999997,0.78,0.979,4800.0
OGLE-TR-113 b,1.24,1.11,1.4324772,0.0229,0.0,1705.2000000000003,Primary Transit,OGLE-TR-113,0.14,0.73,0.817,4588.0
OGLE-TR-132 b,1.17,1.23,1.689868,0.0306,0.0,1622.3999999999999,Primary Transit,OGLE-TR-132,0.37,1.19,1.234,6210.0
OGLE-TR-182 b,1.06,1.47,3.9791,0.051,0.0,1590.4,Primary Transit,OGLE-TR-182,0.37,1.08,1.25,5924.0
OGLE-TR-211 b,0.75,1.26,3.67724,0.051,0.0,1543.4,Primary Transit,OGLE-TR-211,0.11,1.25,1.532,6325.0
OGLE-TR-56 b,1.3,1.2,1.211909,0.0225,0.0,1532.8000000000002,Primary Transit,OGLE-TR-56,0.21999999999999997,1.17,1.32,6050.0
pi Men c,0.01142,0.16719,6.267852,0.06702,0.15,1147.0,Primary Transit,pi Men,0.08,1.094,1.1,6037.0
POTS-1 b,2.31,0.941,3.1606296,0.03734,0.192,646.5999999999999,Primary Transit,POTS-1,-0.03,0.695,0.94,4400.0
PSR 1719-14 b,1.0,0.4,0.090706293,0.0044,0.06,1702.0,Timing,PSR 1719-14,0.16399999999999998,1.4,0.94,5573.0
PSR J0636+5129	b,8.5,0.74,0.0665513392,0.0036,0.094,1861.8000000000002,Timing,PSR J0636+5129,0.18200000000000002,1.4,0.94,5573.0
Qatar-10 b,0.736,1.534,1.645321,0.0286,0.0,1955.0,Primary Transit,Qatar-10,0.016,1.156,1.254,6124.0
Qatar-1 Ab,1.294,1.143,1.42002504,0.02332,0.0,1555.6000000000001,Primary Transit,Qatar-1 A,0.171,0.838,0.803,5013.0
Qatar-2 b,2.494,1.254,1.33711647,0.02153,0.0,1344.0,Primary Transit,Qatar-2,0.019999999999999997,0.74,0.78,4645.0
Qatar-3 Ab,4.31,1.096,2.5079204,0.03783,0.186,1681.0,Primary Transit,Qatar-3 A,-0.069,1.19,1.727,6207.39
Qatar-4 b,5.85,1.552,1.8053656,0.02861,0.013999999999999985,1570.0,Primary Transit,Qatar-4,0.103,0.896,0.849,5215.0
Qatar-5 b,4.32,1.107,2.8792319,0.04127,0.006599999999999995,1415.0,Primary Transit,Qatar-5,0.377,1.128,1.076,5747.0
Qatar-6 Ab,0.668,1.062,3.506189,0.0423,0.0,1006.0,Primary Transit,Qatar-6 A,-0.025,0.822,0.722,5052.0
Qatar-7 b,1.88,1.7,2.032046,0.0352,0.0,2053.0,Primary Transit,Qatar-7,0.276,1.409,1.564,6387.0
Qatar-8 b,0.371,1.285,3.71495,0.0474,0.0,1457.0,Primary Transit,Qatar-8,0.025,1.029,1.315,5687.0
Qatar-9 b,1.19,1.009,1.540731,0.0234,0.0,1134.0,Primary Transit,Qatar-9,0.24999999999999997,0.719,0.696,4309.0
Ross 176 b,0.01438,0.1642,5.0066338,0.0464,0.25,682.0,Primary Transit,Ross 176,-0.19,0.58,0.57,4061.0
Ross 318 b,,0.143,39.5047,0.159,0.060000000000000005,656.8,Radial Velocity,Ross 318,-0.018000000000000002,0.461,0.464,3450.0
Ross 458 (AB)b,11.3,1.07,18822567.51435149,1168.0,0.018799999999999997,1063.6,Imaging,Ross 458,0.0,0.6000000000000001,0.94,5573.0
SDSS J1212+0136 b,,0.95,0.061407,0.00264,0.146,1600.0,"Timing, Other",SDSS J1212+0136,-0.1842,0.61,0.012,10930.0
SOI-1 b,,1.5,1.08,0.014,0.6,1025.8,Primary Transit,SOI-1,0.15639999999999998,1.1304,0.4,5573.0
SOI-2 b,,2.22,2.1,0.0761,0.5,904.0,Primary Transit,SOI-2,-0.008000000000000007,0.8322,0.55,5573.0
SOI-7 b,,1.96,4.71,0.0761,0.55,669.2,Primary Transit,SOI-7,-0.015600000000000001,1.1252,0.52,5573.0
SPECULOOS-3 b,,0.08716,0.71912603,0.00733,0.41562,553.0,Primary Transit,SPECULOOS-3,0.018799999999999963,0.09999999999999998,0.123,2800.0
SWEEPS-04 b,3.8,0.81,4.2,0.055,0.04176,1570.6,Primary Transit,SWEEPS-04,0.1904,1.24,1.18,5573.0
SWEEPS-11 b,9.7,1.13,1.796,0.03,0.050460000000000005,670.2,Primary Transit,SWEEPS-11,0.14379999999999998,1.1,1.45,5573.0
tau Boo Ab,4.5,1.06,3.31,0.046,0.08,1159.8,Radial Velocity,tau Boo A,0.264,1.32,1.426,6466.27
TIC 117642575 b,,0.25221,4.9446,0.05888700718939091,0.015599999999999989,1685.8000000000002,Primary Transit,TIC 117642575,0.058399999999999994,1.06,1.08,5862.0
TIC 139270665 b,0.463,0.645,23.624,0.163,0.1,700.0,Primary Transit,TIC 139270665,0.15999999999999998,1.035,1.02,5844.0
TIC 139702105 b,,0.21884,6.836,0.06920098727787628,0.0802,821.4,Primary Transit,TIC 139702105,-0.28,0.9,1.254,5265.0
TIC 142589416 b,,0.2382,2.095183,0.028092953623640882,0.092,668.6,Primary Transit,TIC 142589416,0.04319999999999999,0.641,0.714,4098.0
TIC 147027702 b,1.09,0.975,44.405236,0.274,0.13,863.0,Primary Transit,TIC 147027702,-0.08,1.406,2.136,6410.0
TIC 150070085 b,,0.323,10.47423,0.10009156624434243,0.09324,945.06,Primary Transit,TIC 150070085,0.0,1.16,1.086,5999.0
TIC 150070085 c,,0.2703,15.905,0.13223259779824617,0.15904000000000001,816.71,"Primary Transit, TTV",TIC 150070085,0.0,1.16,1.086,5999.0
TIC 153919886 b,,0.25944,2.10512,0.027273447203572512,0.056999999999999995,521.2,Primary Transit,TIC 153919886,-0.14400000000000002,0.581,0.591,3828.0
TIC 154870955 b,,0.27612,7.9699,0.07455477177256178,0.0,774.2,Primary Transit,TIC 154870955,-0.09199999999999998,0.828,0.724,5000.0
TIC 160113658 b,,0.3114,6.7295,0.06472764611024129,0.1644,785.0,Primary Transit,TIC 160113658,-0.19280000000000003,0.76,0.789,4751.0
TIC 161045582 b,,0.20038,8.8558,0.08629647661121591,0.06659999999999999,870.2,Primary Transit,TIC 161045582,0.188,1.04,1.08,5806.0
TIC 165227846 b,,1.14,2.096696,0.0761,0.08126994191674733,964.7135467756585,Primary Transit,TIC 165227846,-0.0013422812997046184,0.9367040345199569,0.94,5573.0
TIC 178172313 b,,0.25016,4.3732,0.05156758285518456,0.0,1058.0,Primary Transit,TIC 178172313,-0.1652,0.91,0.843,5300.0
TIC 183374187 b,0.56,1.25,5.05907,0.059603758089548355,0.5,1380.0,Primary Transit,TIC 183374187,-0.003399999999999997,1.05,1.287,5840.0
TIC 188624430 b,,0.32546,6.2186,0.0656594243712341,0.031999999999999994,813.8,Primary Transit,TIC 188624430,-0.11599999999999999,0.929,0.786,5366.0
TIC 18942729 b,,0.18,0.9982,0.017234194644073688,0.014399999999999996,978.4,Primary Transit,TIC 18942729,0.012,0.652,0.825,4169.0
TIC 18942729 c,,0.3247,23.1108,0.13999824862819124,0.014399999999999996,978.4,Primary Transit,TIC 18942729,0.012,0.652,0.825,4169.0
TIC 198190129 b,,0.26077,7.948,0.06822479140782298,0.042,807.2,Primary Transit,TIC 198190129,0.01,0.6379999999999999,0.64,4075.0
TIC 206466666 b,,0.19163,9.1049,0.07918046883489681,0.1644,785.0,Primary Transit,TIC 206466666,-0.19280000000000003,0.76,0.667,4727.0
TIC 219893931 b,0.03763,0.2605,6.410389,0.07173337944271979,0.14300000000000002,1165.8,Primary Transit,TIC 219893931,0.0474,1.14,1.284,5956.0
TIC 231080232 b,,0.1989,12.55434,0.086,0.03400000000000001,517.7,Primary Transit,TIC 231080232,-0.07419999999999999,0.5439,0.5485,3812.0
TIC 237254473 b,0.03439,0.294,10.117702,0.09666976913969233,0.16482000000000002,1106.4,Primary Transit,TIC 237254473,0.04780000000000002,1.12,1.362,5700.0
TIC 241249530 Ab,4.98,1.19,165.7719,0.641,0.9412,1262.6,Primary Transit,TIC 241249530 A,0.09,1.271,1.397,6166.0
TIC 245076932 b,0.51,0.97,21.61389,0.157,0.43,845.0,Primary Transit,TIC 245076932,0.019999999999999997,1.117,1.288,6130.0
TIC 24750448 b,,0.2177,3.59,0.04122646340427169,0.22000000000000003,511.80000000000007,Primary Transit,TIC 24750448,-0.292,0.69,0.713,4381.0
TIC 24750448 c,,0.2757,10.14,0.08237683177259038,0.22000000000000003,511.80000000000007,Primary Transit,TIC 24750448,-0.292,0.69,0.713,4381.0
TIC 249022743 b,,0.428,2.26,0.03426907463898359,0.056,991.0,Primary Transit,TIC 249022743,-0.0524,1.0,1.208,5639.0
TIC 260969020 b,,0.19868,8.4858,0.07521636943753757,0.040600000000000004,624.2,Primary Transit,TIC 260969020,0.06999999999999999,0.75,0.6898,4685.0
TIC 262605715 b,,0.6111,1.161258,0.018,0.091,541.5999999999999,Primary Transit,TIC 262605715,0.086,0.5771,0.5867,3618.0
TIC 279401253 b,6.14,1.0,78.8,0.369,0.44999999999999996,874.4,Primary Transit,TIC 279401253,0.2,1.13,1.06,5951.0
TIC 290048573 b,,0.2552,1.483396,0.0174,0.1454,534.8,Primary Transit,TIC 290048573,-0.226,0.31800000000000017,0.336,3518.0
TIC 290487717 b,,0.59221,3.4008,0.043766997588335105,0.04,851.2,Primary Transit,TIC 290487717,0.09600000000000002,0.92,0.944,5344.0
TIC 294329732 b,,0.1853,9.7566,0.08739617393594264,0.001999999999999988,934.0,Primary Transit,TIC 294329732,0.23,0.89,0.92,5215.0
TIC 303682623 b,,0.8413,0.6806129,0.0125,0.012399999999999994,665.5999999999999,Primary Transit,TIC 303682623,0.059800000000000006,0.5583,0.5647,3469.0
TIC 311276853 b,,0.4202,5.16951,0.043,0.248,664.2,Primary Transit,TIC 311276853,-0.25,0.396,0.4037,3583.0
TIC 32032563 b,,0.3102,13.8346,0.11655679284026468,0.122,1342.2,Primary Transit,TIC 32032563,0.025,1.05,1.0,5817.0
TIC 320419023 b,,0.24739,5.2638,0.06131748175815702,0.1582,1265.8,Primary Transit,TIC 320419023,-0.004600000000000016,1.056,0.952,5848.0
TIC 34085383 b,,0.375,3.47827,0.041188274982773374,0.143,633.72,Primary Transit,TIC 34085383,0.0009999999999999996,0.733,0.81,4623.0
TIC 349520724 b,,0.25212,7.9404,0.07618246263501967,0.092,857.2,Primary Transit,TIC 349520724,0.00880000000000001,0.89,0.818,5208.0
TIC 356227008 b,,0.2132,2.9615,0.041308361269219246,0.023382,832.6,Primary Transit,TIC 356227008,0.012519999999999996,1.02,0.96,5700.0
TIC 365102760 b,0.0604,0.554,4.21285367,0.0622,0.406,1494.4,Primary Transit,TIC 365102760,0.53,1.21,3.23,4694.0
TIC 38825265 b,,0.1954,3.3134,0.038112957851436306,0.108,592.0,Primary Transit,TIC 38825265,-0.03399999999999999,0.64,0.664,4120.0
TIC 38828280 b,,0.2346,4.8556,0.053837528562205576,0.026000000000000002,915.4,Primary Transit,TIC 38828280,-0.0022000000000000023,0.84,0.741,5037.0
TIC 390586021 b,,0.2552,2.747,0.03377490941375117,0.1074,472.54,Primary Transit,TIC 390586021,-0.12,0.648,0.7265,4140.0
TIC 423703298 b,,0.2473,4.0371,0.04460351709181501,0.22000000000000003,454.80000000000007,Primary Transit,TIC 423703298,-0.17400000000000002,0.691,0.73,4415.0
TIC 434398831 b,0.0208,0.3131,3.685504,0.04641,0.04,1250.0,Primary Transit,TIC 434398831,-0.08,0.992,0.909,5638.0
TIC 434398831 c,0.0227,0.5023,6.210291,0.06572,0.012999999999999998,1050.0,Primary Transit,TIC 434398831,-0.08,0.992,0.909,5638.0
TIC 437041147 b,,0.19761,3.823,0.047506114409557564,0.083,1221.0,Primary Transit,TIC 437041147,0.243,0.931,0.961,5374.0
TIC 445839811 b,,0.22107,11.1086,0.09738920912154642,0.1014,923.6,Primary Transit,TIC 445839811,0.029,0.95,0.85,5445.0
TIC 4672985,12.74,1.026,69.048,0.33,0.018000000000000002,517.0,Primary Transit,TIC 4672985,-0.12800000000000003,1.0024,0.94,5573.0
TIC 62895484 b,,0.31172,2.8399,0.03963761134771968,0.0436,1071.2,Primary Transit,TIC 62895484,0.098,0.98,0.874,5575.0
TIC 65612701 b,,0.4702,10.181,0.09530718989934439,0.015599999999999989,1685.8000000000002,Primary Transit,TIC 65612701,0.058399999999999994,1.06,1.737,5861.0
TIC 65910228 b,4.55,1.09,180.52414,0.7,0.25,582.0,Primary Transit,TIC 65910228,0.33,1.46,1.88,6310.0
TIC 67686059 b,,0.23116,3.5216,0.04380156070179895,0.022,858.0,Primary Transit,TIC 67686059,0.023599999999999996,0.86,0.82,5102.0
TIC 77319217 b,,0.27737,7.5483,0.08045422382363918,0.051000000000000004,1372.6,Primary Transit,TIC 77319217,0.0392,1.16,1.18,6126.0
TIC 86380416 b,,0.21519,6.0409,0.06750860102796351,0.0179,1014.6,Primary Transit,TIC 86380416,0.0306,1.07,0.989,5889.0
TIC 88692598 b,,0.16175,2.6491,0.030811597110347824,0.074,478.20000000000005,Primary Transit,TIC 88692598,-0.09040000000000001,0.529,0.532,3615.0
TIC 88785435 b,,0.4488,10.508843,0.08432,0.13,635.0,Primary Transit,TIC 88785435,-0.08,0.724,0.911,3998.0
TOI-1001 Ab,,0.6316,1.932993,0.035,0.12259999999999999,1900.8,Primary Transit,TOI-1001 A,-0.2384,1.565,2.0,7070.0
TOI-1007 b,,1.2062,6.998899,0.079,0.15142,1652.6,Primary Transit,TOI-1007,0.154,1.376,2.7,6596.0
TOI-1011 b,0.01271,0.1294,2.470498,0.0346,0.0,1511.0,Primary Transit,TOI-1011,0.029999999999999995,0.91,0.92,5475.0
TOI-1019 b,,2.0894,5.227922,0.071,0.23959999999999998,1672.2000000000003,Primary Transit,TOI-1019,-0.005200000000000006,1.79,1.562,7645.0
TOI-1032 Ab,,1.4176,5.659265,0.086,0.11182,1873.2,Primary Transit,TOI-1032 A,-0.0024000000000000115,2.68,2.338,10395.0
TOI-1036 Ab,,0.58,3.78031,0.04876715680095098,0.07138,947.6,Primary Transit,TOI-1036 A,0.001280000000000005,1.03,1.175,5771.0
TOI-1052 Ab,0.0532,0.256,9.139703,0.09103,0.18,1135.0,Primary Transit,TOI-1052 A,0.14,1.204,1.264,6146.0
TOI-1062 b,0.032,0.20198,4.11412,0.052,0.179,1077.0,Primary Transit,TOI-1062,0.14,0.94,0.84,5328.0
TOI-1064 b,0.0425,0.2308,6.443868,0.06152,0.047,784.0,Primary Transit,TOI-1064,0.05,0.748,0.726,4734.0
TOI-1064 c,0.0079,0.23651,12.226574,0.09429,0.088,634.0,Primary Transit,TOI-1064,0.05,0.748,0.726,4734.0
TOI-1075 b,0.03131,0.15978,0.6047328,0.0118,0.022,1336.0,Primary Transit,TOI-1075,-0.10199999999999998,0.6000000000000001,0.58,3921.0
TOI-1080 b,,0.107,4.009455014176688,0.0272,0.13899999999999998,368.0,Primary Transit,TOI-1080,-0.25,0.16700000000000004,0.2,3065.0
TOI-1097 b,,0.25765,9.188526,0.08956436177588512,0.18,1266.6,Primary Transit,TOI-1097,-0.07,1.08,1.0,5881.0
TOI-1097 c,,0.2311,13.900148,0.11802779292722108,0.3,1266.6,Primary Transit,TOI-1097,-0.07,1.08,1.0,5881.0
TOI-1098 Ab,,0.285,10.18271,0.113,0.2,1525.0,Primary Transit,TOI-1098 A,0.08,1.21,1.19,6200.0
TOI-1105 b,,0.25935,10.8680523,0.0883097125292115,0.36060000000000003,594.0,Primary Transit,TOI-1105,-0.1228,0.74,0.756,4664.0
TOI-1107 b,3.35,1.3,4.0782387,0.0561,0.025,1728.0,Primary Transit,TOI-1107,-0.1,1.35,1.81,6311.0
TOI-1117 b,0.028,0.2195,2.22816,0.033,0.0,1538.0,Primary Transit,TOI-1117,0.136,0.97,1.05,5635.0
TOI-1130 b,0.0623,0.3265,4.074554,0.0453,0.05216,825.0,Primary Transit,TOI-1130,0.17,0.684,0.687,4250.0
TOI-1130 c,1.057,1.16,8.3501898,0.0731,0.0398,773.0,Primary Transit,TOI-1130,0.17,0.684,0.687,4250.0
TOI-1135 b,0.06428,0.8,8.027729,0.082,0.07,1050.0,Primary Transit,TOI-1135,0.0,1.125,1.16,6122.0
TOI-1136 b,0.011,0.17,4.17278,0.05106,0.026999999999999996,1216.0,Primary Transit,TOI-1136,0.07,1.022,0.968,5770.0
TOI-1136 c,0.01988,0.25685,6.2574,0.0669,0.11,1062.0,Primary Transit,TOI-1136,0.07,1.022,0.968,5770.0
TOI-1136 d,0.02627,0.4128,12.5199,0.1062,0.042,843.0,Primary Transit,TOI-1136,0.07,1.022,0.968,5770.0
TOI-1136 e,0.0191,0.23544,18.802,0.139,0.055,736.0,Primary Transit,TOI-1136,0.07,1.022,0.968,5770.0
TOI-1136 f,0.02586,0.3462,26.3213,0.174,0.0030000000000000027,658.0,Primary Transit,TOI-1136,0.07,1.022,0.968,5770.0
TOI-1136 g,0.038,0.2257,39.544,0.229,0.04,574.0,Primary Transit,TOI-1136,0.07,1.022,0.968,5770.0
TOI-1173 Ab,0.0821,0.723,7.06387,0.07,0.03,864.0,Primary Transit,TOI-1173 A,0.14,0.91,0.93,5350.0
TOI-1174 b,0.101,0.2105,8.953458,0.08,0.0,723.0,Primary Transit,TOI-1174,-0.13300000000000003,0.85,0.76,5077.0
TOI-1181 b,1.18,1.3,2.103195,0.03636716725290135,0.0774,1470.2,Primary Transit,TOI-1181,0.12,1.38,1.9,6260.0
TOI-1184 b,0.0214,0.215,5.748432,0.056,0.0,1293.2,Primary Transit,TOI-1184,0.020800000000000003,0.71,0.69,4534.0
TOI-1194 b,0.456,0.767,2.310644,0.0343,0.076,1391.0,Primary Transit,TOI-1194,0.29,1.0,0.963,5340.0
TOI-1199 b,0.239,0.938,3.671463,0.04988,0.03,1486.0,Primary Transit,TOI-1199,0.44,1.23,1.45,5710.0
TOI-1201 Ab,0.01976,0.21545,2.4919863,0.0287,0.0,703.0,Primary Transit,TOI-1201 A,0.05,0.512,0.508,3476.0
TOI-1203 Ab,0.01104,0.1356,4.1572888,0.04869,0.067,1361.2,Primary Transit,TOI-1203 A,-0.39,0.886,1.179,5737.0
TOI-1203 Ad,0.02325,0.26033,25.502672,0.1632,0.032,743.6,Primary Transit,TOI-1203 A,-0.39,0.886,1.179,5737.0
TOI-1221 b,3.5,0.2596,91.68278,0.39,0.21000000000000002,400.0,Primary Transit,TOI-1221,0.0,1.03,0.993,5700.0
TOI-1224 b,,0.187,4.1782745,0.0355,0.20794,541.0,Primary Transit,TOI-1224,-0.19799999999999998,0.4,0.404,3326.0
TOI-1224 c,,0.2569,17.945466,0.10049703343140244,0.0,1132.8,Primary Transit,TOI-1224,-0.062200000000000005,0.4,0.404,3326.0
TOI-1226 b,,0.2079,3.92878505676442,0.049709880841339905,0.7001999999999999,1123.0,Primary Transit,TOI-1226,0.129,1.01,0.987,5668.0
TOI-1227 Bb,,0.854,27.36397,0.0886,0.057999999999999996,425.79999999999995,Radial Velocity,TOI-1227 B,0.00040000000000001753,0.17000000000000004,0.56,3072.0
TOI-122 b,0.0277,0.2427,5.0780375,0.0392,0.11479999999999999,431.0,Primary Transit,TOI-122,-0.134,0.31200000000000017,0.334,3403.0
TOI-1230 b,,0.29,25.06,0.17801328429432112,0.14300000000000002,1165.8,Primary Transit,TOI-1230,0.0474,1.14,1.153,6083.0
TOI-1231 b,0.0485,0.3256,24.245586,0.1288,0.087,330.0,Primary Transit,TOI-1231,0.05,0.485,0.476,3562.0
TOI-1232 b,0.964,0.975,14.256,0.117,0.065,1431.6000000000001,Primary Transit,TOI-1232,0.0274,1.05,1.096,5818.0
TOI-1235 b,0.0186,0.15113,3.444717,0.03826,0.24380000000000002,775.0,Primary Transit,TOI-1235,0.33,0.63,0.619,3997.0
TOI-1238 b,0.01183,0.1079,0.764597,0.0139,0.25,1130.0,Primary Transit,TOI-1238,0.31000000000000005,0.59,0.58,4089.0
TOI-1238 c,0.02618,0.1882,3.294736,0.037,0.15,700.0,Primary Transit,TOI-1238,0.31000000000000005,0.59,0.58,4089.0
TOI-1243 b,0.0242,0.2079,4.6594779,0.0437,0.0998,450.0,Primary Transit,TOI-1243,-0.2,0.515,0.511,3515.0
TOI-1244 b,0.0208,0.2025,6.4003,0.061,0.0,1177.6,Primary Transit,TOI-1244,-0.02319999999999999,0.73,0.72,4600.0
TOI-1246 Ab,0.0255,0.2685,4.30744,0.049,0.034,1221.4,Primary Transit,TOI-1246 A,0.17,0.87,0.86,5141.0
TOI-1246 Ac,0.0277,0.2239,5.904144,0.061,0.034,1221.4,Primary Transit,TOI-1246 A,0.17,0.87,0.86,5141.0
TOI-1246 Ad,0.0167,0.3131,18.6559,0.131,0.034,1221.4,Primary Transit,TOI-1246 A,0.17,0.87,0.86,5141.0
TOI-1246 Ae,0.0466,0.3372,37.9216,0.211,0.034,1221.4,Primary Transit,TOI-1246 A,0.17,0.87,0.86,5141.0
TOI-1247 b,0.0179,0.2239,15.92346,0.12678127141874845,0.42000000000000004,815.0,Primary Transit,TOI-1247,-0.11200000000000002,1.02,1.076,5712.0
TOI-1248 Ab,0.0862,0.607,4.3601561,0.051,0.0,1473.0000000000002,Primary Transit,TOI-1248 A,-0.03380000000000001,0.89,0.87,5227.0
TOI-1249 b,0.0374,0.2899,13.079151,0.109,0.0,1102.0,Primary Transit,TOI-1249,-0.17340000000000003,0.95,1.0,5453.0
TOI-1259 Ab,0.415,1.035,3.4779792,0.0408,0.0,963.0,Primary Transit,TOI-1259 A,-0.5,0.744,0.711,4775.0
TOI-125 b,0.0299,0.2432,4.65382,0.05186,0.194,1037.0,Primary Transit,TOI-125,-0.02,0.859,0.848,5320.0
TOI-125 c,0.02086,0.24614,9.15059,0.0814,0.066,827.8,Primary Transit,TOI-125,-0.02,0.859,0.848,5320.0
TOI-125 d,0.0428,0.2614,19.98,0.137,0.168,638.1,Primary Transit,TOI-125,-0.02,0.859,0.848,5320.0
TOI-1260 b,0.02693,0.215,3.127463,0.0367,0.0,871.0,Primary Transit,TOI-1260,-0.07720000000000002,0.66,0.65,4227.0
TOI-1260 c,0.0415,0.2462,7.493134,0.0657,0.0,651.0,Primary Transit,TOI-1260,-0.114,0.66,0.65,4227.0
TOI-1260 d,0.03725,0.2783,16.608,0.1116,0.0,499.0,Primary Transit,TOI-1260,-0.021600000000000005,0.66,0.65,4227.0
TOI-1266 b,0.01381,0.2337,10.894841,0.0728,0.22000000000000003,425.0,Primary Transit,TOI-1266,-0.05,0.45,0.42,3600.0
TOI-1266 c,0.00934,0.19,18.801611,0.1047,0.34,354.0,Primary Transit,TOI-1266,-0.05,0.45,0.42,3600.0
TOI-1268 b,0.29,0.82,8.1577094,0.072,0.09,919.0,Primary Transit,TOI-1268,0.24999999999999997,0.96,0.92,5200.0
TOI-1269 b,0.0201,0.2025,4.2529913,0.05,0.0,914.8,Primary Transit,TOI-1269,0.033720000000000014,1.19,0.94,5517.0
TOI-1269 c,0.0214,0.1989,9.237885,0.083,0.0,914.8,Primary Transit,TOI-1269,0.033720000000000014,1.19,0.94,5517.0
TOI-1272 b,0.0774,0.3693,3.31599,0.0412,0.338,961.0,Primary Transit,TOI-1272,0.11489200000000001,0.9380000000000001,0.94,5573.0
TOI-1273 b,0.222,0.99,4.631296,0.0549,0.055,1211.0,Primary Transit,TOI-1273,0.07,1.06,1.06,5690.0
TOI-1279 b,0.0334,0.2373,9.614216,0.0847,0.008999999999999994,851.4,Primary Transit,TOI-1279,-0.034,0.96,0.84,5477.0
TOI-1288 b,0.132,0.4675,2.6998,0.0429,0.064,1266.0,Primary Transit,TOI-1288,0.07,0.89,1.01,5225.0
TOI-128 Ab,,0.1981,4.9404764,0.054,0.054569999999999994,1344.0,Primary Transit,TOI-128 A,-0.11259999999999999,0.85,1.13,6060.0
TOI-1291 b,,0.45089,7.16199,0.0785681101430558,0.05484,1649.0,Primary Transit,TOI-1291,0.03480000000000001,1.2,1.81,6230.0
TOI-1294 b,0.1957,0.8199,3.91529,0.0489,0.07,968.8,Primary Transit,TOI-1294,0.27,1.02,1.581,5714.0
TOI-1295 b,1.42,1.4,3.1968838,0.047,0.024000000000000007,2360.0,Primary Transit,TOI-1295,0.15999999999999998,1.32,1.74,6269.0
TOI-1296 b,,1.231,3.9443715,0.0497,0.055,1562.0,Primary Transit,TOI-1296,0.44,1.17,1.664,5603.0
TOI-1298 b,0.356,0.841,4.537164,0.059,0.032,1388.0,Primary Transit,TOI-1298,0.49,1.44,1.412,5889.0
TOI-132 Ab,0.0705,0.3051,2.1097019,0.026,0.059,1395.0,Primary Transit,TOI-132 A,0.15999999999999998,0.97,0.9,5397.0
TOI-1333 Ab,2.37,1.396,4.720219,0.0626,0.073,1679.0,Primary Transit,TOI-1333 A,0.12,1.464,1.925,6274.0
TOI-1338 (AB)b,0.069,0.5986,95.174,0.4607,0.088,724.0,Primary Transit,TOI-1338,-0.4,0.8460000000000001,3.1,5723.0
TOI-1346 b,,0.1989,5.502558,0.05805118927629526,0.0574,928.0,Primary Transit,TOI-1346,-0.01,0.82,0.78,5099.0
TOI-1346 c,,0.2935,1.7622538,0.027173589219706713,0.037599999999999995,1324.0,Primary Transit,TOI-1346,-0.01,0.82,0.78,5099.0
TOI-1347 b,0.0384,0.161,0.847423431,0.0171,0.0,1400.0,Primary Transit,TOI-1347,0.04000000000000001,0.913,0.83,5464.0
TOI-1347 c,0.0088,0.143,4.841962,0.05525029421028733,0.0,1000.0,Primary Transit,TOI-1347,0.04000000000000001,0.913,0.83,5464.0
TOI-1386 b,0.148,0.54,25.83839,0.1732,0.06,676.0,Primary Transit,TOI-1386,-0.08500000000000002,0.81,0.94,5573.0
TOI-139 b,6.6119,0.2192,11.07085,0.08734413721810234,0.057999999999999996,561.0,Primary Transit,TOI-139,0.05399999999999999,0.69,0.7,4405.0
TOI-1408 b,1.866,2.23,4.42587,0.05778,0.0022999999999999965,1580.4,Primary Transit,TOI-1408,0.24999999999999997,1.31,1.53,6117.0
TOI-1408 c,0.0239,0.1981,2.1664,0.03587,0.1353,1276.32,Primary Transit,TOI-1408,0.24999999999999997,1.31,1.53,6117.0
TOI-1410 Ab,0.0393,0.277,1.21687,0.0207,0.0,1236.7,Primary Transit,TOI-1410 A,-0.02379999999999999,0.71,0.78,4507.0
TOI-1411 Ab,0.0063,0.1213,1.4520358,0.02122,0.13999999999999999,1136.0,Primary Transit,TOI-1411 A,-0.3022,0.59,0.66,4266.0
TOI-1416 b,0.01095,0.1445,1.0697564,0.019,0.0,1517.0,Primary Transit,TOI-1416,0.08,0.798,0.793,4884.0
TOI-1420 b,0.079,1.0608,6.9561063,0.071,0.17,957.0,Primary Transit,TOI-1420,0.29,0.987,0.923,5493.0
TOI-1422 b,0.0299,0.3417,12.99894,0.107,0.04,870.0,Primary Transit,TOI-1422,-0.09,0.981,1.019,5840.0
TOI-1422 c,0.044,0.2329,34.5633,0.205,0.14,628.0,Primary Transit,TOI-1422,-0.09,0.981,1.019,5840.0
TOI-1430 b,0.01306,0.1766,7.4341325,0.0706,0.0,813.0,Primary Transit,TOI-1430,-0.01,0.843,0.789,5037.0
TOI-1431 b,3.14,1.508,2.65022,0.047,0.009999999999999995,2370.0,Primary Transit,TOI-1431,0.43000000000000005,1.9,1.92,7690.0
TOI-1437 b,0.0302,0.1998,18.840942,0.14,0.17,1099.2,Primary Transit,TOI-1437,-0.492,1.1,1.17,6008.0
TOI-1439 b,0.1211,0.3256,27.644,0.192,0.16,1043.2,Primary Transit,TOI-1439,0.026000000000000002,1.0,1.62,5873.0
TOI-1442 b,0.005,0.1044,0.41,0.0071,0.145,1072.0,Primary Transit,TOI-1442,0.023999999999999983,0.29000000000000004,0.31,3330.0
TOI-1443 b,0.094,0.196,23.540678,0.147,0.0,582.0,Primary Transit,TOI-1443,0.0023999999999999837,0.89,0.75,5236.0
TOI-1444 b,0.01218,0.12463,0.4702694,0.01176278584905371,0.0,1456.6000000000001,Primary Transit,TOI-1444,0.13,0.934,0.907,5430.0
TOI-1448 b,0.0614,0.2453,8.112245,0.0567,0.36,389.0,Primary Transit,TOI-1448,0.37,0.37,0.38,3412.0
TOI-1450 Ab,0.00396,0.1008,2.0439276,0.02491760953645124,0.0494,722.0,Primary Transit,TOI-1450 A,-0.12,0.47,0.474,3437.0
TOI-1451 b,0.0478,0.2329,16.537944,0.127,0.0,1226.0,Primary Transit,TOI-1451,0.05919999999999999,1.04,1.028,5800.0
TOI-1452 Ab,0.01517,0.14917,11.06201,0.061,0.0,300.0,Primary Transit,TOI-1452 A,-0.07,0.249,0.275,3185.0
TOI-1453 Ab,0.0039,0.1044,4.3135225,0.047150555142015875,0.0,1385.2,Primary Transit,TOI-1453 A,-0.31,0.715,0.72,4975.0
TOI-1453 Ac,0.00928,0.1981,6.5886982,0.06253625096330082,0.0,1385.2,Primary Transit,TOI-1453 A,-0.31,0.715,0.72,4975.0
TOI-1466 b,,0.21474,1.8718991,0.026314776564336367,0.023999999999999987,1001.0,Primary Transit,TOI-1466,0.1148,0.66,0.75,4201.0
TOI-1467 b,0.028,0.1633,5.97199,0.0495,0.0,526.0,Primary Transit,TOI-1467,-0.013999999999999997,0.49,0.49,3834.0
TOI-1468 b,0.0101,0.1142,1.8805136,0.0208,0.0418,682.2,Primary Transit,TOI-1468,-0.039999999999999994,0.33899999999999997,0.344,3496.0
TOI-1468 c,0.02089,0.18414,15.532482,0.0849,0.0632,337.5,Primary Transit,TOI-1468,-0.039999999999999994,0.33899999999999997,0.344,3496.0
TOI-1470 b,0.02303,0.1945,2.527093,0.0285,0.3,640.0,Primary Transit,TOI-1470,0.0,0.471,0.469,3709.0
TOI-1470 c,0.02278,0.2204,18.08816,0.106,0.5,330.0,Primary Transit,TOI-1470,0.0,0.471,0.469,3709.0
TOI-1471 b,0.031,0.348,20.772907,0.1438,0.22000000000000003,663.0,Primary Transit,TOI-1471,-0.068,1.022,0.9662,5609.0
TOI-1471 c,0.0576,0.29824,52.563491,0.2669,0.23000000000000004,487.0,Primary Transit,TOI-1471,0.0184,1.022,0.9662,5609.0
TOI-1472 b,0.0519,0.3711,6.36381,0.065,0.0,1687.8,Primary Transit,TOI-1472,0.04640000000000001,0.86,0.86,5100.0
TOI-1472 c,0.06648,0.2971,15.5381747,0.116,0.17,662.0,Primary Transit,TOI-1472,-0.040400000000000005,0.86,0.86,5100.0
TOI-1473 Ab,0.034,0.2186,5.254467,0.06189535096660102,0.0,1194.0,Primary Transit,TOI-1473 A,-0.07440000000000001,1.09,0.99,5958.0
TOI-1478 b,0.847,1.06,10.180249,0.0903,0.025,918.0,Primary Transit,TOI-1478,0.08,0.946,1.05,5595.0
TOI-150 b,2.51,1.255,5.857487,0.0643,0.262,1404.0,Primary Transit,TOI-150,0.24999999999999997,1.249,1.551,6029.0
TOI-1516 Ab,3.05,1.57,2.05601399,0.0322,0.12,1988.0,Primary Transit,TOI-1516 A,-0.3,1.1,1.35,6426.0
TOI-1518 b,1.83,1.878,1.90261131,0.03712,0.009999999999999995,2892.0,Primary Transit,TOI-1518,-0.1,1.79,1.95,7300.0
TOI-1533 b,0.0884,0.2578,3.6457974,0.0445,0.0,1084.0,Primary Transit,TOI-1533,0.24,0.88,0.849,5146.0
TOI-1533 c,0.1152,0.669,8.0637926,0.076,0.0,829.0,Primary Transit,TOI-1533,0.24,0.88,0.849,5146.0
TOI-157 b,1.18,1.286,2.0845435,0.0318,0.0,1588.0,Primary Transit,TOI-157,0.24,0.948,1.167,5404.0
TOI-159 Ab,3.49,1.622,3.7628396,0.056,0.24,1209.6,Primary Transit,TOI-159 A,0.3,1.66,1.62,7294.0
TOI-1601 b,0.99,1.239,5.331751,0.06864,0.036,1619.0,Primary Transit,TOI-1601,0.329,1.517,2.186,5948.0
TOI-1605 b,0.6963,0.9225,8.7099,0.08258,0.28,1416.0,Primary Transit,TOI-1605,0.0,0.989,1.593,5597.0
TOI-1634 Ab,0.01545,0.1597,0.989343,0.01545,0.16,924.0,Primary Transit,TOI-1634 A,0.23,0.502,0.45,3550.0
TOI-163 b,1.22,1.489,4.231306,0.058,0.0,1669.0,Primary Transit,TOI-163,0.21999999999999997,1.4352,1.648,6495.0
TOI-1648 b,0.0233,0.2266,7.331602,0.0694,0.18,799.0,Primary Transit,TOI-1648,-0.10600000000000001,0.82,0.83,4836.0
TOI-1669 b,0.0132,0.214,2.68005,0.0761,0.08126994191674733,964.7135467756585,Primary Transit,TOI-1669,-0.0013422812997046184,0.9367040345199569,0.94,5573.0
TOI-1670 b,0.0434,0.1838,10.98462,0.103,0.59,1062.0,Primary Transit,TOI-1670,0.09,1.21,1.316,6170.0
TOI-1670 c,0.58,0.97,40.7750145,0.249,0.067,684.0,Primary Transit,TOI-1670,0.09,1.21,1.316,6170.0
TOI-1680 b,0.01001,0.13079,4.8026,0.03144,0.0,485.99999999999994,Primary Transit,TOI-1680,0.09,0.17999999999999994,0.213,3224.0
TOI-1683 b,0.025,0.232,3.05752578,0.036,0.057999999999999996,927.0,Primary Transit,TOI-1683,0.05399999999999999,0.69,0.695,4402.0
TOI-1685 b,0.00966,0.1267,0.66813923,0.01164,0.0,1000.0,Primary Transit,TOI-1685,-0.13,0.495,0.492,3434.0
TOI-1691 b,0.0459,0.2614,16.7369,0.126,0.0,1208.6000000000001,Primary Transit,TOI-1691,-0.1228,1.03,1.0,5760.0
TOI-1693 b,0.0088,0.1258,1.7666957,0.0226,0.05159999999999999,764.0,Primary Transit,TOI-1693,-0.514,0.49,0.46,3499.0
TOI-1694 b,0.0809,0.48702,3.77018,0.0761,0.1152,1137.0,Primary Transit,TOI-1694,-0.014600000000000004,0.8136,0.94,5573.0
TOI-1695 b,0.0182,0.17,3.1342788,0.033548,0.1,590.0,Primary Transit,TOI-1695,0.0,0.54,0.53,3630.0
TOI-1696 Ab,0.1787,0.2891,2.50031,0.0235,0.0,533.0,Primary Transit,TOI-1696 A,0.336,0.255,0.2775,3185.0
TOI-169 b,0.791,1.086,2.2554477,0.03524,0.0,1715.0,Primary Transit,TOI-169,0.24,1.147,1.288,5880.0
TOI-1710 Ab,0.0579,0.4595,24.283385,0.164,0.185,730.0,Primary Transit,TOI-1710 A,0.1,0.984,0.968,5665.0
TOI-1716 b,0.0151,0.2471,8.0824,0.081,0.0,914.8,Primary Transit,TOI-1716,0.033720000000000014,1.19,0.94,5878.0
TOI-1718 b,,0.37854,5.5870396,0.06115691464618473,0.1598,948.0,Primary Transit,TOI-1718,0.2,0.93,0.94,5378.0
TOI-1722 b,,0.34481,9.605,0.09452870467498477,0.0021999999999999936,1210.2,Primary Transit,TOI-1722,0.09980000000000001,1.162,1.094,6137.0
TOI-1723 b,0.0327,0.27,13.72641,0.114,0.0,1208.6000000000001,Primary Transit,TOI-1723,-0.1228,1.03,1.09,5573.0
TOI-1728 b,0.08426,0.4505,3.49151,0.0391,0.05700000000000001,767.0,Primary Transit,TOI-1728,0.24999999999999997,0.646,0.6243,3980.0
TOI-172 Ab,5.41,0.965,9.47721,0.0913,0.3805,1198.0,Primary Transit,TOI-172 A,0.146,1.124,1.774,5644.0
TOI-1732 b,,0.19832,4.11922311925856,0.04346067020254639,0.05159999999999999,658.0,Primary Transit,TOI-1732,-0.00500000000000001,0.614,0.632,3876.0
TOI-1736 Ab,0.0387,0.2837,7.073091,0.073,0.0,1099.78,Primary Transit,TOI-1736 A,0.13800000000000004,1.08,1.15,5807.0
TOI-1739 b,0.013,0.15122,8.303342,0.0742,0.15839999999999999,756.0,Primary Transit,TOI-1739,0.07,0.79,0.751,4922.0
TOI-1742 b,0.0305,0.2114,21.269084,0.154,0.3,1155.0,Primary Transit,TOI-1742,-0.0038000000000000043,1.02,1.16,5707.0
TOI-1743 b,0.0145,0.1633,4.266046,0.0359,0.052000000000000005,485.0,Primary Transit,TOI-1743,0.21999999999999997,0.33899999999999997,0.338,3277.0
TOI-1744 Ab,,0.265,22.341702927,0.16680213390675286,0.69,915.4,Primary Transit,TOI-1744 A,-0.005599999999999998,1.18,1.139,6179.0
TOI-1749 Ab,0.06,0.124,2.38839,0.0291,0.020000000000000004,831.0,Primary Transit,TOI-1749 A,-0.26,0.58,0.55,3985.0
TOI-1749 Ac,0.0066,0.1891,4.4929,0.0443,0.007000000000000006,673.0,Primary Transit,TOI-1749 A,-0.26,0.58,0.55,3985.0
TOI-1749 Ad,0.0135,0.2248,9.0497,0.0707,0.015,533.0,Primary Transit,TOI-1749 A,-0.26,0.58,0.55,3985.0
TOI-1750 b,,0.23365,11.3373613975694,0.09192561268441791,0.2636,613.0,Primary Transit,TOI-1750,0.007999999999999998,0.767,0.768,4765.0
TOI-1751 b,0.0538,0.2489,37.468489,0.2115,0.26,1265.6,Primary Transit,TOI-1751,-0.5,1.15,1.17,6116.0
TOI-1752 b,0.01284,0.1508,0.9351861,0.01624,0.107,1036.0,Primary Transit,TOI-1752,-0.11,0.524,0.53,3762.0
TOI-1752 c,0.0164,0.116,32.71443,0.1614,0.0312,291.0,Primary Transit,TOI-1752,-0.11,0.524,0.53,3762.0
TOI-1753 b,0.0522,0.2088,5.3846104,0.059,0.0,1391.6,Primary Transit,TOI-1753,0.03799999999999999,1.02,0.95,5700.0
TOI-1756 b,,0.1526,2.78301136608212,0.03237414706254763,0.027399999999999994,696.0,Primary Transit,TOI-1756,-0.008200000000000004,0.556,0.562,3756.0
TOI-1758 b,0.0217,0.303,20.705127,0.138,0.0,1151.4,Primary Transit,TOI-1758,-0.086,0.88,0.8,5170.0
TOI-1759 Ab,0.0214,0.273,18.849975,0.1176,0.0,433.0,Primary Transit,TOI-1759 A,0.2,0.61,0.6,4036.0
TOI-1775 b,0.302,0.776,10.2405549,0.082,0.0,760.0,Primary Transit,TOI-1775,-0.07999999999999999,0.9,0.84,5251.0
TOI-1776 b,0.0044,0.1088,2.799868,0.0378,0.0,1391.6,Primary Transit,TOI-1776,0.03799999999999999,1.02,0.95,5724.0
TOI-1778 b,0.02637,0.24133,6.527282,0.072,0.23000000000000004,989.8,Primary Transit,TOI-1778,0.18,1.17,1.31,6046.0
TOI-1782 b,,0.16407,1.829024227,0.02574,0.07980000000000001,624.2,Primary Transit,TOI-1782,-0.12199999999999998,0.68,0.668,4336.0
TOI-1782 c,,0.21126,4.987641028,0.05024,0.07980000000000001,624.2,Primary Transit,TOI-1782,-0.12199999999999998,0.68,0.668,4336.0
TOI-1789 b,0.7,1.4,3.208666,0.04873,0.0558,1929.0,Primary Transit,TOI-1789,0.37,1.499,2.172,5984.0
TOI-178 b,0.00472,0.10278,1.914558,0.02607,0.22899999999999998,1040.0,Primary Transit,TOI-178,-0.23,0.65,0.651,4316.0
TOI-178 c,0.01501,0.1489,3.23845,0.037,0.18,873.0,Primary Transit,TOI-178,-0.23,0.65,0.651,4316.0
TOI-178 d,0.00947,0.22946,6.5577,0.0592,0.0694,690.0,Primary Transit,TOI-178,-0.23,0.65,0.651,4316.0
TOI-178 e,0.01214,0.1969,9.961881,0.0783,0.2034,600.0,Primary Transit,TOI-178,-0.23,0.65,0.651,4316.0
TOI-178 f,0.02429,0.20403,15.231915,0.1039,0.1136,521.0,Primary Transit,TOI-178,-0.23,0.65,0.651,4316.0
TOI-178 g,0.0124,0.256,20.7095,0.1275,0.238,470.0,Primary Transit,TOI-178,-0.23,0.65,0.651,4316.0
TOI-1794 b,0.0274,0.27,8.765528,0.082,0.0,1391.6,Primary Transit,TOI-1794,0.03799999999999999,1.02,1.3,5707.0
TOI-1798 b,0.0205,0.2462,8.02154,0.074,0.0,1544.4,Primary Transit,TOI-1798,0.02120000000000001,0.87,0.78,5165.0
TOI-1798 c,0.0176,0.125,0.4378146,0.0107,0.0,2122.0,Primary Transit,TOI-1798,-0.04440000000000002,0.87,0.78,5165.0
TOI-1799 b,0.013,0.1445,7.085738,0.071,0.0,1280.0,Primary Transit,TOI-1799,0.014200000000000003,1.0,0.96,5690.0
TOI-179 Ab,0.0758,0.2436,4.1374386,0.0476,0.34,935.0,Primary Transit,TOI-179 A,-0.05,0.807,0.798,5083.0
TOI-1801 Ab,0.018214,0.1865,10.64396,0.078,0.074,490.0,Primary Transit,TOI-1801 A,-0.08859999999999998,0.54,0.55,3815.0
TOI-1803 b,0.0324,0.2668,6.293287,0.06,0.11599999999999999,747.0,Primary Transit,TOI-1803,0.014,0.756,0.715,4687.0
TOI-1803 c,0.019,0.3827,12.885779,0.097,0.22980000000000006,588.0,Primary Transit,TOI-1803,0.014,0.756,0.715,4687.0
TOI-1806 b,,0.303,15.1454693,0.0877,0.26488000000000006,337.0,Primary Transit,TOI-1806,-0.22200000000000003,0.39,0.4,3272.0
TOI-1807 b,0.00809,0.1222,0.549374,0.012,0.0,1499.0,Primary Transit,TOI-1807,-0.029,0.75,0.68,4757.0
TOI-1811 b,0.974,1.0,3.7130818,0.04393,0.061,961.0,Primary Transit,TOI-1811,0.32,0.819,0.773,4673.0
TOI-1814 b,,0.4586,6.36846268332472,0.0761,0.04279999999999999,998.0,Primary Transit,TOI-1814,0.33,0.9988,2.39,4971.0
TOI-181 b,0.1567,0.598,4.532055,0.049,0.19,877.0,Primary Transit,TOI-181,0.27199999999999996,0.781,0.74,4994.0
TOI-1820 Ab,2.3,1.12,4.8607,0.069,0.043,1295.0,Primary Transit,TOI-1820 A,0.14,1.04,1.51,5734.0
TOI-1823 b,0.2121,0.6727,38.8,0.212,0.0,486.0,"Radial Velocity, Primary Transit",TOI-1823,0.243,0.841,0.805,4927.0
TOI-1824 Ab,0.0582,0.2346,22.80857,0.149,0.0,577.0,Primary Transit,TOI-1824 A,0.05,0.85,0.8,5180.0
TOI-1836 Ab,0.092,0.78188,20.38084,0.1577,0.13,1211.0,Primary Transit,TOI-1836 A,-0.098,1.29,1.611,6369.0
TOI-1836 Ac,0.025,0.232,1.7727471,0.03089,0.0,2007.6,Primary Transit,TOI-1836 A,-0.098,1.29,1.611,6369.0
TOI-1839 b,,0.1981,1.22,0.02220848486178261,0.09028,1073.6,Primary Transit,TOI-1839,0.252,0.934,0.848,5382.7
TOI-1839 c,,0.215,4.02,0.04917711859419834,0.09028,1073.6,Primary Transit,TOI-1839,0.252,0.934,0.848,5382.7
TOI-1842 b,0.214,1.04,9.5739,0.1,0.037599999999999995,1748.4,Primary Transit,TOI-1842,0.21999999999999997,1.46,2.02,6230.0
TOI-1846 b,0.0138,0.15987,3.9306737,0.03646,0.17500000000000002,568.0,Primary Transit,TOI-1846,0.169,0.4179999999999999,0.397,3568.0
TOI-1853 b,0.040571,0.324465,1.243702,0.021539994625299323,0.023399999999999997,1510.96,Primary Transit,TOI-1853,0.205,0.82,0.84,4969.0
TOI-1855 Ab,1.133,1.65,1.36414864,0.02398,0.033,1700.0,"Primary Transit, Radial Velocity",TOI-1855 A,-0.060600000000000015,0.987,0.94,5573.0
TOI-1859 Ab,,0.87,63.3847,0.337,0.57,1533.0,Primary Transit,TOI-1859 A,0.12,1.29,1.36,6341.0
TOI-1860 Ab,0.0069,0.1169,1.062107,0.0204,0.0641,1885.0,Primary Transit,TOI-1860 A,-0.014000000000000005,0.99,0.94,5752.0
TOI-1873 b,,0.27692,7.00568049251826,0.07321818907205416,0.0474,923.0,Primary Transit,TOI-1873,0.12240000000000001,1.015,0.971,5700.0
TOI-1883 b,0.0431,0.5041,4.50638,0.0468,0.04,524.92,Primary Transit,TOI-1883,0.32,0.492,0.494,3477.0
TOI-1885 b,1.6248,1.2187,6.54406,0.0728,0.04,1524.0,Primary Transit,TOI-1885,0.029999999999999995,1.2,1.757,6232.0
TOI-1899 b,0.67,0.99,29.090312,0.1525,0.044,378.0,Primary Transit,TOI-1899,0.31000000000000005,0.627,0.607,3841.0
TOI-1937 Ab,2.01,1.247,0.94667944,0.01932,0.0,2097.0,Primary Transit,TOI-1937 A,0.196,1.072,1.08,5814.0
TOI-199 Ab,0.17,0.97,104.869,0.48,0.105,325.0,Primary Transit,TOI-199 A,0.21999999999999997,0.936,0.82,5255.0
TOI-2000 b,0.0324,0.2355,3.098331,0.0426,0.0,1475.0,Primary Transit,TOI-2000,0.438,1.074,1.113,5607.0
TOI-2000 c,0.2382,0.711,9.1270553,0.0875,0.064,1029.0,Primary Transit,TOI-2000,0.438,1.074,1.113,5607.0
TOI-2005 b,6.4,1.07,17.305904,0.16,0.6,1693.6,Primary Transit,TOI-2005,-0.009600000000000022,1.59,2.02,7130.0
TOI-2010 Ab,1.286,1.054,141.834025,0.5516,0.21200000000000002,400.0,Primary Transit,TOI-2010 A,0.17,1.112,1.075,5929.0
TOI-2015 b,0.0289,0.2953,3.348237,0.0293,0.079,531.0,Primary Transit,TOI-2015,0.05,0.3420000000000001,0.333,3194.0
TOI-2018 b,0.0289,0.2025,7.435583,0.06285382621534291,0.0,652.0,Primary Transit,TOI-2018,-0.58,0.57,0.62,4174.0
TOI-2018 c,0.0113,0.1374,11.244,0.08280735786706354,0.0,1379.4,Primary Transit,TOI-2018,-0.58,0.57,0.62,4174.0
TOI-2019 b,0.1089,0.505,15.3444,0.1203,0.09,1495.2,Primary Transit,TOI-2019,0.41,0.987,1.797,5588.0
TOI-201 b,0.59,1.01,52.97804,0.3,0.275,635.7,Primary Transit,TOI-201,0.24,1.316,1.317,6394.0
TOI-201 d,0.016,0.12811,5.84924,0.0677,0.116,1337.6,Primary Transit,TOI-201,0.24,1.316,1.317,6394.0
TOI-2025 b,4.4,1.12,8.872086,0.089,0.44,1186.0,Primary Transit,TOI-2025,0.18,1.32,1.56,5880.0
TOI-2031 Ab,0.8,1.267,5.71548654,0.066,0.0,1358.0,Primary Transit,TOI-2031 A,-0.24,1.174,1.241,6490.0
TOI-203 b,,0.107,52.0,0.1626607499265042,0.12,341.79999999999995,Primary Transit,TOI-203,-0.04200000000000001,0.20199999999999996,0.232,3209.0
TOI-2040 b,0.78,0.92,3.8608576,0.0473,0.1,1070.0,Primary Transit,TOI-2040,0.3,0.92,0.87,5486.0
TOI-2045 b,0.6639,1.1316,9.077534,0.093,0.0,1236.0,Primary Transit,TOI-2045,0.072,1.157,1.723,6125.85
TOI-2046 b,2.3,1.44,1.4971842,0.027308007321455684,0.1112,1293.6,Primary Transit,TOI-2046,0.04000000000000001,1.153,1.237,6160.0
TOI-2048 b,,0.1838,13.79,0.19,0.13,803.8,Primary Transit,TOI-2048,0.019999999999999997,0.83,0.79,5185.0
TOI-2049 b,1.53,1.485,5.303468,0.06919,0.054,1869.0,Primary Transit,TOI-2049,0.31000000000000005,1.57,3.2,6164.0
TOI-205 b,,0.1936,4.252985694067112,0.05550768493980103,0.2188,1800.0,Primary Transit,TOI-205,0.13,1.2,1.454,6222.0
TOI-2068 Ab,0.0138,0.1624,7.768915,0.0632,0.0184,521.0,Primary Transit,TOI-2068 A,0.27,0.559,0.535,3710.0
TOI-206 b,0.0069,0.116,0.7363104,0.0112,0.0742,910.0,Primary Transit,TOI-206,-0.20800000000000002,0.35,0.35,3383.0
TOI-2071 b,,0.2308,5.6739336,0.0646046838508015,0.22905999999999999,1029.0,Primary Transit,TOI-2071,0.048,1.063,1.0,5873.0
TOI-2076 b,0.0107,0.2266,10.35523,0.088,0.024799999999999996,870.0,Primary Transit,TOI-2076,-0.03,0.849,0.758,5200.0
TOI-2076 c,0.0145,0.2989,21.01549,0.1411,0.0116,734.0,Primary Transit,TOI-2076,-0.03,0.849,0.758,5200.0
TOI-2076 d,0.023,0.2935,35.12551,0.1988,0.1096,648.0,Primary Transit,TOI-2076,-0.03,0.849,0.758,5200.0
TOI-2076 e,,0.12089,3.0223445,0.0385,0.0116,1138.0,Primary Transit,TOI-2076,-0.03,0.849,0.758,5200.0
TOI-2081 b,0.016,0.182,10.50534,0.0752,0.15200000000000002,488.0,Primary Transit,TOI-2081,-0.182,0.54,0.534,3800.0
TOI-2084 Ab,0.02121,0.2204,6.0784247,0.05006,0.04,527.0,Primary Transit,TOI-2084 A,-0.13,0.49,0.475,3550.0
TOI-2088 b,0.116,0.3283,124.72997,0.472,0.0,293.0,Primary Transit,TOI-2088,0.37879999999999997,0.8,0.83,4902.0
TOI-2092 Ab,,0.23776,4.303264160073913,0.05186185577334947,0.1224,1042.0,Primary Transit,TOI-2092 A,-0.122,0.956,1.052,5468.0
TOI-2093 c,0.0497,0.205,53.81149,0.257,0.0,329.0,Primary Transit,TOI-2093,-0.08,0.745,0.729,4426.0
TOI-2094 Ab,0.0132,0.17,18.793193,0.136,0.0668,276.0,Primary Transit,TOI-2094 A,-0.06,0.42500000000000004,0.384,3403.0
TOI-2095 b,0.0129,0.1115,17.774872,0.101,0.12,347.0,Primary Transit,TOI-2095,0.022199999999999998,0.465,0.453,3662.0
TOI-2095 c,0.0233,0.1187,28.17221,0.137,0.13,297.0,Primary Transit,TOI-2095,0.022199999999999994,0.465,0.453,3662.0
TOI-2096 b,0.006,0.11089,3.1190633,0.025,0.15,445.0,Primary Transit,TOI-2096,-0.24400000000000002,0.21799999999999986,0.25,3285.0
TOI-2096 c,0.0145,0.17076,6.38784,0.04,0.1,349.0,Primary Transit,TOI-2096,-0.22000000000000003,0.21799999999999986,0.25,3285.0
TOI-209 b,,0.20653,4.3794297785579,0.04965200635947258,0.04839999999999999,880.0,Primary Transit,TOI-209,11.7,0.81,0.742,4916.0
TOI-2104 b,,0.1213,5.904369,0.06034515510590132,0.06754,846.0,Primary Transit,TOI-2104,0.094,0.8,0.724,4907.0
TOI-2107 b,0.83,1.211,2.4545467,0.03515,0.033,1397.0,"Primary Transit, Radial Velocity",TOI-2107,0.16119999999999998,1.0316,0.94,5573.0
TOI-2109 b,5.02,1.347,0.67247414,0.017275739782673216,0.04,1502.6000000000001,Primary Transit,TOI-2109,0.068,1.447,1.698,6500.0
TOI-2114 b,1.02,1.298,6.209959,0.076,0.472,1472.0,Primary Transit,TOI-2114,0.0,1.309,1.97,6400.0
TOI-2120 b,0.0214,0.18931,5.7998164,0.0377,0.32,350.0,Primary Transit,TOI-2120,0.39,0.20999999999999996,0.245,3131.0
TOI-2128 Ab,0.0142,0.2346,16.34136,0.127,0.0,777.0,Primary Transit,TOI-2128 A,-0.11,1.1,1.125,5991.0
TOI-2134 b,0.02873,0.24,9.2292005,0.078,0.06,665.0,Primary Transit,TOI-2134,-0.068,0.69,0.77,4406.0
TOI-2134 c,0.1318,0.6486,95.5,0.371,0.67,306.0,Primary Transit,TOI-2134,-0.02720000000000001,0.69,0.77,4406.0
TOI-2136 b,0.0148,0.1865,7.85191,0.054,0.07,378.0,Primary Transit,TOI-2136,0.029999999999999995,0.3400000000000001,0.34,3342.0
TOI-2141 b,0.0632,0.28076,18.261608,0.1322,0.21000000000000002,728.0,Primary Transit,TOI-2141,-0.14,0.896,0.95,5635.0
TOI-2145 b,5.52,1.098,10.261131,0.11,0.22000000000000003,1484.0,Primary Transit,TOI-2145,0.245,1.72,2.738,6189.0
TOI-2147 b,0.365,0.937,26.20518,0.172,0.29,820.0,Primary Transit,TOI-2147,-0.2899999999999999,0.99,1.39,5983.0
TOI-2152 Ab,2.83,1.281,3.3773512,0.05064,0.05700000000000001,1800.0,Primary Transit,TOI-2152 A,0.28,1.516,1.612,6630.0
TOI-2154 b,0.92,1.453,3.6240801,0.0513,0.117,1589.0,Primary Transit,TOI-2154,0.011,1.233,1.396,6280.0
TOI-2158 b,0.82,0.96,8.60077,0.074,0.031,1188.0,Primary Transit,TOI-2158,0.47,1.12,1.41,5673.0
TOI-2169 Ab,1.037,1.116,8.2148282,0.0896,0.0,1364.0,Primary Transit,TOI-2169 A,0.123,1.42,1.82,6270.0
TOI-216 b,0.0558,0.6861,17.0991,0.1293,0.161,628.0,Primary Transit,TOI-216,-0.15,0.77,0.747,5045.0
TOI-216 c,0.528,0.901,34.5507,0.2068,0.006199999999999997,497.0,Primary Transit,TOI-216,-0.15,0.77,0.747,5045.0
TOI-2179 b,1.942,1.117,15.168865,0.1207,0.5749999999999998,974.0,Primary Transit,TOI-2179,0.14,1.026,1.088,5788.0
TOI-2180 b,2.755,1.01,260.158,0.828,0.368,348.0,Primary Transit,TOI-2180,0.253,1.111,1.636,5695.0
TOI-2184 b,0.65,1.017,6.90683,0.08315973040680474,0.08,953.8,Primary Transit,TOI-2184,0.14,1.53,2.9,5966.0
TOI-2193 Ab,0.94,1.77,2.1225735,0.03319,0.0,1763.0,Primary Transit,TOI-2193 A,0.027,1.082,1.248,5966.0
TOI-2194 b,0.0145456,0.177466,15.337597,0.11110805355428582,0.3764,590.88,Primary Transit,TOI-2194,-0.29719999999999996,0.74,0.681,4669.0
TOI-2195 Ab,0.079,0.79,4.16451307,0.049,0.06,1098.0,Primary Transit,TOI-2195 A,0.309,0.905,0.916,5266.0
TOI-2196 b,0.082,0.3131,1.1947268,0.02234,0.0,1860.0,Primary Transit,TOI-2196,0.14,1.032,1.043,5634.0
TOI-2200 b,,0.6209,2.94,0.03868428849886819,0.03400000000000001,1043.8,Primary Transit,TOI-2200,0.273,0.85,0.826,5070.0
TOI-2202 b,0.978,1.0,11.9101,0.09564,0.042,1153.2,Primary Transit,TOI-2202,0.04000000000000001,0.823,0.794,5144.0
TOI-2207 b,0.64,0.995,8.001968,0.0854,0.174,1259.0,Primary Transit,TOI-2207,0.18,1.296,1.564,6101.0
TOI-220 b,0.0428,0.2694,10.695264,0.0892,0.028999999999999998,806.0,Radial Velocity,TOI-220,-0.217,0.825,0.858,5298.0
TOI-2211 b,,0.13926,3.092686757,0.04011,0.097,1057.0,Primary Transit,TOI-2211,0.011999999999999992,0.9,0.834,5253.0
TOI-2227 b,,0.2516,4.2217717,0.05249351516934527,0.10200000000000001,1164.0,Primary Transit,TOI-2227,-0.05,1.03,1.208,5763.0
TOI-2236 b,1.58,1.282,3.5315902,0.05,0.0,1688.0,Primary Transit,TOI-2236,0.003999999999999994,0.79452,1.66,6228.0
TOI-2257 b,0.0179,0.19574,35.189346,0.145,0.496,256.0,Primary Transit,TOI-2257,-0.27,0.33000000000000007,0.311,3430.0
TOI-2260 b,0.011,0.1445,0.3524728,0.0097,0.02822199999999999,2609.0,Primary Transit,TOI-2260,0.003999999999999997,0.99,0.94,5534.0
TOI-2266 b,,0.1374,2.326318,0.02,0.010999999999999982,550.0,Primary Transit,TOI-2266,-0.21,0.22999999999999998,0.24,3200.0
TOI-2267 Ab,,0.09,2.2891,0.0205,0.0746,424.0,Primary Transit,TOI-2267 A,0.164,0.17100000000000004,0.2075,3030.0
TOI-2267 Ac,,0.1017,3.4950412,0.026,0.071,374.0,Primary Transit,TOI-2267 A,0.164,0.17100000000000004,0.2075,3030.0
TOI-2267 Ad,,0.0874,2.0344678,0.0174,0.0596,503.0,Primary Transit,TOI-2267 A,0.164,0.17100000000000004,0.2075,3030.0
TOI-2274 b,,0.2186,2.67963,0.05,0.05997999999999999,771.46,Primary Transit,TOI-2274,0.014400000000000007,0.612,0.631,3943.0
TOI-2285 b,0.0614,0.1552,13.64,0.1363,0.3,284.0,Primary Transit,TOI-2285,-0.05,0.454,0.464,3491.0
TOI-2290 b,0.005,0.1044,0.3862224,0.0086,0.023999999999999987,1484.0,Primary Transit,TOI-2290,-0.006800000000000001,0.56,0.57,3813.0
TOI-2295 b,0.875,1.47,30.033302,0.199,0.334,747.0,Primary Transit,TOI-2295,0.316,1.17,1.451,5733.0
TOI-2322 b,0.00727,0.08868,11.30717,0.0924,0.0,603.1,Primary Transit,TOI-2322,-0.12,0.703,0.662,4664.0
TOI-2322 c,0.0569,0.16719,20.225528,0.1362,0.0,496.8,Primary Transit,TOI-2322,-0.12,0.703,0.662,4664.0
TOI-2328 Ab,0.16,0.89,17.101966,0.1298480141926151,0.06,842.0,Primary Transit,TOI-2328 A,0.023799999999999998,0.95,0.94,5573.0
TOI-2337 b,1.0,0.9,2.99432,0.04540470428153991,0.019000000000000003,1106.0,Primary Transit,TOI-2337,0.39,1.325,3.22,4780.0
TOI-2338 b,5.98,1.0,22.65398,0.158,0.676,799.0,Primary Transit,TOI-2338,0.21999999999999997,0.99,1.05,5581.0
TOI-2345 b,0.01098,0.134,1.0528573,0.01705,0.1346,1478.0,Primary Transit,TOI-2345,-0.1,0.727,0.729,4687.0
TOI-2345 c,0.02287,0.21867,21.064302,0.1257,0.1066,544.0,Primary Transit,TOI-2345,-0.1,0.727,0.729,4687.0
TOI-2346 b,1.24,1.438,3.3312029,0.0473,0.0,1689.0,Primary Transit,TOI-2346,-0.03,1.271,1.38,6480.0
TOI-2364 b,0.225,0.768,4.0197478,0.04871,0.0,1091.0,Primary Transit,TOI-2364,0.344,0.954,0.886,5306.0
TOI-2368 b,0.65,0.967,5.1750073,0.05649,0.06,1000.0,Primary Transit,TOI-2368,-0.15420000000000003,0.984,0.94,5573.0
TOI-2373 b,9.3,0.93,13.33668,0.112,0.112,860.0,"Primary Transit, Radial Velocity",TOI-2373,0.3,1.04,1.1,5651.0
TOI-2374 Bb,1.194,0.668,4.3136193,0.04818,0.13,926.0,Primary Transit,TOI-2374 B,0.15,0.75,0.69,4802.0
TOI-2379 b,5.76,1.046,5.4693827,0.05263,0.342,624.0,Primary Transit,TOI-2379,0.5,0.645,0.62,3707.0
TOI-237 b,0.009,0.12303,5.43613914,0.0346,0.07,350.0,Primary Transit,TOI-237,0.1448,0.17900000000000005,0.211,3212.0
TOI-237 c,,0.10759,1.7448617,0.016,0.003599999999999992,515.0,Primary Transit,TOI-237,0.1308,0.17900000000000005,0.211,3212.0
TOI-2382 b,0.74,1.093,4.6612061,0.059,0.0,1426.0,Primary Transit,TOI-2382,0.24899999999999997,1.26,1.417,6033.0
TOI-2384 Ab,1.966,1.025,2.13570304,0.0279,0.0,889.0,Primary Transit,TOI-2384 A,0.332,0.635,0.611,3943.0
TOI-238 b,0.0106,0.13909,1.273099,0.0212,0.019000000000000003,1378.0,Primary Transit,TOI-238,-0.05,0.788,0.75,5080.0
TOI-238 c,0.0211,0.1945,8.465651,0.0749,0.36,696.0,Primary Transit,TOI-238,-0.05,0.788,0.75,5080.0
TOI-2406 b,0.0286,0.2623,3.0766896,0.0228,0.26,447.0,Primary Transit,TOI-2406,-0.38,0.16200000000000003,0.202,3100.0
TOI-2407 b,0.053,0.3801,2.702969,0.033,0.08,705.0,Primary Transit,TOI-2407,0.21,0.548,0.567,3530.0
TOI-2411 b,0.0123,0.1499,0.7826942,0.0144,0.0428,1355.0,Primary Transit,TOI-2411,0.09599999999999997,0.65,0.68,4099.0
TOI-2411 c,,0.2569,18.75,0.1197,0.0298,430.0,Primary Transit,TOI-2411,0.21000000000000002,0.65,0.68,4099.0
TOI-2416 b,3.0,0.88,8.275479,0.0831,0.32,1080.0,Primary Transit,TOI-2416,0.32,1.118,1.236,5808.0
TOI-2420 b,0.93,1.34,5.842641,0.0684,0.055,1572.0,Primary Transit,TOI-2420,-0.18,1.158,2.369,5707.0
TOI-2421 b,0.333,0.925,4.3474032,0.0543,0.0,1534.0,Primary Transit,TOI-2421,-0.19799999999999998,0.9816,1.92,5645.0
TOI-2427 b,0.0179,0.1463,1.305962,0.0202,0.07,1148.0,Primary Transit,TOI-2427,-0.12399999999999997,0.64,0.65,4072.0
TOI-2431 b,0.0195,0.13703,0.22419577,0.0063,0.0,2063.0,Primary Transit,TOI-2431,-0.02,0.661,0.651,4109.0
TOI-2443 b,0.01284,0.2105,15.66858,0.105,0.3,519.0,Primary Transit,TOI-2443,-0.0952,0.66,0.732,5573.0
TOI-2445 b,0.006,0.12267,0.3711281,0.0064,0.145,1060.0,Primary Transit,TOI-2445,-0.17200000000000001,0.25,0.27,3330.0
TOI-2449 b,0.7,1.0,106.14468,0.45,0.1,400.0,Primary Transit,TOI-2449,-0.03,1.079,1.065,6021.0
TOI-2453 b,,0.27,4.44,0.04266535853176204,0.082,505.5,Primary Transit,TOI-2453,0.01080000000000001,0.5,0.502,3609.0
TOI-2458 b,0.04188,0.2525,3.73659,0.0482,0.087,1500.0,Primary Transit,TOI-2458,-0.1,1.05,1.32,6005.0
TOI-2459 Bb,0.02847,0.2632,19.104718,0.12381458819609739,0.099,445.0,Primary Transit,TOI-2459 B,0.07740000000000001,0.66,0.675,4195.0
TOI-2485 b,2.41,1.08,11.23479,0.109,0.034,1134.0,Primary Transit,TOI-2485,0.12,1.16,1.72,6016.4
TOI-2494 b,0.003,0.2061,2.4087783,0.03392,0.03200000000000001,781.6,Primary Transit,TOI-2494,0.079,0.897,0.883,5490.0
TOI-2494 c,0.289,0.86,8.3761356,0.0779,0.05,900.4,Primary Transit,TOI-2494,0.079,0.897,0.883,5490.0
TOI-2497 b,5.21,1.0,10.655661,0.1167,0.196,1596.0,Primary Transit,TOI-2497,0.094,1.86,2.358,7360.0
TOI-2498 b,0.10893,0.5406,3.738252,0.0491,0.089,1443.0,Primary Transit,TOI-2498,0.167,1.12,1.26,5905.0
TOI-2518 b,,0.19502,6.898,0.07465975107588478,0.028000000000000004,1416.0,Primary Transit,TOI-2518,0.06680000000000001,1.11,0.993,6016.0
TOI-251 b,1.0,0.2444,4.93777,0.05741,0.0,1655.4,Primary Transit,TOI-251,-0.106,1.036,0.881,5875.0
TOI-2524 b,0.64,1.0,7.18585,0.073,0.0,1100.0,"Primary Transit, Radial Velocity",TOI-2524,0.06,1.01,1.12,5831.0
TOI-2525 b,0.084,0.774,23.2856,0.1511,0.17,970.0,Primary Transit,TOI-2525,0.14,0.849,0.785,5096.0
TOI-2525 c,0.657,0.904,49.2519,0.249,0.157,1018.4,Primary Transit,TOI-2525,0.14,0.849,0.785,5096.0
TOI-2529 b,2.34,1.03,64.5949,0.327,0.020000000000000004,636.0,Primary Transit,TOI-2529,0.05,1.2086000000000001,0.94,5573.0
TOI-2537 b,1.3,1.0,94.1022,0.3715,0.364,338.0,Primary Transit,TOI-2537,0.08,0.77,0.77,4843.0
TOI-2545 b,,0.2453,7.994037,0.08098880803643713,0.15139999999999998,1239.6,Primary Transit,TOI-2545,-0.273,1.055,1.253,5846.3
TOI-2567 b,0.201,0.975,5.983944,0.0672,0.0,1352.0,Primary Transit,TOI-2567,0.09400000000000001,1.1640000000000001,1.83,5609.0
TOI-2570 b,0.82,1.217,2.9887615,0.04145,0.0,1431.0,Primary Transit,TOI-2570,0.09999999999999998,0.6714,1.35,5756.0
TOI-2578 b,0.53,1.75,3.4579667,0.0495,0.1,1778.0,Primary Transit,TOI-2578,0.01,1.27,1.64,6333.0
TOI-257 b,0.134,0.626,18.38827,0.1523,0.24,1033.0,Primary Transit,TOI-257,0.19,1.389,1.926,6075.0
TOI-2580 Ab,0.63,1.55,3.39775,0.048,0.08,2410.0,Primary Transit,TOI-2580 A,0.08,1.37,1.64,6091.0
TOI-2583 Ab,0.25,1.29,4.5207265,0.0571,0.0,1456.0,Primary Transit,TOI-2583 A,0.158,1.215,1.477,5936.0
TOI-2587 Ab,0.218,1.077,5.45664,0.0635,0.0,1445.0,Primary Transit,TOI-2587 A,0.13,1.15,1.726,5760.0
TOI-2589 b,3.5,1.08,61.6277,0.3,0.5219999999999999,592.0,Primary Transit,TOI-2589,0.12,0.93,1.07,5579.0
TOI-260 b,0.02961,0.1454,13.47583,0.0943,0.0,493.0,Primary Transit,TOI-260,-0.47,0.616,0.607,4026.0
TOI-261 b,,0.2712,3.3639254,0.0348,0.0,1722.0,Primary Transit,TOI-261,0.038000000000000006,1.2052,0.94,5573.0
TOI-262 b,,0.1847,11.14529,0.163,0.26908000000000004,584.0,Primary Transit,TOI-262,0.26,0.913,0.853,5310.0
TOI-2641 b,0.366,1.615,4.880974,0.0607,0.0,1387.0,Primary Transit,TOI-2641,0.074,1.106,0.94,5573.0
TOI-2669 b,0.61,1.76,6.2034,0.07119217515431016,0.09,1514.8,Primary Transit,TOI-2669,0.1,1.19,4.1,4800.0
TOI-266 b,0.02325,0.2293,10.751014,0.0899,0.0,884.0,Primary Transit,TOI-266,-0.15,0.838,0.958,5613.0
TOI-266 c,0.028,0.2213,19.6053,0.1341,0.0,723.0,Primary Transit,TOI-266,-0.15,0.838,0.958,5613.0
TOI-269 b,0.0277,0.2471,3.6977104,0.0345,0.425,531.0,Primary Transit,TOI-269,-0.2899999999999999,0.39169999999999994,0.398,3514.0
TOI-270 b,0.00466,0.11125,3.35992,0.0306,0.016700000000000007,528.0,Primary Transit,TOI-270,-0.17,0.4,0.38,3386.0
TOI-270 c,0.0195,0.2079,5.66051,0.0472,0.004400000000000001,424.0,Primary Transit,TOI-270,-0.17,0.4,0.38,3386.0
TOI-270 d,0.0132,0.19,11.38014,0.0733,0.004400000000000001,340.0,Primary Transit,TOI-270,-0.17,0.4,0.38,3386.0
TOI-2714 b,0.717,1.224,2.499387,0.036,0.164,1603.0,Primary Transit,TOI-2714,0.3,1.07,1.25,5665.0
TOI-277 Bb,0.0308,0.27612,3.994086,0.0269,0.0754,740.0,Primary Transit,TOI-277 B,-0.01,0.52,0.523,6668.0
TOI-2796 b,0.44,1.59,4.8084983,0.04089,0.0,1205.0,Primary Transit,TOI-2796,0.239,1.063,1.069,5764.0
TOI-2803 Ab,0.975,1.616,1.96229325,0.03185,0.0,1893.0,Primary Transit,TOI-2803 A,-0.105,1.118,1.245,6280.0
TOI-2818 b,0.71,1.363,4.039709,0.0493,0.0,1376.0,Primary Transit,TOI-2818,-0.02,0.977,1.229,5721.0
TOI-282 b,0.0195,0.241,22.891054,0.1357,0.26139999999999997,867.0,Primary Transit,HD 28109,0.0,1.26,1.446,6120.0
TOI-282 c,0.0289,0.3685,55.99712,0.308,0.068,643.0,Primary Transit,HD 28109,0.0,1.26,1.446,6120.0
TOI-282 d,0.0182,0.2775,84.2899,0.411,0.1316,506.0,Primary Transit,HD 28109,0.0,1.26,1.446,6120.0
TOI-283 b,0.02067,0.2079,17.61745,0.123,0.11,661.0,Primary Transit,TOI-283,-0.03399999999999999,0.9,0.811,5245.0
TOI-2842 b,0.37,1.146,3.5514058,0.0475,0.0,1471.0,Primary Transit,TOI-2842,0.233,1.135,1.265,5910.0
TOI-286 b,0.01425,0.1267,4.5117244,0.0503,0.0,980.0,Primary Transit,TOI-286,-0.05,0.83,0.78,5132.0
TOI-286 c,0.0117,0.1677,39.361826,0.213,0.0,475.0,Primary Transit,TOI-286,-0.05,0.83,0.78,5132.0
TOI-2876 b,0.17,0.86,6.2996431,0.0654,0.0,929.0,Primary Transit,TOI-2876,0.353,0.939,0.873,5271.0
TOI-2886 b,1.4,1.663,1.60200105,0.02871,0.0,1978.0,Primary Transit,TOI-2886,0.284,1.229,1.241,6240.0
TOI-2969 b,1.16,1.1,1.8237146,0.0261,0.0,1186.0,Primary Transit,TOI-2969,0.08,0.71,0.7,4738.0
TOI-2977 Ab,1.68,1.174,2.3505614,0.03386,0.0,1544.0,Primary Transit,TOI-2977 A,0.013,0.936,1.073,5691.0
TOI-2981 b,2.007,1.195,3.601501,0.048,0.035,1358.0,Primary Transit,TOI-2981,-0.11,1.03,1.08,5940.0
TOI-2986 b,0.304,0.829,3.2783662,0.04489,0.0,1622.0,Primary Transit,TOI-2986,0.095,1.122,1.458,5906.0
TOI-2989 b,3.0,1.12,3.122832,0.0384,0.0,1000.0,Primary Transit,TOI-2989,-0.039999999999999994,0.77,0.76,4672.0
TOI-2992 b,3.33,1.227,3.007812,0.0434,0.0,1726.0,Primary Transit,TOI-2992,0.084,1.21,1.545,6000.0
TOI-3023 b,0.62,1.466,3.9014971,0.0505,0.0,1596.0,Primary Transit,TOI-3023,0.085,1.12,1.668,5760.0
TOI-3071 b,0.2146,0.6388,1.266918,0.0249,0.1,1971.0,Primary Transit,TOI-3071,0.35,1.29,1.31,6177.0
TOI-3082 b,0.0410483,0.326713,1.926907,0.027,0.020200000000000003,1032.78,Primary Transit,TOI-3082,-0.07740000000000001,0.664,0.68,4249.0
TOI-3135 b,1.03,1.218,3.7065585,0.04756,0.0,1292.0,Primary Transit,TOI-3135,0.071,1.044,0.985,5890.0
TOI-3160 Ab,1.19,1.228,3.971281,0.0505,0.0,1539.0,Primary Transit,TOI-3160 A,-0.114,1.088,1.346,6190.0
TOI-3235 Ab,0.665,1.017,2.59261842,0.02709,0.028999999999999998,604.0,Primary Transit,TOI-3235 A,0.264,0.3938999999999999,0.3697,3388.0
TOI-3261 b,0.0953,0.3408,0.8831331,0.01714,0.0,1722.0,Primary Transit,TOI-3261,0.14,0.86,0.849,5068.0
TOI-3288 Ab,2.11,1.0,1.4338635,0.0215,0.0,1060.0,Primary Transit,TOI-3288 A,0.65,0.643,0.672,4072.0
TOI-329 b,0.1271,0.4211,5.70439,0.0638,0.39,1502.6,Primary Transit,TOI-329,-0.11,0.98,1.61,5560.0
TOI-3321 Ab,0.554,1.39,3.6525145,0.047,0.054,1616.0,Primary Transit,TOI-3321 A,-0.103,1.041,1.549,5850.0
TOI-332 b,0.18,0.285,0.777038,0.0159,0.0,1870.0,Primary Transit,TOI-332,0.26,0.88,0.87,5251.0
TOI-3331 Ab,2.27,1.158,2.0180231,0.03144,0.0,1488.0,Primary Transit,TOI-3331 A,0.148,1.016,0.952,5609.0
TOI-333 b,0.0632,0.3801,3.7852503,0.049,0.0,1445.0,Primary Transit,TOI-333,0.01,1.2,1.1,6241.0
TOI-3353 Ab,,0.2382,4.6657965,0.06,0.20922000000000002,1264.0,Primary Transit,TOI-3353 A,0.17679999999999998,1.332,1.02,6365.0
TOI-3362 b,4.0,1.2,18.095367,0.155,0.72,1627.6,Primary Transit,TOI-3362,0.017,1.445,1.83,6532.0
TOI-3364 b,1.67,1.091,5.8768918,0.0675,0.0,1264.0,Primary Transit,TOI-3364,0.387,1.186,1.419,5706.0
TOI-3457 b,,0.95,32.600268,0.2,0.68,754.0,Primary Transit,TOI-3457,0.28,1.04,1.474,6300.0
TOI-3464 b,1.25,1.228,3.6515568,0.0515,0.0,1693.0,Primary Transit,TOI-3464,0.045,1.363,1.56,6370.0
TOI-3474 b,0.61,1.309,3.8795105,0.0502,0.0,1451.0,Primary Transit,TOI-3474,0.146,1.121,1.256,6020.0
TOI-3486 b,0.312,0.943,2.21778105,0.03138,0.0,1190.0,Primary Transit,TOI-3486,0.283,0.837,0.788,4930.0
TOI-3493 b,0.02822,0.2873,8.1594667,0.08126367877676656,0.174,557.8,Primary Transit,TOI-3493,0.029999999999999995,1.023,1.228,5844.0
TOI-3523 Ab,1.37,1.425,2.30458952,0.03559,0.0,1984.0,Primary Transit,TOI-3523 A,-0.36600000000000005,1.131,1.448,6450.0
TOI-3540 Ab,1.18,2.1,3.119999,0.04289,0.0,1498.0,Primary Transit,TOI-3540 A,0.176,1.081,1.228,5810.0
TOI-3568 b,0.083,0.473,4.417965,0.0485,0.035,899.0,Primary Transit,TOI-3568,-0.01,0.78,0.719,4969.0
TOI-3593 b,1.78,0.984,3.8212867,0.0481,0.105,1170.0,Primary Transit,TOI-3593,0.384,1.015,0.918,5550.0
TOI-3629 b,0.26,0.74,3.9365578,0.043,0.05,711.0,Primary Transit,TOI-3629,0.4,0.63,0.6,3870.0
TOI-3664,0.36,1.22,3.2974839,0.0431,0.16,1232.0,Primary Transit,TOI-3664,0.17,0.98,1.11,5593.0
TOI-3682 Ab,0.218,1.142,3.3462406,0.048,0.0,1657.0,Primary Transit,TOI-3682 A,0.416,1.32,1.735,5703.0
TOI-3688 Ab,0.98,0.10411,3.246075,0.0456,0.0,1534.0,Primary Transit,TOI-3688 A,0.262,1.2,1.302,5950.0
TOI-3693 b,1.02,1.124,8.088516,0.081,0.0,801.0,Primary Transit,TOI-3693,-0.18000000000000002,0.962,0.85,5246.0
TOI-3714 Ab,0.689,0.994,2.15484802,0.0263,0.03,764.0,Primary Transit,TOI-3714 A,0.1,0.53,0.51,3660.0
TOI-3757 b,0.2684,1.07,3.438753,0.03845,0.14,759.0,Primary Transit,TOI-3757,0.0,0.64,0.62,3913.0
TOI-375 b,0.745,0.961,9.45469,0.099,0.087,1373.0,Primary Transit,TOI-375,0.084,1.44,2.9,5260.0
TOI-3785 b,0.04704,0.4586,4.6747373,0.043,0.11,582.0,Primary Transit,TOI-3785,0.1,0.52,0.5,3576.0
TOI-3807 b,1.04,2.0,2.8989727,0.0421,0.0,1646.0,Primary Transit,TOI-3807,0.278,1.181,1.468,5772.0
TOI-3819 b,1.11,1.172,3.2443141,0.04611,0.0,1633.0,Primary Transit,TOI-3819,0.273,1.242,1.538,5859.0
TOI-3837 b,0.59,0.96,11.88865,0.093,0.22000000000000003,1182.0,Primary Transit,TOI-3837,0.132,1.0697999999999999,0.94,5573.0
TOI-3856 b,0.54,1.213,2.04360352,0.0325,0.0,1544.0,Primary Transit,TOI-3856,0.454,1.096,1.055,5622.0
TOI-3862 b,0.169,0.4934,1.55745774,0.0254,0.020000000000000004,1540.0,Primary Transit,TOI-3862,0.11,0.9,0.92,5300.0
TOI-3877 b,0.314,1.042,4.123596,0.0529,0.0,1445.0,Primary Transit,TOI-3877,0.2690000000000001,1.16,1.445,5731.0
TOI-3884 b,0.0519,0.5629,4.5445697,0.0354,0.32,463.00000000000006,Primary Transit,TOI-3884,0.23,0.2813,0.3043,3269.0
TOI-3894 b,0.85,1.36,4.3345401,0.0543,0.05,1519.0,Primary Transit,TOI-3894,-0.0694,0.9374,0.94,5573.0
TOI-3896 Ab,,0.2552,4.3773,0.05063689995545218,0.1476,966.0,Primary Transit,TOI-3896 A,0.1612,0.86,0.748,5127.0
TOI-3912 b,0.406,1.274,3.4936264,0.0463,0.0,1512.0,Primary Transit,TOI-3912,0.187,1.088,1.392,5725.0
TOI-3919 b,3.88,1.1,7.433234,0.0795,0.26,1200.0,Primary Transit,TOI-3919,-0.07600000000000001,1.044,0.94,5573.0
TOI-396 Ab,0.01117,0.178,3.585287,0.0489,0.3,1552.0,Primary Transit,HR 858 A,-0.14,1.145,1.31,6201.0
TOI-396 Ac,0.0028,0.1766,5.973865,0.0687,0.19,1309.0,Primary Transit,HR 858 A,-0.14,1.145,1.31,6201.0
TOI-396 Ad,0.0223,0.18,11.230511,0.1046,0.28,1061.0,Primary Transit,HR 858 A,-0.14,1.145,1.31,6201.0
TOI-3976 Ab,0.175,1.095,6.607662,0.0743,0.0,1295.0,Primary Transit,TOI-3976 A,0.182,1.254,1.501,5975.0
TOI-3980 b,0.59,1.29,3.6089254,0.0494,0.0,1621.0,Primary Transit,TOI-3980,0.188,1.24,1.626,5840.0
TOI-3984 Ab,0.138,0.71,4.353326,0.041,0.04,563.0,Primary Transit,TOI-3984 A,0.18,0.49,0.47,3476.0
TOI-4010 b,0.035,0.2694,1.348335,0.0229,0.03,1441.0,Primary Transit,TOI-4010,0.315,0.88,0.83,5104.0
TOI-4010 c,0.0639,0.529,5.414654,0.058,0.03,907.0,Primary Transit,TOI-4010,0.315,0.88,0.83,5104.0
TOI-4010 d,0.12003,0.5513,14.70886,0.113,0.07,650.0,Primary Transit,TOI-4010,0.315,0.88,0.83,5104.0
TOI-4029 b,,0.59016,5.8850401,0.06524976646079614,0.06,1142.0,Primary Transit,TOI-4029,0.1,1.018,1.178,5712.0
TOI-402 Ab,0.02051,0.1579,4.7559804,0.05245,0.1532,3109.0,Primary Transit,TOI-402 A,0.029999999999999995,0.851,0.839,5131.0
TOI-402 Ac,0.02136,0.22536,17.180546,0.1235,0.096,1366.0000000000002,Primary Transit,TOI-402 A,0.029999999999999995,0.851,0.839,5131.0
TOI-4030 b,,0.5219,2.51,0.036505188125673105,0.16799999999999998,1116.8,Primary Transit,TOI-4030,0.168,0.98,0.99,5574.0
TOI-4034 b,0.87,1.58,1.8020932,0.0329,0.0,1907.0,Primary Transit,TOI-4034,0.12,1.19,1.83,5891.0
TOI-406 b,0.00654,0.1178,3.307441,0.0322,0.032,584.0,Primary Transit,TOI-406,-0.0296,0.48000000000000004,0.39,3324.0
TOI-406 c,0.02067,0.1856,13.175682,0.0809,0.056,368.0,Primary Transit,TOI-406,-0.048000000000000015,0.48000000000000004,0.39,3324.0
TOI-4087 b,0.73,1.164,3.1774835,0.04469,0.0,1458.0,Primary Transit,TOI-4087,0.237,1.178,1.112,6060.0
TOI-4127 b,2.3,1.096,56.39879,0.3081,0.747,605.0,Primary Transit,TOI-4127,-0.060200000000000004,0.8752000000000001,0.94,5573.0
TOI-4137 b,1.01,1.211,3.8016122,0.05222,0.0,1570.0,Primary Transit,TOI-4137,0.0872,0.91752,1.65,6134.0
TOI-4138 b,0.63,1.54,3.66003639,0.049,0.04,1762.0,Primary Transit,TOI-4138,-0.01279999999999999,1.32,1.82,5573.0
TOI-4145 Ab,0.43,1.187,4.0664428,0.04823,0.0,1074.0,Primary Transit,TOI-4145 A,0.168,0.905,0.859,5281.0
TOI-4153 b,1.15,1.438,4.6174141,0.06311,0.04,1670.0,Primary Transit,TOI-4153,-0.02919999999999999,0.9028,0.94,5573.0
TOI-4155 b,,0.2864,3.320729,0.04354051647816662,0.0,1255.0,Primary Transit,TOI-4155,0.11,0.95,1.16,5724.0
TOI-4156 b,,0.2266,4.46,0.05565671276841428,0.050460000000000005,670.2,Primary Transit,TOI-4156,0.14379999999999998,1.1,1.04,5986.0
TOI-4156 c,,0.2605,12.82,0.11251739353083504,0.050460000000000005,670.2,Primary Transit,TOI-4156,0.14379999999999998,1.1,1.04,5986.0
TOI-4184 b,0.0208,0.2168,4.9019804,0.0336,0.045,412.0,Primary Transit,TOI-4184,-0.27,0.24,0.252,3225.0
TOI-4198 b,,1.093,4.7463,0.05619964102109383,0.3404,1149.0,Primary Transit,TOI-4198,0.05,1.0,1.09,5648.0
TOI-4201 b,2.589,1.133,3.5819111,0.03939,0.069,745.0,Primary Transit,TOI-4201,0.3,0.63,0.62,3920.0
TOI-4214 b,0.52,0.953,3.4913885,0.05018,0.0,1642.0,Primary Transit,TOI-4214,0.294,1.382,1.434,6370.0
TOI-421 Ab,0.0211,0.2355,5.197576,0.0554,0.13,922.0,Primary Transit,TOI-421 A,-0.02,0.852,0.871,5325.0
TOI-421 Ac,0.0444,0.4541,16.067541,0.117,0.19,635.0,Primary Transit,TOI-421 A,-0.02,0.852,0.871,5325.0
TOI-429 b,0.8,0.8,338.0,0.9287622473196631,0.092,857.2,Primary Transit,TOI-429,0.00880000000000001,0.89,0.954,5216.0
TOI-4308 b,0.02029,0.2159,9.151201,0.08405488999104575,0.14020000000000002,763.0,Primary Transit,TOI-4308,0.0856,0.9,0.79,5243.0
TOI-4311 b,0.0142,0.1231,0.9902738,0.0182,0.074,1664.0,Primary Transit,TOI-4311,-0.065,0.816,0.844,5063.0
TOI-4311 c,0.04273,0.2204,15.070425,0.112,0.22000000000000003,671.0,Primary Transit,TOI-4311,-0.065,0.816,0.844,5063.0
TOI-431 b,0.00966,0.1142,0.490047,0.0113,0.0,1862.0,Primary Transit,TOI-431,0.2,0.78,0.731,4850.0
TOI-431 d,0.0311,0.2935,12.46103,0.098,0.0,633.0,Primary Transit,TOI-431,0.2,0.78,0.731,4850.0
TOI-4329 b,0.45,1.5,2.9233,0.04696032791639861,0.068,964.0,Primary Transit,TOI-4329,0.29,1.538,2.31,6000.0
TOI-4336 Ab,0.01048,0.1909,16.33635,0.0802,0.0,293.0,Primary Transit,TOI-4336 A,-0.21,0.33000000000000007,0.33,3298.0
TOI-4336 Ac,0.00488,0.1115,7.587266,0.0509,0.35,400.0,Primary Transit,TOI-4336 A,-0.21,0.33000000000000007,0.33,3298.0
TOI-4342 b,0.023,0.2079,5.5382498,0.05251,0.22999999999999998,633.6,Primary Transit,TOI-4342,-0.028999999999999998,0.6296,0.599,3901.0
TOI-4342 c,0.0151,0.2097,10.688716,0.0814,0.22959999999999997,509.0,Primary Transit,TOI-4342,-0.028999999999999998,0.6296,0.599,3901.0
TOI-4363 b,,0.16344,2.11865900761235,0.0279899006560633,0.264,885.0,Primary Transit,TOI-4363,-0.016,0.62,0.691,4002.0
TOI-4364 b,,0.1793,5.424019,0.04753,0.29,488.0,Primary Transit,TOI-4364,0.148,0.487,0.4684,3528.0
TOI-4377 b,0.957,1.35,4.378081,0.0579,0.045,1248.4,Primary Transit,TOI-4377,0.2,1.36,3.52,4974.0
TOI-4379 b,1.113,1.489,3.25352,0.0477,0.018000000000000002,953.0,Primary Transit,TOI-4379,0.15999999999999998,1.372,1.976,6020.0
TOI-4405 b,,0.25676,5.92142305135093,0.057273068119339035,0.098,672.0,Primary Transit,TOI-4405,-0.13080000000000003,0.68,0.687,4361.0
TOI-4406 b,0.3,1.0,30.08364,0.201,0.15,904.0,Primary Transit,TOI-4406,-0.21900000000000006,1.0604,0.94,5573.0
TOI-4409 b,,0.6495,92.4,0.37911683648203615,0.031999999999999994,700.2,Primary Transit,TOI-4409,0.05399999999999999,0.81,0.72,4945.0
TOI-4427 b,0.276,1.17,4.6182621,0.0539,0.07,1040.0,Primary Transit,TOI-4427,0.0,0.9,0.89,5347.0
TOI-4438 b,0.017,0.2248,7.44628,0.0534,0.14,400.0,Primary Transit,TOI-4438,-0.19,0.368,0.372,3422.0
TOI-4443 b,,0.152,1.8498567,0.03,0.06582,1639.0,Primary Transit,TOI-4443,-0.002199999999999999,1.05,1.02,5834.0
TOI-444 Ab,,0.2471,17.9636,0.133,0.0684,815.2,Primary Transit,TOI-444 A,0.08,0.96,0.78,5225.0
TOI-4458 b,1.74,1.1,3.9393792,0.0522,0.03,1760.0,Primary Transit,TOI-4458,0.17,1.47,1.96,6151.0
TOI-4463 Ab,0.794,1.183,2.8807198,0.04035,0.0,1395.0,Primary Transit,TOI-4463 A,0.24999999999999997,1.056,1.062,5640.0
TOI-4465 b,5.89,1.25,101.94054,0.416,0.24,426.0,Primary Transit,TOI-4465,-0.06,0.93,1.014,5545.0
TOI-4468 b,,1.0197,2.77,0.036735662928713574,0.036,784.6,Primary Transit,TOI-4468,0.026999999999999996,0.82,0.79,4975.0
TOI-4468 c,,0.2873,7.01,0.06822026165099747,0.036,784.6,Primary Transit,TOI-4468,0.026999999999999996,0.82,0.79,4975.0
TOI-4479 b,0.0261,0.2516,1.1589,0.0164,0.1972,861.0,Primary Transit,TOI-4479,-0.04000000000000001,0.452,0.451,3400.0
TOI-4481 b,0.006,0.11874,0.9263237,0.01406,0.1314,940.0,Primary Transit,TOI-4481,-0.28,0.41300000000000003,0.4144,3600.0
TOI-4487 Ab,1.25,1.303,3.9540709,0.05448,0.0,1639.0,Primary Transit,TOI-4487 A,0.216,1.378,1.634,6206.0
TOI-4492 b,5.92,1.051,4.4331824,0.0535,0.3404,1207.0,Primary Transit,TOI-4492,0.17,1.0,1.26,5667.0
TOI-4495 b,0.0242,0.22152,2.56699,0.03957,0.078,1735.0,Primary Transit,TOI-4495,0.18,1.247,1.309,6210.0
TOI-4495 c,0.073,0.3595,5.18553,0.06323,0.023,1365.0,Primary Transit,TOI-4495,0.18,1.247,1.309,6210.0
TOI-4504 b,0.031,0.24,2.42614,0.0339,0.0,1675.0,Primary Transit,TOI-4504,0.15999999999999998,0.89,0.92,5315.0
TOI-4504 c,3.767,0.96,82.97213,0.3546,0.0,1675.0,Primary Transit,TOI-4504,0.15999999999999998,0.89,0.92,5315.0
TOI-4507 b,0.094,0.7333,104.6159518,0.449,0.05,1360.6,Primary Transit,TOI-4507,-0.08,1.15,1.039,6235.0
TOI-4511 b,,0.51459,10.9776867,0.09884262947993876,0.009999999999999995,1542.0,Primary Transit,TOI-4511,-0.0276,1.017,1.0,5708.0
TOI-4513 b,,0.19877,9.7607632,0.09024299488241762,0.21960000000000002,653.0,Primary Transit,TOI-4513,-0.004800000000000003,0.979,0.796,5558.0
TOI-4515 b,2.0,1.09,15.266446,0.118,0.46,705.0,Primary Transit,TOI-4515,0.1,0.95,0.86,5433.0
TOI-451 Ab,,0.16879,1.8587028,0.0271,0.19,1524.0,Primary Transit,TOI-451 A,-0.1774,0.95,0.879,5550.0
TOI-451 Ac,,0.2748,9.192453,0.0823,0.2,903.0,Primary Transit,TOI-451 A,0.0616,0.95,0.879,5550.0
TOI-451 Ad,,0.3631,16.364932,0.1255,0.05700000000000001,708.0,Primary Transit,TOI-451 A,-0.015399999999999997,0.95,0.879,5550.0
TOI-4527 b,,0.08,0.3994445,0.008,0.022599999999999995,1360.0,Primary Transit,TOI-4527,0.006,0.48000000000000004,0.49,3700.0
TOI-4529 b,0.0154,0.1579,5.879577,0.04997,0.04,511.0,Primary Transit,TOI-4529,-0.24,0.482,0.48,3697.0
TOI-4551 b,1.49,1.06,9.95581,0.0994,0.1,1416.52,Primary Transit,TOI-4551,0.23,1.31,3.55,4896.0
TOI-4552  b,0.00576,0.099,0.30110032,0.0056255,0.0,1122.0,Primary Transit,TOI-4552,-0.07,0.262,0.287,5573.0
TOI-4559 b,0.0085,0.12624,3.965991,0.036,0.044,554.0,Primary Transit,TOI-4559,-0.09,0.392,0.374,3558.0
TOI-4561 b,,0.1802,8.94,0.08571465810563858,0.056,991.0,Primary Transit,TOI-4561,-0.0524,1.0,0.852,5631.0
TOI-4562 b,3.29,1.072,225.11757,0.771,0.81,349.0,Primary Transit,TOI-4562,0.094,1.218,1.126,6096.0
TOI-4578 b,,0.26033,8.624,0.08577771722505145,0.03239999999999999,1221.0,Primary Transit,TOI-4578,0.078,1.077,0.878,5917.0
TOI-4582 Ab,0.53,0.94,31.034,0.2166490827425524,0.51,1442.2,Primary Transit,TOI-4582 A,0.17,1.34,2.5,5190.0
TOI-4596 b,,0.259,4.119409,0.051440196587955296,0.14400000000000002,1126.4,Primary Transit,TOI-4596,-0.057999999999999996,1.018,0.921,5881.0
TOI-4600 b,,0.607,82.6869,0.349,0.25,347.0,Primary Transit,TOI-4600,0.15999999999999998,0.89,0.81,5170.0
TOI-4600 c,,0.8404,482.8191,1.152,0.21000000000000002,191.0,Primary Transit,TOI-4600,0.15999999999999998,0.89,0.81,5170.0
TOI-4602 b,0.01948,0.2195,3.9812997,0.04746,0.23000000000000004,1321.0,Primary Transit,TOI-4602,-0.26,0.9,1.08,5966.0
TOI-4603 b,12.89,1.042,7.24599,0.0888,0.325,1677.0,Primary Transit,TOI-4603,-0.236,1.752,2.722,6189.0
TOI-4616 b,0.00708,0.1088,1.55382,0.015292664912488933,0.0,525.0,Primary Transit,TOI-4616,-0.32,0.18799999999999994,0.189,3150.0
TOI-4633 Ac,0.1504,0.285,271.9445,0.847,0.12,1128.2,Primary Transit,TOI-4633 A,0.238,1.1,1.05,5800.0
TOI-4638 b,,0.26167,10.283918787,0.093013,0.037000000000000005,1218.2,Primary Transit,TOI-4638,0.15039999999999998,1.015,0.894,5700.0
TOI-4640 b,,0.25533,2.685722911326,0.03968884395401929,0.050460000000000005,1379.0,Primary Transit,TOI-4640,-0.0732,1.1,1.067,5978.0
TOI-4641 b,3.87,0.73,22.09341,0.173,0.074,1229.0,Primary Transit,TOI-4641,-0.09,1.42,1.72,6500.0
TOI-4662 b,,0.2302,4.7034187,0.04966963333428983,0.08399999999999999,741.0,Primary Transit,TOI-4662,-0.058800000000000005,0.703,0.694,4481.0
TOI-4666 b,0.7,1.11,2.9089181,0.0333,0.0,713.0,Primary Transit,TOI-4666,0.79,0.576,0.585,3793.0
TOI-469 b,0.0186,0.3105,13.63083,0.107,0.0,777.0,Primary Transit,TOI-469,0.24,0.91,1.0,5283.0
TOI-469 c,0.0142,0.141,3.53796,0.0436,0.11299999999999999,1217.0,Primary Transit,TOI-469,0.24,0.91,1.0,5283.0
TOI-469 d,0.016,0.1222,6.42975,0.0649,0.015199999999999991,998.0,Primary Transit,TOI-469,0.24,0.91,1.0,5283.0
TOI-470 Ab,,0.3872,12.19148,0.119,0.0396,1023.8000000000001,Primary Transit,TOI-470 A,0.1,0.87,0.83,5190.0
TOI-4734 b,0.194,0.974,6.235633,0.074,0.0,1468.0,Primary Transit,TOI-4734,0.288,1.391,1.857,6070.0
TOI-4747 b,,0.34205,5.2192426,0.06007247592039295,0.053799999999999994,1035.0,Primary Transit,TOI-4747,-0.039599999999999996,1.01,0.988,5688.0
TOI-4773 b,5.31,1.36,1.7452851,0.0322,0.020000000000000004,2255.0,Primary Transit,TOI-4773,0.11,1.452,1.55,6740.0
TOI-4791 b,2.31,1.11,4.28088,0.0555,0.0,1472.0,Primary Transit,TOI-4791,0.207,1.242,1.409,6058.0
TOI-4794 b,0.97,1.281,3.5658116,0.0492,0.0,1673.0,Primary Transit,TOI-4794,-0.102,1.25,1.451,6390.0
TOI-480 b,0.0654,0.24,6.866196,0.07638966948900622,0.0,1623.0,Primary Transit,TOI-480,0.038400000000000004,1.2,1.5,6212.0
TOI-481 b,1.53,0.99,10.33111,0.097,0.153,1370.0,Primary Transit,TOI-481,0.26,1.14,1.66,5735.0
TOI-4860 b,0.67,0.756,1.5227596,0.0185,0.047,624.0,Primary Transit,TOI-4860,0.3,0.33499999999999985,0.348,3390.0
TOI-4898 b,,0.311,2.765,0.03342648715391887,0.035019999999999996,579.5999999999999,Primary Transit,TOI-4898,0.074,0.62,0.64,3830.0
TOI-4914 b,0.714,1.1482,10.60057,0.098,0.41,894.0,Primary Transit,TOI-4914,-0.13,1.03,1.0,5805.0
TOI-4930 b,,0.52467,6.7789159,0.07221288485601354,0.026799999999999997,1169.0,Primary Transit,TOI-4930,-0.04340000000000001,1.04,1.16,5804.0
TOI-4940 b,0.28,0.589,25.867811,0.165,0.0,643.0,Primary Transit,TOI-4940,0.326,1.012,1.163,5504.0
TOI-4961 b,1.8,1.101,7.479182,0.0726,0.182,919.0,Primary Transit,TOI-4961,0.206,0.912,0.912,5380.0
TOI-4994 b,0.28,0.762,21.491984,0.1515,0.319,717.6,Primary Transit,TOI-4994,0.165,1.0,1.055,5640.0
TOI-5005 b,0.1029,0.5576,6.3085044,0.06614,0.0,1040.0,Primary Transit,TOI-5005,0.15,0.97,0.93,5749.0
TOI-5007 b,0.68,1.0,2.543372,0.03,0.21000000000000002,782.0,Primary Transit,TOI-5007,0.43000000000000005,0.632,0.656,3793.0
TOI-500 b,0.005,0.1035,0.5481579,0.0128,0.006000000000000005,1683.0,Primary Transit,TOI-500,0.05119999999999998,0.88,0.75,4621.0
TOI-5027 b,2.0,0.99,10.24368,0.093,0.395,1056.0,Primary Transit,TOI-5027,-0.1108,0.91,0.94,5573.0
TOI-5042 b,,0.6242,5.6316098,0.06381599844028912,0.0448,989.0,Primary Transit,TOI-5042,0.0436,1.04,2.32,5784.0
TOI-5076 Ab,0.05,0.285,23.445,0.15131903802424473,0.0,945.8,Primary Transit,TOI-5076 A,0.2,0.8,0.78,5070.0
TOI-5082 b,,0.223,4.240122,0.051,0.9021999999999999,1165.0,Primary Transit,TOI-5082,-0.1516,1.0,0.93,5670.0
TOI-5108 b,0.101,0.589,6.753581,0.073,0.0,1180.0,Primary Transit,TOI-5108,0.2,1.1,1.29,5808.0
TOI-5110 b,2.9,1.069,30.158577,0.2157,0.7449999999999999,976.0,Primary Transit,TOI-5110,0.067,1.46,2.36,6154.0
TOI-5126 b,,0.4247,5.4588382,0.065,0.09,1445.0,Primary Transit,TOI-5126,0.18,1.24,1.241,6150.0
TOI-5126 c,,0.348,17.8999,0.1435,0.2,972.0,Primary Transit,TOI-5126,0.18,1.24,1.241,6150.0
TOI-512 b,0.01123,0.1374,7.18886,0.06704205868936178,0.020000000000000004,1009.0,Primary Transit,TOI-512,-0.11,0.74,0.89,5277.0
TOI-5143 Ab,0.0264,0.256,2.3843468,0.03357,0.0696,879.6,Primary Transit,TOI-5143 A,0.10699999999999998,0.864,0.852,5183.0
TOI-5143 Ac,0.632,2.882,5.209709,0.05654,0.07,902.0,Primary Transit,TOI-5143 A,0.10699999999999998,0.864,0.852,5183.0
TOI-5153 b,3.26,1.06,20.33003,0.158,0.09,906.0,Primary Transit,TOI-5153,0.12,1.24,1.4,6300.0
TOI-5159 b,,0.1439,5.83650984428885,0.06227968434079166,0.018000000000000002,866.0,Primary Transit,TOI-5159,0.0059999999999999784,0.9,0.854,5260.0
TOI-5160 b,,0.1989,4.28,0.05245568918310685,0.3404,1190.8,Primary Transit,TOI-5160,0.204,1.0,1.033,5653.0
TOI-5174 b,,0.47667,12.214286,0.10553798738569274,0.056,991.0,Primary Transit,TOI-5174,-0.0524,1.0,1.094,5573.0
TOI-5181 Ab,1.04,1.191,3.8922295,0.0522,0.0,1585.0,Primary Transit,TOI-5181 A,0.208,1.25,1.53,6060.0
TOI-519 b,0.525,1.059,1.2652328,0.01648,0.06,760.0,Primary Transit,TOI-519,-0.25,0.369,0.373,3350.0
TOI-5205 b,1.08,0.94,1.630731,0.0195,0.020000000000000004,742.0,Primary Transit,TOI-5205,0.56,0.394,0.392,3430.0
TOI-5210 b,0.258,0.957,4.5661061,0.0557,0.0,1286.0,Primary Transit,TOI-5210,0.324,1.105,1.209,5723.0
TOI-5218 b,0.799,0.879,4.291452,0.0469,0.0,783.0,Primary Transit,TOI-5218,0.41,0.739,0.708,4230.0
TOI-521 b,0.0167,0.1766,1.54285047,0.0195,0.0,794.0,Primary Transit,TOI-521,-0.12,0.41999999999999993,0.421,3544.0
TOI-5232 b,2.34,1.14,4.0966692,0.0559,0.035,1772.0,Primary Transit,TOI-5232,-0.012799999999999992,1.1662,0.94,5573.0
TOI-5238 b,,0.46472,4.872171,0.05718890304201348,0.056,991.0,Primary Transit,TOI-5238,-0.0524,1.0,1.023,5573.0
TOI-5261 b,11.49,1.035,4.1509768,0.05134,0.1585,1244.0,Primary Transit,TOI-5261,0.254,1.037,1.021,5790.0
TOI-5292 Ab,1.3,1.13,2.02191,0.028,0.1892,809.0,Primary Transit,TOI-5292 A,0.33,0.596,0.611,3919.0
TOI-5293 Ab,0.54,1.06,2.930289,0.034,0.08,675.0,Primary Transit,TOI-5293 A,-0.03,0.54,0.52,3586.0
TOI-5300 b,0.6,0.88,2.262196,0.0295,0.0,1043.0,Primary Transit,TOI-5300,-0.17,0.67,0.65,4610.0
TOI-5301 b,3.65,1.18,5.858858,0.0726,0.33,1655.0,Primary Transit,TOI-5301,-0.14600000000000002,0.5479999999999999,0.94,5573.0
TOI-530 b,0.4,0.83,6.387597,0.052,0.0,565.0,Primary Transit,TOI-530,0.376,0.53,0.54,3659.0
TOI-5319 Ab,,0.2525,4.07853,0.0506,0.043399999999999994,695.0,Primary Transit,TOI-5319 A,-0.012000000000000004,0.5,0.485,3580.0
TOI-5322 b,0.579,1.482,5.4233207,0.0604,0.0,1350.0,Primary Transit,TOI-5322,-0.048,0.998,1.462,5692.0
TOI-532 b,0.1935,0.5192,2.32666508,0.0296,0.0,867.0,Primary Transit,TOI-532,0.38,0.639,0.612,3957.0
TOI-5335 b,,0.3648,3.6139919,0.04598668852349015,0.1402,1048.0,Primary Transit,TOI-5335,0.07799999999999999,0.945,0.916,5427.0
TOI-5340 b,0.85,1.345,4.9394392,0.0628,0.0,1566.0,Primary Transit,TOI-5340,0.208,1.842,1.35,5990.0
TOI-5344 b,0.42,0.87,3.792622,0.04,0.06,679.0,Primary Transit,TOI-5344,0.425,0.612,0.588,3747.0
TOI-5350 b,6.59,1.11,7.581367,0.0796,0.016,1195.0,Primary Transit,TOI-5350,0.044,1.167,1.263,6220.0
TOI-5380 b,,0.2792,3.7723119,0.053201901072880885,0.31801999999999997,1479.0,Primary Transit,TOI-5380,0.10140000000000002,1.343,1.562,6525.0
TOI-5386 Ab,0.488,1.312,3.62156552,0.04856,0.0,1488.0,Primary Transit,TOI-5386 A,0.182,1.165,1.245,6094.0
TOI-5388 b,0.0069,0.0883,2.5946748,0.0245,0.0696,488.0,Primary Transit,TOI-5388,-0.36,0.29200000000000004,0.3,3440.0
TOI-5398 b,0.1847,1.008,10.590547,0.098,0.13,947.0,Primary Transit,TOI-5398,0.012400000000000003,1.113,1.053,5573.0
TOI-5398 c,0.0371,0.314,4.77271,0.057,0.14,1242.0,Primary Transit,TOI-5398,0.0582,1.113,1.053,5573.0
TOI-540 b,,0.08056,1.2391491,0.01223,0.0,611.0,Primary Transit,TOI-540,0.11999999999999998,0.15900000000000003,0.1895,3216.0
TOI-544 b,0.00909,0.1802,1.548352,0.0225,0.0,999.0,Primary Transit,TOI-544,-0.198,0.85,0.66,4369.0
TOI-5473 b,,1.5,7.555907,0.0956,0.22000000000000003,2000.0,Primary Transit,TOI-5473,-0.00020000000000000052,1.88,1.85,8500.0
TOI-5486 b,,0.3542,2.02,0.026021032019805428,0.038,643.4000000000001,Primary Transit,TOI-5486,-0.20479999999999998,0.548,0.553,3654.0
TOI-5489 b,,0.125,3.15222,0.03168,0.044399999999999995,624.0,Primary Transit,TOI-5489,-0.03920000000000001,0.4099999999999999,0.42,3547.0
TOI-5489 c,,0.1142,4.92126,0.0425,0.15974,536.0,Primary Transit,TOI-5489,-0.114,0.4099999999999999,0.42,3547.0
TOI-5502 b,,0.35936,11.626,0.10983070142257385,0.11280000000000001,1046.2,Primary Transit,TOI-5502,0.046,1.244,1.323,6317.0
TOI-5515 b,,0.22277,8.59263328645,0.08243716196055091,0.21599999999999997,1174.0,Primary Transit,TOI-5515,-0.07759999999999999,0.963,0.835,5494.0
TOI-5532 b,,0.24382,5.65396888659613,0.054310616507236134,0.3914,617.0,Primary Transit,TOI-5532,-0.082,0.636,0.662,3975.0
TOI-5542 b,1.32,1.009,75.12375,0.332,0.018000000000000002,441.0,Primary Transit,TOI-5542,-0.31,0.89,1.058,5700.0
TOI-554 b,0.0274,0.2337,7.0491423,0.076,0.0,1290.0,Primary Transit,TOI-554,0.16240000000000002,1.24,1.43,6338.0
TOI-554 c,0.0135,0.134,3.04405,0.0443,0.23000000000000004,1700.0,Primary Transit,TOI-554,0.1624,1.24,1.43,6338.0
TOI-5573 b,0.35,0.87,8.79758977,0.0712,0.072,528.0,Primary Transit,TOI-5573,0.42,0.619,0.594,3790.0
TOI-5579 b,,0.698,19.8727,0.109332958250483,0.0668,273.0,Primary Transit,TOI-5579,-0.06800000000000003,0.41999999999999993,0.42,3595.0
TOI-558 b,3.61,1.086,14.574071,0.1291,0.29799999999999993,1061.0,Primary Transit,TOI-558,-0.004,1.349,1.496,6466.0
TOI-5592 b,0.899,1.53,2.6085846,0.03935,0.0,1789.0,Primary Transit,TOI-5592,-0.013,1.194,1.393,6240.0
TOI-5595 b,,0.42074,5.9900508,0.05670704191913014,0.2526,621.0,Primary Transit,TOI-5595,0.19859999999999997,0.645,0.743,4120.0
TOI-5599 b,,0.546,5.44,0.06558801307304907,0.1835,1322.6,Primary Transit,TOI-5599,0.07880000000000001,1.21,1.913,6246.0
TOI-559 b,6.01,1.091,6.9839095,0.0723,0.15,1180.0,Primary Transit,TOI-559,-0.069,1.026,1.233,5925.0
TOI-5605 b,,0.21287,5.9133875,0.05722124219532867,0.098,669.0,Primary Transit,TOI-5605,-0.13080000000000003,0.68,0.736,4374.0
TOI-5614 b,,0.28843,4.172,0.04521469268087757,0.0438,629.98,Primary Transit,TOI-5614,-0.1398,0.674,0.735,4313.0
TOI-5616 b,0.802,0.961,2.002849,0.0272,0.0,939.0,Primary Transit,TOI-5616,0.14,0.666,0.646,3996.0
TOI-561 b,0.00636,0.12463,0.4465697,0.01064,0.0,2319.0,Primary Transit,TOI-561,-0.4,0.805,0.832,5326.0
TOI-561 c,0.01866,0.2556,10.778838,0.0889,0.23000000000000004,802.0,Primary Transit,TOI-561,-0.4,0.805,0.832,5326.0
TOI-561 d,0.04194,0.2333,25.71268,0.1587,0.11,600.0,Primary Transit,TOI-561,-0.4,0.805,0.832,5326.0
TOI-561 e,0.039,0.22455,77.144,0.33,0.074,416.0,Primary Transit,TOI-561,-0.4,0.805,0.832,5326.0
TOI-561 f,0.0601,0.207,433.0,1.034,0.08,929.2,Primary Transit,TOI-561,-0.4,0.805,0.832,5326.0
TOI-5624 b,0.0296,0.20644,3.3903473,0.04201,0.0,1136.0,Primary Transit,TOI-5624,-0.023,0.858,0.82,5327.0
TOI-5624 c,0.0151,0.22072,7.885385,0.07374,0.0,857.0,Primary Transit,TOI-5624,-0.023,0.858,0.82,5327.0
TOI-5624 d,0.0154,0.31975,13.731468,0.1067,0.0,712.6,Primary Transit,TOI-5624,-0.023,0.858,0.82,5327.0
TOI-5624 e,0.028,0.28968,21.489936,0.1439,0.0,613.8,Primary Transit,TOI-5624,-0.023,0.858,0.82,5327.0
TOI-5628 Ab,0.09,0.74,4.3416612,0.0368,0.0,492.0,Primary Transit,TOI-5628 A,-0.1,0.36,0.35,3310.0
TOI-5630 b,,0.1853,3.2220038,0.042432283978931215,0.048,1541.0,Primary Transit,TOI-5630,0.135,0.934,0.933,5382.0
TOI-5634 Ab,0.576,0.923,2.2035373,0.0272,0.0,837.0,Primary Transit,TOI-5634 A,-0.27,0.556,0.54,3896.0
TOI-5645 b,,0.635,4.5362433,0.05452901396242998,0.9021999999999999,1164.0,Primary Transit,TOI-5645,0.131,1.0,1.206,5620.0
TOI-564 Ab,1.463,1.02,1.651144,0.02734,0.072,1714.0,Primary Transit,TOI-564 A,0.15,1.1,1.04,5666.0
TOI-5678 b,0.063,0.438,47.73022,0.249,0.14,513.0,Primary Transit,TOI-5678,0.0,0.905,0.938,5485.0
TOI-5688 Ab,0.39,0.919,2.94815527,0.03379,0.128,742.0,Primary Transit,TOI-5688 A,0.47,0.6000000000000001,0.57,3713.0
TOI-5713 b,0.0135,0.1579,10.441989,0.06,0.24,347.0,Primary Transit,TOI-5713,-0.03,0.2653,0.2985,3225.0
TOI-5716 b,,0.0856,6.7663,0.0398,0.0906,400.0,Primary Transit,TOI-5716,-0.54,0.18999999999999995,0.22,3436.0
TOI-5720 b,0.00415,0.0972,1.4344555,0.0183,0.05739999999999999,708.0,Primary Transit,TOI-5720,0.0,0.38,0.38,3325.0
TOI-5726 b,,0.22785,5.491125215,0.062186,0.1116,1053.8,Primary Transit,TOI-5726,0.07980000000000001,1.064,1.106,5874.0
TOI-5728 b,,0.1169,11.49761,0.0685,0.0634,382.0,Primary Transit,TOI-5728,-0.12,0.36,0.37,3419.0
TOI-5734 b,0.0286,0.187,6.1841876,0.05921,0.108,688.0,Primary Transit,TOI-5734,-0.13,0.725,0.678,4670.0
TOI-5736 b,,0.1356,0.64899,0.01219,0.10200000000000001,1311.0,Primary Transit,TOI-5736,-0.30999999999999994,0.57,0.58,3949.0
TOI-5777 b,,0.22473,6.9171675,0.06283345065407106,0.30060000000000003,602.0,Primary Transit,TOI-5777,-0.055600000000000024,0.658,0.672,4208.0
TOI-5786 Ab,0.23,0.7708,12.779107,0.114,0.0,1040.0,Primary Transit,TOI-5786 A,0.08,1.23,1.36,6235.0
TOI-5788 b,0.0117,0.1365,6.340804,0.064,0.06,1000.8,Primary Transit,TOI-5788,-0.32,0.87,0.87,5615.0
TOI-5788 c,0.0201,0.2025,16.213358,0.1197,0.046,1122.6,Primary Transit,TOI-5788,-0.32,0.87,0.87,5615.0
TOI-5789 Ac,0.016,0.2552,12.927748,0.1009,0.0,718.0,Primary Transit,TOI-5789 A,-0.12,0.821,0.833,5185.0
TOI-5795 b,0.07444,0.5014,6.1406325,0.064,0.25,1136.78,Primary Transit,TOI-5795,-0.27,0.901,1.082,5715.0
TOI-5799 b,0.0129,0.1543,4.164507,0.0348,0.040999999999999995,505.0,Primary Transit,TOI-5799,0.01,0.32499999999999996,0.321,3452.0
TOI-5799 c,0.0132,0.157,14.010449,0.0782,0.0514,337.0,Primary Transit,TOI-5799,0.01,0.32499999999999996,0.321,3452.0
TOI-5800 b,0.034,0.2391,2.627882,0.0345,0.39,1119.0,Primary Transit,TOI-5800,0.019999999999999997,0.79,0.8,4830.0
TOI-5803 b,0.03392,0.292018,5.38305,0.05834748101334738,0.021199999999999997,679.0,Primary Transit,TOI-5803,-0.08639999999999999,0.87,0.76,5134.0
TOI-5806 Ab,2.27,1.35,3.1856381,0.0484,0.21559999999999996,1621.0,Primary Transit,TOI-5806 A,-0.019,1.333,1.387,6730.0
TOI-5811 Bb,0.81,1.96,6.25663,0.0731,0.106,1530.0,Primary Transit,HD 197518 B,-0.06,1.08,3.73,4840.0
TOI-5817 b,0.0324,0.2748,15.61031,0.1223,0.2,950.0,Primary Transit,TOI-5817,-0.24,0.97,1.427,5770.0
TOI-5833 b,,1.222,2.66881,0.03828616401493656,0.97632,1316.0,Primary Transit,TOI-5833,0.029999999999999995,1.0,1.06,5549.0
TOI-5836 b,,1.04,8.449876,0.06082521307659639,0.020679999999999997,350.0,Primary Transit,TOI-5836,-0.14800000000000002,0.4,0.41,3330.0
TOI-5852 b,,1.167,3.99524,0.04405835767738784,0.09,746.0,Primary Transit,TOI-5852,-0.166,0.68,0.67,4348.0
TOI-5871 b,,1.638,1.343636,0.02610084153220462,0.044000000000000004,1973.0,Primary Transit,TOI-5871,0.08000000000000003,1.25,1.1,6339.0
TOI-5889 b,,1.112,2.40132,0.031067865894910084,0.0702,919.0,Primary Transit,TOI-5889,0.11319999999999998,0.66,0.724,4224.0
TOI-5916 b,,1.013,2.367087,0.02774946953074002,0.10899999999999999,446.20000000000005,Radial Velocity,TOI-5916,-0.054400000000000004,0.484,0.486,3504.0
TOI-5926 b,,0.658,3.8116176,0.04766504556685967,0.061200000000000004,987.0,Primary Transit,TOI-5926,0.07799999999999999,0.946,0.89,5430.0
TOI-6000 b,,0.0839,0.448959,0.008375970016350303,0.26400000000000007,1120.0,Primary Transit,TOI-6000,-0.17400000000000002,0.37,0.38,3419.0
TOI-6002 b,0.012,0.1472,10.904821,0.05722,0.15,321.4,Primary Transit,TOI-6002,-0.18,0.24,0.21,3241.0
TOI-6008 b,0.0035,0.0919,0.8574347,0.0108,0.0674,707.0,Primary Transit,TOI-6008,0.3,0.22999999999999998,0.24,3075.0
TOI-6016 b,1.17,1.22,4.023687,0.055,0.0,1890.0,Primary Transit,TOI-6016,0.21,1.04,1.7,6004.0
TOI-6019 b,0.469,1.097,14.547952,0.1212,0.48000000000000004,1095.0,Primary Transit,TOI-6019,0.04000000000000001,1.13,2.02,5561.0
TOI-6022 b,,1.587,1.9281027,0.021928942734633663,0.3442,597.0,Primary Transit,TOI-6022,-0.1316,0.36,0.37,3264.0
TOI-6029 b,1.635,1.284,5.7987,0.0731,0.091,1227.2,Primary Transit,TOI-6029,0.37,1.548,2.338,6223.0
TOI-6034 Bb,0.798,1.063,2.576184,0.02949,0.04,714.0,Primary Transit,TOI-6034 B,-0.09,0.514,0.489,3635.0
TOI-6035 b,,0.70328,3.87124,0.0761,0.08126994191674733,964.7135467756585,Primary Transit,TOI-6035,-0.0013422812997046184,0.9367040345199569,0.94,5780.0
TOI-6038 Ab,0.247,0.5719,5.8267311,0.069,0.22199999999999998,1439.0,Primary Transit,TOI-6038 A,0.12400000000000001,1.29,1.65,6110.0
TOI-603 b,0.104,0.6575,16.179846,0.1282,0.22000000000000003,899.0,Primary Transit,TOI-603,0.183,1.34,1.477,6027.0
TOI-6041 b,0.03401,0.4059,26.04945,0.1651,0.2628,605.0,Primary Transit,TOI-6041,0.05,0.89,0.88,5417.0
TOI-6054 b,0.039,0.2364,7.501437,0.0763,0.16,1360.0,Primary Transit,TOI-6054,0.07,1.107,1.662,6047.0
TOI-6054 c,0.0289,0.25,12.56364,0.1,0.33,1144.0,Primary Transit,TOI-6054,0.07,1.107,1.662,6047.0
TOI-6055 b,,1.74379,0.8496822,0.013730032452657966,0.17224,741.4,Primary Transit,TOI-6055,-0.07399999999999998,0.455,0.68,3493.0
TOI-6080 b,,0.30137,8.056,0.08023247342659078,0.013999999999999999,712.6,Primary Transit,TOI-6080,0.07950000000000002,1.01,1.062,5680.0
TOI-6086 b,0.00529,0.1053,1.3888725,0.01541,0.21940000000000004,634.0,Primary Transit,TOI-6086,-0.2,0.25,0.26,3200.0
TOI-6109 b,,0.434511,5.6904,0.0599,0.07,903.2,Primary Transit,TOI-6109,0.0895,1.03,1.021,5660.0
TOI-6109 c,,0.431139,8.538878,0.0786,0.07,903.2,Primary Transit,TOI-6109,0.0895,1.03,1.021,5660.0
TOI-6130 b,1.05,1.28,2.392679,0.036,0.036,1750.0,Primary Transit,TOI-6130,0.17,1.09,1.27,5816.0
TOI-6158 b,0.425,0.93,3.0446899,0.03275,0.059,636.0,Primary Transit,TOI-6158,0.11,0.503,0.476,3467.0
TOI-615 b,0.435,1.693,4.66155983,0.0678,0.0,1666.0,Primary Transit,TOI-615,0.072,0.9826,0.94,5573.0
TOI-620 b,0.0485,0.3354,5.0988179,0.04825,0.19,604.0,Primary Transit,TOI-620,0.35,0.577,0.55,3708.0
TOI-6223 b,0.0805,0.4523,3.855219,0.04018,0.0334,714.0,Primary Transit,TOI-6223,-0.12,0.582,0.576,3895.0
TOI-622 b,0.303,0.824,6.402513,0.0708,0.0,1388.0,Primary Transit,TOI-622,0.04199999999999998,1.1734,0.94,5573.0
TOI-6255 b,0.00453,0.09626,0.23818244,0.0054,0.0,1300.0,Primary Transit,TOI-6255,-0.14,0.353,0.37,3421.0
TOI-6267 b,,0.4291,733.99,1.585,0.0838,1612.6,Primary Transit,TOI-6267,0.029999999999999995,0.986,1.27,5700.0
TOI-6281 b,,0.1713,1.05,0.01780713575378204,0.02840000000000001,944.6,Primary Transit,TOI-6281,-0.09,0.65,0.874,4160.1
TOI-628 b,6.33,1.06,3.4095675,0.0486,0.07,1586.0,Primary Transit,TOI-628,0.26,1.311,1.345,6250.0
TOI-6303 b,7.84,1.03,9.485236,0.076,0.020000000000000004,454.99999999999994,Primary Transit,TOI-6303,0.44,0.64,0.61,3977.0
TOI-6324 b,0.00368,0.09448,0.279221,0.00432,0.0,1532.2,Primary Transit,TOI-6324,-0.32,0.269,0.293,3327.0
TOI-6330 b,10.0,0.97,6.8500246,0.0576,0.34,416.0,Primary Transit,TOI-6330,0.08,0.53,0.49,3539.0
TOI-6383 Ab,1.04,1.0072,1.79058695,0.02292,0.05,745.0,Primary Transit,TOI-6383 A,0.2,0.458,0.457,3444.0
TOI-6393 b,,0.23419,9.532,0.08423933547945937,0.03459999999999999,966.0,Primary Transit,TOI-6393,0.16094,0.835,0.766,5022.0
TOI-640 Ab,0.88,1.771,5.0037775,0.06608,0.05,1749.0,Primary Transit,TOI-640 A,0.174,1.536,2.082,6460.0
TOI-6420 b,8.2,1.0,6.961508,0.075,0.08,1213.0,Primary Transit,TOI-6420,0.24,1.165,1.312,6020.0
TOI-6448 b,,0.78,14.844281,0.163,0.2,990.6,Primary Transit,TOI-6448,-0.0805,1.03,0.897,5910.0
TOI-6478 b,,0.41,34.005019,0.1136,0.0,1187.0,Primary Transit,TOI-6478,-0.18,0.22999999999999998,0.234,3230.0
TOI-654 b,0.02791,0.21492,1.527561,0.01942,0.1,727.0,Primary Transit,TOI-654,-0.07719999999999999,0.41999999999999993,0.43,3424.0
TOI-6559 Ab,,0.5505,733.38,1.581,0.09659999999999998,916.0,Primary Transit,TOI-6559 A,0.06,0.98,1.22,5878.0
TOI-6564 b,0.7,1.46,3.985413,0.0542,0.0,1445.0,Primary Transit,TOI-6564,0.19,1.18,1.7,5943.0
TOI-6628 b,0.75,0.98,18.18424,0.133,0.667,836.0,Primary Transit,TOI-6628,-0.2084,0.7867999999999999,0.94,5573.0
TOI-663 b,0.014,0.2025,2.598902,0.0295,0.12339999999999998,674.0,Primary Transit,TOI-663,0.07,0.514,0.512,3681.0
TOI-663 c,0.01148,0.2016,4.6955507,0.0437,0.0396,553.0,Primary Transit,TOI-663,0.07,0.514,0.512,3681.0
TOI-663 d,0.0164,0.1713,7.1027268,0.0576,0.2224,482.0,Primary Transit,TOI-663,0.07,0.514,0.512,3681.0
TOI-6651 b,0.192,0.4541,5.056973,0.0633,0.09,1324.6,Primary Transit,TOI-6651,0.2037,1.047,1.802,5818.93
TOI-6665 b,,0.2471,735.8,1.623,0.1334,1074.8,Primary Transit,TOI-6665,-0.32,1.054,1.245,5973.0
TOI-6668 b,,0.3078,718.65,1.605,0.1286,1028.0,Primary Transit,TOI-6668,-0.26,1.068,1.395,6002.0
TOI-6677 b,,0.7423,5.4496736,0.06974821214570644,0.22399999999999998,2055.2000000000003,Primary Transit,TOI-6677,0.044399999999999995,1.45,1.57,6760.0
TOI-6690 Ab,,0.22821,761.709,1.585,0.016920000000000004,939.4,Primary Transit,TOI-6690 A,0.019999999999999997,0.915,1.068,5599.0
TOI-6690 Ac,,0.24365,904.535,1.777,0.0558,238.0,Primary Transit,TOI-6690 A,0.019999999999999997,0.915,1.068,5599.0
TOI-6692 b,0.62,1.04,131.125,0.512,0.5399999999999999,467.00000000000006,Primary Transit,TOI-6692,-0.008,1.047,1.385,5890.0
TOI-6695 b,0.21,0.85,80.389,0.402,0.04,599.0,Primary Transit,TOI-6695,0.2,1.338,1.517,6400.0
TOI-6699 b,,0.34276,5.322002,0.05511043783877587,0.0826,976.0,Primary Transit,TOI-6699,0.1168,0.75,0.753,4716.0
TOI-6707 b,,0.5054,3.83472822512614,0.05092778194749947,0.053000000000000005,1509.0,Primary Transit,TOI-6707,-0.08,1.14,1.582,6088.0
TOI-6716 b,,0.0874,4.7185898,0.032,0.8799999999999999,369.0,Primary Transit,TOI-6716,-0.09,0.22299999999999998,0.231,3110.0
TOI-672 b,0.1601,0.4737,3.633581,0.0376,0.0,699.5,Primary Transit,TOI-672,-0.14,0.54,0.54,3810.0
TOI-674 b,0.0739,0.4693,1.977143,0.0231,0.1,661.0,Primary Transit,TOI-674,0.114,0.44199999999999995,0.421,3505.0
TOI-6752 b,1.29,0.97,11.364929,0.106,0.12,1110.0,Primary Transit,TOI-6752,0.15999999999999998,1.239,1.489,6150.0
TOI-677 b,1.234,1.17,11.2365985,0.1038,0.46,1252.0,Primary Transit,TOI-677,0.0,1.18,1.28,6295.0
TOI-682 b,0.0387,0.339,6.8392339,0.0668,0.0676,950.0,Primary Transit,TOI-682,0.27,0.85,1.084,5085.0
TOI-6883 Ab,4.34,1.087,16.24921,0.129,0.6,1118.0,Primary Transit,TOI-6883 A,0.32,1.082,1.086,5756.0
TOI-6894 b,0.168,0.855,3.37077196,0.02604,0.03,418.0,Primary Transit,TOI-6894,0.24,0.20699999999999996,0.2276,2960.0
TOI-6954 b,,0.33438,4.0207557,0.04736133029015655,0.1774,930.0,Primary Transit,TOI-6954,0.029999999999999995,0.834,0.947,5020.0
TOI-697 Ab,,0.182,8.60787,0.08273408389736024,0.04,911.0,Primary Transit,TOI-697 A,0.0036,0.97,0.968,5519.0
TOI-699.01,0.0202,0.2184,14.801,0.125,0.30000000000000004,1006.0,Primary Transit,TOI-699,0.04000000000000001,1.179,1.419,6139.0
TOI-699.02,0.0213,0.20564,33.634,0.215,0.388,765.0,Primary Transit,TOI-699,0.04000000000000001,1.179,1.419,6139.0
TOI-7008 b,,0.4416,0.84,0.016976330935442797,0.0059999999999999915,941.8,Primary Transit,TOI-7008,0.1338,0.88,0.952,5170.0
TOI-700 b,0.00406,0.08154,9.977219,0.0677,0.075,541.4000000000001,Primary Transit,TOI-700,-0.07,0.4159999999999999,0.42,3480.0
TOI-700 c,0.0079,0.232,16.051137,0.0929,0.068,539.4000000000001,Primary Transit,TOI-700,-0.07,0.4159999999999999,0.42,3480.0
TOI-700 d,0.0076,0.09573,37.42396,0.1633,0.042,295.0,Primary Transit,TOI-700,-0.07,0.4159999999999999,0.42,3480.0
TOI-700 e,,0.08502,27.80978,0.134,0.059,621.8,Primary Transit,TOI-700,-0.07,0.4159999999999999,0.42,3480.0
TOI-7018 b,,1.61,20.3158735,0.14615404145360522,0.092,771.6,Primary Transit,TOI-7018,0.1,0.96,0.933,5614.0
TOI-7041 b,0.36,1.02,9.691,0.091,0.04,1252.8,Primary Transit,TOI-7041,0.24999999999999997,1.07,4.1,4700.0
TOI-707 b,,0.215,52.79918,0.275,0.6823999999999999,456.0,Primary Transit,TOI-707,0.15999999999999998,0.99,0.978,5424.0
TOI-7081 b,,1.65,12.7617794,0.11288583358018289,0.037200000000000004,1013.4,Primary Transit,TOI-7081,-0.05499999999999999,1.121,1.092,6221.0
TOI-712 b,0.0176,0.1828,9.531361,0.07928,0.5399999999999999,650.0,Primary Transit,TOI-712,-0.02,0.732,0.674,4622.0
TOI-712 c,0.0274,0.241,51.69906,0.2447,0.089,370.0,Primary Transit,TOI-712,-0.02,0.732,0.674,4622.0
TOI-712 d,0.0236,0.22072,84.8396,0.3405,0.073,313.6,Primary Transit,TOI-712,-0.02,0.732,0.674,4622.0
TOI-7149 b,0.705,1.18,2.65206166,0.026,0.078,593.0,Primary Transit,TOI-7149,-0.08,0.344,0.351,3363.0
TOI-7155 b,,0.19244,3.8949005,0.04485490903212156,0.1348,914.0,Primary Transit,TOI-7155,-0.09040000000000001,0.755,0.67,4718.0
TOI-715 b,,0.1383,19.288064,0.083,0.052000000000000005,234.0,Primary Transit,TOI-715,-0.25,0.22499999999999998,0.24,3074.0
TOI-7166 b,0.0201,0.2132,12.920616,0.0503,0.0,329.0,Primary Transit,TOI-7166,0.24,0.22099999999999997,0.245,3092.0
TOI-7169 b,0.41,1.475,3.4373125,0.0428,0.055,1631.0,Primary Transit,TOI-7169,-0.72,0.885,1.5,5714.0
TOI-7173 b,,0.6486,0.6256828,0.012,0.053,624.4,Primary Transit,TOI-7173,-0.11599999999999998,0.582,0.593,3718.0
TOI-7189 b,0.5,0.98,2.89055,0.03294,0.0601,738.0,Primary Transit,TOI-7189,0.47,0.612,0.591,3775.0
TOI-7265 Bb,0.71,0.95,4.17232,0.04007,0.0372,571.0,Primary Transit,TOI-7265 B,0.35,0.5209999999999999,0.497,3503.0
TOI-7333 b,,0.1668,6.2644714,0.060636127868518686,0.004699999999999996,755.0,Primary Transit,TOI-7333,-0.3263999999999999,0.721,0.666,4568.0
TOI-733 b,0.018,0.1775,4.884765,0.0618,0.046,1055.8,Primary Transit,TOI-733,-0.039999999999999994,0.956,0.95,5585.0
TOI-7384 b,,0.3176,6.2340258,0.0439,0.4,378.0,Primary Transit,TOI-7384,0.18,0.31800000000000017,0.319,3185.0
TOI-7393 b,0.61,1.01,3.33708,0.03664,0.1198,747.0,Primary Transit,TOI-7393,-0.35,0.6000000000000001,0.582,3927.0
TOI-7394 b,2.1,1.02,1.252995,0.01913,0.0271,986.0,Primary Transit,TOI-7394,0.5,0.624,0.609,3717.0
TOI-7464 b,,0.9296,20.04169,0.116,0.076,467.99999999999994,Primary Transit,TOI-7464,-0.041999999999999996,0.517,0.52,3560.0
TOI-7510 b,0.0569,0.651,11.530869,0.102,0.05700000000000001,878.0,Primary Transit,TOI-7510,0.2,1.02,1.02,5820.0
TOI-7510 c,0.41,0.964,22.5687423,0.1595,0.008999999999999994,702.0,Primary Transit,TOI-7510,0.2,1.02,1.02,5820.0
TOI-7510 d,0.56,0.94,48.864468,0.2672,0.04,542.0,Primary Transit,TOI-7510,0.2,1.02,1.02,5820.0
TOI-7537 b,,0.1365,0.907204,0.0145,0.09939999999999999,546.8,"Primary Transit, Kinematic",TOI-7537,-0.07,0.49,0.4925,3701.0
TOI-756 Ab,0.03093,0.2507,1.2392495,0.018,0.51,934.0,Primary Transit,TOI-756 A,0.196,0.505,0.505,3657.0
TOI-757 b,0.033,0.223,17.46819,0.122,0.39,641.0,Primary Transit,TOI-757,-0.27,0.8,0.773,5278.0
TOI-762 Ab,0.251,0.744,3.4716826,0.03418,0.1774,555.4,Primary Transit,TOI-762 A,0.357,0.44199999999999995,0.425,3266.0
TOI-7639 b,,0.277,10.45465,0.09185805664447222,0.044,1147.0,Primary Transit,TOI-7639,-0.09,0.9,0.997,5241.0
TOI-763 Ab,0.0308,0.2034,5.6057,0.06,0.04,1038.0,Primary Transit,TOI-763 A,0.01,0.917,0.897,5450.0
TOI-763 Ac,0.02932,0.2346,12.2737,0.1,0.04,800.0,Primary Transit,TOI-763 A,0.01,0.917,0.897,5450.0
TOI-7689 b,,0.8725,1.482641,0.0154,0.176,384.0,Primary Transit,TOI-7689,-0.16800000000000007,0.22199999999999998,0.251,3478.0
TOI-7701 b,,0.7012,20.616076,0.156,0.074,905.6,Primary Transit,TOI-7701,0.10200000000000002,1.2,1.763,6230.0
TOI-7716 b,3.2,1.188,1.44044527,0.02065,0.1792,872.0,Primary Transit,TOI-7716,0.323,0.563,0.5299,3572.0
TOI-771 b,0.00777,0.1213,2.3260155,0.0208,0.055,543.0,Primary Transit,TOI-771,0.12,0.21999999999999997,0.242,3201.0
TOI-7724 b,,0.50781,3.5103,0.04319355385529796,0.0,988.8,Primary Transit,TOI-7724,-0.08400000000000002,0.83,0.887,5002.0
TOI-776 b,0.01466,0.165,8.24664,0.0652,0.036399999999999995,513.0,Primary Transit,TOI-776,-0.2,0.544,0.538,3709.0
TOI-776 c,0.0217,0.1829,15.665323,0.1,0.09,420.0,Primary Transit,TOI-776,-0.2,0.544,0.538,3709.0
TOI-777 b,,0.6531,16.6,0.13683466893855298,0.18819999999999998,1159.0,Primary Transit,TOI-777,0.115,1.18,1.6,6187.0
TOI-778 b,2.8,1.374,4.633611,0.06,0.21000000000000002,1473.2,Primary Transit,TOI-778,0.28,1.4,1.71,6875.0
TOI-782 b,0.0601,0.24391,8.0240015,0.0578,0.19,400.0,Primary Transit,TOI-782,0.34,0.397,0.413,3370.0
TOI-784 b,0.03043,0.1722,2.7970365,0.038,0.0,1702.2,Primary Transit,TOI-784,-0.13,0.91,0.907,5558.0
TOI-791 b,0.0299,0.993,139.29931,0.602,0.032,434.30000000000007,Primary Transit,TOI-791,-0.14,1.28,1.474,6294.0
TOI-791 c,0.0585,1.155,232.0157,0.863,0.027999999999999997,362.80000000000007,Primary Transit,TOI-791,-0.14,1.28,1.474,6294.0
TOI-799 b,,0.17352,5.54516606201839,0.062340907834941825,0.25151999999999997,958.0,Primary Transit,TOI-799,0.057999999999999996,1.0,0.915,5624.0
TOI-808 b,,0.21,9.736402,0.08661680634680315,0.0668,1009.6,Primary Transit,TOI-808,-0.08400000000000002,0.87,0.833,5154.0
TOI-813 b,,0.5986,83.8911,0.423,0.05,610.0,Primary Transit,TOI-813,0.1,1.32,1.94,5907.0
TOI-815 Ab,0.0239,0.2623,11.197259,0.0903,0.0,686.0,Primary Transit,TOI-815 A,-0.09,0.776,0.77,4869.0
TOI-815 Ac,0.0739,0.2337,34.976145,0.193,0.08,469.0,Primary Transit,TOI-815 A,-0.09,0.776,0.77,4869.0
TOI-824 b,0.058104,0.26104,1.392978,0.02177,0.17,555.0,Primary Transit,TOI-824,-0.15,0.69,0.68,4616.0
TOI-833 Ab,0.006,0.1133,1.04318777,0.0171,0.196,1118.0,Primary Transit,TOI-833 A,-0.12,0.61,0.6,3920.0
TOI-836 b,0.01425,0.15202,3.81673,0.0422,0.053,871.0,Primary Transit,TOI-836,-0.284,0.678,0.665,4552.0
TOI-836 c,0.0302,0.2308,8.59545,0.075,0.078,665.0,Primary Transit,TOI-836,-0.284,0.678,0.665,4552.0
TOI-837 Ab,0.395,0.817,8.3249114,0.0883,0.0,1000.0,Primary Transit,TOI-837 A,0.068,1.15,1.0,6104.0
TOI-849 b,0.1315,0.30726,0.765548,0.0155,0.0,1800.0,Primary Transit,TOI-849,0.19,0.929,0.919,5375.3
TOI-858 Bb,1.1,1.255,3.2797178,0.04445,0.15,1530.0,Primary Transit,TOI-858 B,0.15,1.08,1.3,5842.0
TOI-871 b,0.012,0.1481,14.362565,0.1054,0.095,655.4000000000001,Primary Transit,TOI-871,-0.07,0.758,0.719,4929.0
TOI-880 Ab,0.0098,0.1954,2.57571,0.0349,0.0,1085.0,Primary Transit,TOI-880 A,0.23,0.87,0.83,5050.0
TOI-880 Ac,0.0717,0.4416,6.3872703,0.0635,0.0,805.0,Primary Transit,TOI-880 A,0.23,0.87,0.83,5050.0
TOI-880 Ad,0.0412,0.303,14.33201,0.1098,0.1494,612.0,Primary Transit,TOI-880 A,0.23,0.87,0.83,5050.0
TOI-883 b,0.124,0.6361,10.057734,0.087,0.22000000000000003,1040.0,Primary Transit,TOI-883,0.019999999999999997,0.956,0.988,5697.0
TOI-892 b,0.95,1.07,10.62656,0.092,0.125,1397.0,Primary Transit,TOI-892,0.24,1.28,1.39,6261.0
TOI-899 b,0.12,0.6,10.057716,0.0898,0.0,1086.0,Primary Transit,TOI-899,0.1,0.972,1.086,5696.0
TOI-904 b,,0.2168,10.8772,0.056,0.2738,429.0,Primary Transit,TOI-904,0.019999999999999997,0.5270000000000001,0.527,3770.0
TOI-904 c,,0.1936,83.9997,0.312,0.22399999999999998,217.0,Primary Transit,TOI-904,0.019999999999999997,0.5270000000000001,0.527,3770.0
TOI-905 Ab,0.667,1.171,3.739494,0.04666,0.024000000000000007,1192.0,Primary Transit,TOI-905 A,0.2,0.85,1.14,5300.0
TOI-907 Ab,,0.856,4.5849129,0.055,0.04044,1847.0,Primary Transit,TOI-907 A,0.048,1.2,2.06,6224.0
TOI-908 b,0.050773,0.28424,3.183792,0.041657,0.0,1317.0,Primary Transit,TOI-908,0.08,0.95,1.028,5626.0
TOI-912 b,0.016,0.1722,4.6780691,0.041,0.58,551.0,Primary Transit,TOI-912,-0.19,0.4179999999999999,0.419,3572.0
TOI-913 b,0.0208,0.2192,11.098644,0.09267188201239245,0.031999999999999994,712.0,Primary Transit,TOI-913,0.115,0.82,0.7325,4969.0
TOI-921 b,,0.30119,5.12872650603197,0.06163999471956082,0.13946,951.0,Primary Transit,TOI-921,-0.057999999999999996,1.13,1.141,6055.0
TOI-929 Ab,,0.24133,5.830149,0.057233354454925736,0.11200000000000002,774.0,Primary Transit,TOI-929 A,-0.023399999999999997,0.7,0.717,4451.0
TOI-938 Ab,,0.36498,8.8073507,0.0876041149318385,0.04445999999999999,1073.0,Primary Transit,TOI-938 A,0.044399999999999995,1.1,0.985,5981.0
TOI-941 b,,0.62058,8.5145626,0.08507681706116538,0.028959999999999993,1000.0,Primary Transit,TOI-941,0.23399999999999996,1.078,1.185,5920.0
TOI-942 b,2.599,0.4291,4.32419,0.04796,0.0,1428.2,Primary Transit,TOI-942,0.0,0.88,0.893,4969.0
TOI-942 c,2.501,0.5166,10.15643,0.0847,0.0,1428.2,Primary Transit,TOI-942,0.0,0.88,0.893,4969.0
TOI-954 Ab,0.174,0.852,3.6849729,0.04963,0.14,1526.0,Primary Transit,TOI-954 A,0.215,1.201,1.892,5710.0
TOI-969 b,0.0286,0.24668,1.8237305,0.02636,0.1886,941.0,Primary Transit,TOI-969,0.175,0.734,0.671,4435.0
TRAPPIST-1 b,0.0027,0.09689,1.51087081,0.01111,0.0,400.1,Primary Transit,TRAPPIST-1,0.04000000000000001,0.07999999999999996,0.117,2560.0
TRAPPIST-1 c,0.00434,0.09421,2.4218233,0.01521,0.0,341.9,Primary Transit,TRAPPIST-1,0.04000000000000001,0.07999999999999996,0.117,2560.0
TRAPPIST-1 d,0.0013,0.0689,4.04961,0.02144,0.0,288.0,Primary Transit,TRAPPIST-1,0.04000000000000001,0.07999999999999996,0.117,2560.0
TRAPPIST-1 e,0.002,0.0819,6.099615,0.02817,0.0050000000000000044,251.30000000000007,Primary Transit,TRAPPIST-1,0.04000000000000001,0.07999999999999996,0.117,2560.0
TRAPPIST-1 f,0.0021,0.09323,9.20669,0.0371,0.009999999999999995,219.0,Primary Transit,TRAPPIST-1,0.04000000000000001,0.07999999999999996,0.117,2560.0
TRAPPIST-1 g,0.00422,0.1005,12.35294,0.0451,0.0020000000000000018,198.60000000000002,Primary Transit,TRAPPIST-1,0.04000000000000001,0.07999999999999996,0.117,2560.0
TRAPPIST-1 h,0.001041,0.0674,20.0,0.063,0.21140000000000003,168.0,Primary Transit,TRAPPIST-1,0.04000000000000001,0.07999999999999996,0.117,2560.0
TrES-1 Ab,0.761,1.099,3.0300722,0.0393,0.0,1556.7999999999997,Primary Transit,TrES-1 A,0.041400000000000006,0.896,0.857,5242.82
TrES-2 Ab,1.253,1.189,2.4706133738,0.03555,0.0,1455.0,Primary Transit,TrES-2 A,-0.15,0.98,1.0,5850.0
TrES-3 b,1.91,1.305,1.30618608,0.0226,0.0,1304.2,Primary Transit,TrES-3,-0.19,0.924,0.813,5720.0
TrES-4 Ab,0.917,1.706,3.5539268,0.05084,0.0,1641.0,Primary Transit,TrES-4 A,0.14,1.388,1.798,6200.0
TrES-5 b,1.778,1.209,1.4822446,0.02446,0.022000000000000006,708.2,Primary Transit,TrES-5,0.2,0.893,0.866,5171.0
UX Tau Ab,,6.8,2108530.841943881,360.0,0.253,3125.0,Imaging,UX Tau A,0.19199999999999998,1.4,1.74,4710.0
VHS 1256-1257 (AB)b,12.0,1.25,5840000.0,350.0,0.7,1400.0,Imaging,VHS 1256-1257 (AB),-0.09400000000000004,0.07299999999999995,0.16,2620.0
WASP-100 Ab,2.03,1.69,2.849375,0.0457,0.0,2099.0,Primary Transit,WASP-100 A,-0.03,1.44,1.774,6733.0
WASP-101 b,0.5,1.36,3.5857076,0.0496,0.0,1573.0,Primary Transit,WASP-101,0.2,1.34,1.29,6400.0
WASP-102 b,0.621,1.33,2.709813,0.041,0.0,1671.0,Primary Transit,WASP-102,-0.2,1.08,1.375,5990.0
WASP-103 b,1.49,1.528,0.925542,0.01985,0.3068,2508.0,Primary Transit,WASP-103,0.06,1.22,1.436,6110.0
WASP-104 Ab,1.272,1.137,1.7554137,0.02918,0.0,1516.0,Primary Transit,WASP-104 A,0.32,1.02,0.93,5450.0
WASP-105 b,1.8,0.96,7.87288,0.075,0.0,1530.2,Primary Transit,WASP-105,0.28,0.89,0.9,5070.0
WASP-106 b,1.925,1.085,9.289715,0.0917,0.0,1140.0,Primary Transit,WASP-106,-0.09,1.27,1.85,6000.0
WASP-107 b,0.096,0.94,5.7214876,0.055,0.09,720.5999999999999,Primary Transit,WASP-107,0.019999999999999997,0.69,0.66,4430.0
WASP-108 Ab,1.167,1.215,2.6755463,0.0397,0.0,1590.0,Primary Transit,WASP-108 A,0.05,1.167,1.215,6000.0
WASP-109 b,0.91,1.443,3.3190233,0.0463,0.0,1695.0,Primary Transit,WASP-109,-0.22,1.203,1.346,6520.0
WASP-10 b,3.16,1.08,3.0927616,0.0371,0.05700000000000001,789.2,Primary Transit,WASP-10,0.029999999999999995,0.71,0.783,4675.0
WASP-110 b,0.515,1.238,3.7783977,0.0457,0.0,1134.0,Primary Transit,WASP-110,-0.06,0.892,0.881,5400.0
WASP-111 Ab,1.85,1.442,2.310965,0.03914,0.0,2140.0,Primary Transit,WASP-111 A,0.08,1.336,1.954,6510.0
WASP-112 b,0.88,1.191,3.0353992,0.0382,0.0,1395.0,Primary Transit,WASP-112,-0.64,0.807,1.002,5610.0
WASP-113 Ab,0.475,1.409,4.54216874538,0.05885,0.0,1496.0,Primary Transit,WASP-113 A,0.1,1.318,1.608,5890.0
WASP-114 Ab,1.769,1.339,1.5487743,0.02851,0.011999999999999997,2043.0,Primary Transit,WASP-114 A,0.14,1.289,1.43,5940.0
WASP-116 b,0.64,1.22,6.6132,0.065,0.0,1414.0,Primary Transit,WASP-116,0.0,1.25,1.426,6250.0
WASP-117 b,0.3,0.98,10.020593,0.0714,0.302,1179.0,Primary Transit,WASP-117,-0.11,1.126,1.17,6040.0
WASP-118 Ab,0.514,1.44,4.0460435,0.05453,0.0,1729.0,Primary Transit,WASP-118 A,0.15999999999999998,1.29,1.81,6404.0
WASP-119 b,1.23,1.4,2.49979,0.0363,0.058,1600.0,Primary Transit,WASP-119,0.14,1.02,1.2,5650.0
WASP-120 Ab,5.06,1.515,3.6112706,0.0522,0.059,1880.0,Primary Transit,WASP-120 A,-0.05,1.36,1.684,6572.0
WASP-121 b,1.184,1.865,1.2749255,0.02544,0.020000000000000004,946.2,Primary Transit,WASP-121,0.13,1.353,1.458,6460.0
WASP-122 Ab,1.401,1.792,1.7100567,0.03107,0.0,1970.0,Primary Transit,WASP-122 A,0.32,1.06,1.508,5875.0
WASP-123 Ab,0.92,1.327,2.977641,0.0431,0.0,1510.0,Primary Transit,WASP-123 A,0.18,1.025,1.22,5737.0
WASP-124 b,0.6,1.24,3.37265,0.0499,0.017,1400.0,Primary Transit,WASP-124,-0.02,1.07,1.02,6050.0
WASP-126 b,0.2841,0.96,3.2888,0.0449,0.18,1480.0,Primary Transit,WASP-126,0.17,1.12,1.27,5800.0
WASP-127 Ab,0.17,1.293,4.17806348,0.0495,0.044399999999999995,1406.0,Primary Transit,WASP-127 A,-0.193,1.05,1.347,5828.0
WASP-129 Ab,1.0,0.93,5.748145,0.0628,0.096,1100.0,Primary Transit,WASP-129 A,0.15,1.0,0.9,5900.0
WASP-12 Ab,1.47,1.9,1.09141937,0.02344,0.0,2593.0,Primary Transit,WASP-12 A,0.3,1.434,1.657,6360.0
WASP-130 Ab,1.23,0.89,11.55098,0.1012,0.0,833.0,Primary Transit,WASP-130 A,0.26,1.04,0.96,5625.0
WASP-131 Ab,0.27,1.19,5.3220096,0.0602,0.0,1466.0,Primary Transit,WASP-131 A,0.18,1.06,1.53,6030.0
WASP-132 b,0.428,0.901,7.1335164,0.067,0.016299999999999995,682.0,"Primary Transit, Radial Velocity",WASP-132,0.21999999999999997,0.789,0.758,4686.0
WASP-132 c,0.0197,0.16424,1.01153624,0.01833,0.0,1329.0,"Primary Transit, Radial Velocity",WASP-132,0.21999999999999997,0.789,0.758,4686.0
WASP-133 b,1.16,1.21,2.176423,0.0345,0.17,1790.0,Primary Transit,WASP-133,0.29,1.16,1.44,5700.0
WASP-134 b,1.412,0.988,10.1467583,0.0956,0.1447,953.0,Primary Transit,WASP-134,0.4,1.131,1.16,5700.0
WASP-135 b,1.9,1.3,1.4013776,0.0243,0.0,1543.1999999999998,Primary Transit,WASP-135,0.019999999999999997,0.98,0.96,5680.0
WASP-136 Ab,1.51,1.38,5.215357,0.0661,0.08600000000000001,1189.6,Primary Transit,WASP-136 A,-0.37,1.13,2.39,6067.2
WASP-137 Ab,0.681,1.27,3.9080284,0.0519,0.14,1601.0,Primary Transit,WASP-137 A,0.487,1.216,1.65,6100.0
WASP-139 Ab,0.117,0.8,5.924262,0.062,0.0,910.0,Primary Transit,WASP-139 A,0.2,0.87,0.846,5151.0
WASP-13 b,0.52,1.32,4.35323,0.052,0.0,1530.0,Primary Transit,WASP-13,0.0,1.002,0.94,5826.0
WASP-140 Ab,2.44,1.44,2.2359835,0.0323,0.047,1320.0,Primary Transit,WASP-140 A,0.12,0.9,0.87,5260.0
WASP-141 b,2.69,1.21,3.310651,0.0469,0.0,1540.0,Primary Transit,WASP-141,0.29,1.25,1.37,5900.0
WASP-142 b,0.84,1.53,2.052868,0.0347,0.0,2000.0,Primary Transit,WASP-142,0.26,1.33,1.64,6010.0
WASP-143 b,0.725,1.234,3.778873,0.049,0.0007000000000000062,1325.0,Primary Transit,WASP-143,0.23,1.087,1.0,5900.0
WASP-144 b,0.44,0.85,2.2783152,0.0316,0.0,1260.0,Primary Transit,WASP-144,0.18,0.81,0.81,4950.0
WASP-145 Ab,0.89,0.9,1.7690381,0.0261,0.0,1200.0,Primary Transit,WASP-145 A,-0.039999999999999994,0.76,0.68,4900.0
WASP-146 b,1.11,1.228,3.396944,0.0451,0.15,1486.0,Primary Transit,WASP-146,-0.01,1.057,1.29,6100.0
WASP-147 b,0.275,1.115,4.60273,0.0549,0.0,1415.4,Primary Transit,WASP-147,0.092,1.044,1.429,5702.0
WASP-148 b,0.287,0.756,8.80345,0.08215,0.20800000000000002,940.0,Primary Transit,WASP-148,0.11,1.0,1.03,5460.0
WASP-149 b,0.991,1.36,1.332813,0.024,0.0,1855.0,Primary Transit,WASP-149,0.0,1.05,1.08,5750.0
WASP-14 Ab,7.341,1.281,2.2437661,0.036,0.087,1230.6,Primary Transit,WASP-14 A,0.0,1.211,1.306,6475.0
WASP-150 b,8.46,1.07,5.644207,0.0694,0.3775,1460.0,Primary Transit,WASP-150,0.2,1.346,1.706,6093.0
WASP-151 b,0.31,1.13,4.533471,0.055,0.0,1651.8000000000002,Primary Transit,WASP-151,0.1,1.077,1.14,5871.0
WASP-153 Ab,0.39,1.55,3.332609,0.048,0.0,1638.6000000000001,Primary Transit,WASP-153 A,0.34,1.336,1.73,5914.0
WASP-154 b,0.626,0.96,3.811678,0.044,0.0,994.0,Primary Transit,WASP-154,0.2,0.8,0.823,4774.0
WASP-155 b,0.871,1.2,3.110413,0.043,0.0,1468.0,Primary Transit,WASP-155,0.0,1.09,1.24,5660.0
WASP-156 b,0.1303,0.554,3.8361623,0.0451,0.0,972.0,Primary Transit,WASP-156,0.24,0.842,0.76,4910.0
WASP-157 b,0.576,0.998,3.951623,0.0499,0.0,1193.0,Primary Transit,WASP-157,0.24999999999999997,1.06,1.1,5772.0
WASP-158 b,2.79,1.07,3.65499254981232,0.0517,0.0,1590.0,Primary Transit,WASP-158,0.24,1.38,1.39,6350.0
WASP-159 b,0.55,1.38,3.840401,0.0538,0.0,1850.0,Primary Transit,WASP-159,0.21999999999999997,1.41,2.11,6000.0
WASP-15 b,0.542,1.428,3.7520656,0.0499,0.0,1337.6000000000001,Primary Transit,WASP-15,-0.17,1.18,1.477,6300.0
WASP-160 Bb,0.281,1.093,3.768495,0.0455,0.0,1543.4,Primary Transit,WASP-160 B,0.38900000000000007,0.89,0.872,5302.0
WASP-161 b,2.49,1.143,5.4060425,0.0673,0.191,1547.4,Primary Transit,WASP-161,0.15999999999999998,1.39,1.712,6406.0
WASP-162 b,5.2,1.0,9.62468,0.0871,0.434,910.0,Primary Transit,WASP-162,0.28,0.95,1.11,5300.0
WASP-163 Ab,1.87,1.202,1.6096884,0.0266,0.23879999999999996,1345.4,Primary Transit,WASP-163 A,-0.34,1.318,1.146,6472.0
WASP-164 b,2.13,1.128,1.7771255,0.02818,0.0,1235.2,Primary Transit,WASP-164,-0.01,0.946,0.932,5806.0
WASP-165 b,0.658,1.26,3.465509,0.04823,0.0,1595.0,Primary Transit,WASP-165,0.33,1.248,1.75,5599.0
WASP-166 b,0.102,0.6155,5.44354215,0.0668,0.0,1270.0,Primary Transit,WASP-166,0.19,1.19,1.22,6050.0
WASP-167 b,0.37,1.62,2.0219583,0.0365,0.029599999999999987,1676.0,Primary Transit,WASP-167,-0.039999999999999994,1.518,1.756,7043.0
WASP-168 Ab,0.42,1.5,4.153658,0.0519,0.0,1340.0,Primary Transit,WASP-168 A,-0.01,1.08,1.12,6000.0
WASP-169 b,0.561,1.304,5.6114118,0.0681,0.0,1604.0,Primary Transit,WASP-169,0.06,1.337,2.011,6110.0
WASP-16 b,0.855,1.008,3.1186009,0.0421,0.0,1627.0,Primary Transit,WASP-16,0.01,1.022,0.946,5550.0
WASP-16 c,,0.196,10.457,0.0943,0.06,810.0,Primary Transit,WASP-16,0.01,1.022,0.946,5550.0
WASP-170 Ab,1.6,1.096,2.34478022,0.0337,0.1266,875.6,Primary Transit,WASP-170 A,0.21999999999999997,0.93,0.938,5593.0
WASP-171 b,1.084,0.988,3.8186244,0.0504,0.0,1642.0,Primary Transit,WASP-171,0.04000000000000001,1.171,1.637,5965.0
WASP-172 b,0.47,1.57,5.477433,0.0694,0.0,1740.0,Primary Transit,WASP-172,-0.1,1.49,1.91,6900.0
WASP-174 b,0.33,1.437,4.2337005,0.05503,0.0,1528.0,Primary Transit,WASP-174,0.12,1.28,0.94,6400.0
WASP-175 Ab,0.99,1.208,3.0652907,0.044,0.0,1571.0,Primary Transit,WASP-175 A,0.15,1.212,1.204,6229.0
WASP-176 b,0.855,1.505,3.899052,0.0535,0.0,1721.0,Primary Transit,WASP-176,0.215,1.27,1.945,5902.0
WASP-177 b,0.508,1.58,3.071722,0.03957,0.10600000000000001,1142.0,Primary Transit,WASP-177,0.24999999999999997,0.876,0.885,5017.0
WASP-178 b,1.41,1.94,3.3448285,0.0558,0.0,2402.0,Primary Transit,WASP-178,-0.06,1.93,1.801,8640.0
WASP-17 b,0.486,1.991,3.735438,0.0515,0.027999999999999997,1460.2,Primary Transit,WASP-17,-0.19,1.2,1.38,6650.0
WASP-180 Ab,0.8,1.29,3.409265,0.048,0.11399999999999996,1570.0,Primary Transit,WASP-180 A,0.1,1.3,1.19,6600.0
WASP-181 b,0.299,1.184,4.5195064,0.05427,0.0848,1186.0,Primary Transit,WASP-181,0.09,1.04,0.965,5839.0
WASP-182 b,0.148,0.85,3.3769848,0.0451,0.0,1479.0,Primary Transit,WASP-182,0.27,1.076,1.34,5638.0
WASP-183 b,0.502,1.47,4.1117771,0.04632,0.1434,1111.0,Primary Transit,WASP-183,-0.31,0.784,0.871,5313.0
WASP-184 b,0.57,1.33,5.1817,0.0627,0.0,1777.8000000000002,Primary Transit,WASP-184,0.12,1.23,1.65,6000.0
WASP-185 b,0.98,1.25,9.38755,0.0904,0.24,1419.6,Primary Transit,WASP-185,0.06200000000000001,1.16726,0.94,5573.0
WASP-186 b,4.22,1.11,5.026799,0.06,0.33,1325.6,Primary Transit,WASP-186,0.029219999999999996,1.22,1.47,6361.0
WASP-187 b,0.8,1.766,5.147882,0.0671,0.0,1925.0,Primary Transit,WASP-187,-0.10799999999999998,1.54,2.83,6150.0
WASP-188 Ab,1.443,1.322,5.748916,0.072,0.0,1666.0,Primary Transit,WASP-188 A,0.0,1.5,1.83,6850.0
WASP-189 Ab,1.99,1.619,2.724033,0.05053,0.0,3353.0,Primary Transit,WASP-189 A,0.0,1.887,2.33,7996.0
WASP-18 Ab,10.4296,1.165,0.9414518,0.02047,0.008800000000000002,2069.0,Primary Transit,WASP-18 A,0.0,1.24,1.23,6400.0
WASP-190 b,1.0,1.15,5.367753,0.0663,0.27242,1500.0,Primary Transit,WASP-190,-0.02,1.35,1.6,6400.0
WASP-192 b,2.3,1.23,2.8786765,0.0408,0.0,914.8,Primary Transit,WASP-192,0.033720000000000014,1.19,0.94,5573.0
WASP-193 Ab,0.139,1.464,6.2463345,0.0676,0.056,1254.0,Primary Transit,WASP-193 A,-0.06,1.12,1.225,6076.0
WASP-194 Ab,1.174,1.381,3.183387,0.047,0.0,1693.0,Primary Transit,WASP-194 A,0.0,1.29,1.409,6405.0
WASP-195 b,0.104,0.92,5.051928,0.063,0.0,1522.0,Primary Transit,WASP-195,0.0,1.3,1.578,6300.0
WASP-197 b,1.269,1.289,5.167228,0.065,0.0,1665.0,Primary Transit,WASP-197,0.0,1.36,2.112,6050.0
WASP-19 Ab,1.139,1.41,0.78884,0.016634,0.004600000000000007,2077.0,Primary Transit,WASP-19 A,0.019999999999999997,0.904,1.004,5500.0
WASP-1 Ab,0.947,1.514,2.5199448,0.03958,0.0,1466.0,Primary Transit,WASP-1 A,0.21,1.153,1.564,6116.0
WASP-20 Ab,0.313,1.459,4.8996285,0.06003,0.0,1379.0,Primary Transit,WASP-20 A,-0.009,1.202,1.392,5950.0
WASP-21 b,0.3,1.21,4.3225126,0.052,0.0,1466.0,Primary Transit,WASP-21,-0.4,1.01,1.06,5800.0
WASP-22 b,0.617,1.199,3.5327313,0.04698,0.0,1749.0,Primary Transit,WASP-22,-0.05,1.1,1.13,6000.0
WASP-23 b,0.884,0.962,2.9444256,0.0376,0.062,914.48,Primary Transit,WASP-23,-0.0298,0.78,0.765,5150.0
WASP-24 Ab,1.071,1.3,2.3412127,0.03651,0.0,1442.0,Primary Transit,WASP-24 A,0.07,1.129,1.147,6075.0
WASP-25 b,0.58,1.26,3.76483,0.0474,0.0,1371.0,Primary Transit,WASP-25,-0.05,1.0,0.95,5750.0
WASP-26 Ab,1.028,1.281,2.7566004,0.03985,0.0,1403.0,Primary Transit,WASP-26 A,-0.02,1.12,1.34,5950.0
WASP-28 b,0.907,1.213,3.40883,0.04469,0.046,1468.0,Primary Transit,WASP-28,-0.2899999999999999,1.021,1.094,6150.0
WASP-29 Ab,0.243,0.775,3.92271218,0.047,0.03,1094.2,Primary Transit,WASP-29 A,0.11,0.825,0.846,4800.0
WASP-2 Ab,0.847,1.079,2.15222144,0.03138,0.0,1456.4,Primary Transit,WASP-2 A,-0.08,0.84,0.834,5150.0
WASP-31 b,0.478,1.507,3.4058879,0.0479,0.0,1575.0,Primary Transit,WASP-31,-0.19,1.16,1.24,6200.0
WASP-32 b,3.6,1.18,2.71865,0.0394,0.018000000000000002,843.6,Primary Transit,WASP-32,-0.13,1.1,1.11,6100.0
WASP-33 Ab,2.8,1.603,1.21986967,0.02558,0.0,2782.0,Primary Transit,WASP-33 A,0.1,1.495,1.444,7400.0
WASP-34 b,0.58,1.26,4.31768509,0.0545,0.038,1252.0,Primary Transit,WASP-34,-0.02,1.01,0.93,5700.0
WASP-35 b,0.72,1.32,3.161575,0.04317,0.0,914.8,Primary Transit,WASP-35,0.033720000000000014,1.19,0.94,5573.0
WASP-36 Ab,2.279,1.269,1.5373653,0.02624,0.0,1781.0,Primary Transit,WASP-36 A,-0.31,1.02,0.943,5881.0
WASP-37 b,1.8,1.16,3.577471,0.04339,0.0,1370.8,Primary Transit,WASP-37,-0.4,0.849,0.977,5800.0
WASP-38 b,2.712,1.079,6.871815,0.07551,0.0321,1225.2,Primary Transit,WASP-38,-0.12,1.216,1.365,6150.0
WASP-39 b,0.28,1.27,4.055259,0.0486,0.0,1537.2,Primary Transit,WASP-39,-0.12,0.93,0.895,5400.0
WASP-3 Ab,1.81,1.392,1.8468354,0.0313,0.0,2850.0,Primary Transit,WASP-3 A,-0.039999999999999994,1.26,1.36,6352.0
WASP-41 b,0.94,1.18,3.052404,0.04,0.025999999999999995,1244.0,Primary Transit,WASP-41,-0.08,0.95,1.01,5450.0
WASP-42 b,0.5,1.08,4.9816872,0.0458,0.06,946.2,Primary Transit,WASP-42,0.09499999999999999,0.6762,0.94,5573.0
WASP-43 b,2.052,1.036,0.81347753,0.01526,0.003500000000000003,1423.0,Primary Transit,WASP-43,-0.01,0.717,0.667,4520.0
WASP-44 b,0.889,1.14,2.4238039,0.03473,0.0,1665.0,Primary Transit,WASP-44,0.06,0.951,0.927,5410.0
WASP-45 Ab,1.007,1.16,3.1260876,0.04054,0.0,1606.2,Primary Transit,WASP-45 A,0.36,0.909,0.945,5140.0
WASP-46 b,2.101,1.31,1.43037,0.02448,0.0,1701.0,Primary Transit,WASP-46,-0.37,0.956,0.917,5620.0
WASP-47 b,1.14243,1.127,4.1591289,0.052,0.002799999999999997,1275.0,Primary Transit,WASP-47,0.38,1.04,1.14,5552.0
WASP-47 d,0.04122,0.319,9.03077,0.088,0.013999999999999999,990.0,Primary Transit,WASP-47,0.38,1.04,1.14,5552.0
WASP-47 e,0.02149,0.161,0.789592,0.0173,0.03,1393.2,Primary Transit,WASP-47,0.38,1.04,1.14,5552.0
WASP-48 b,0.98,1.67,2.143634,0.03444,0.0,1616.8000000000002,Primary Transit,WASP-48,-0.12,1.19,1.75,5990.0
WASP-49 Ab,0.399,1.198,2.7817387,0.03873,0.0,1400.0,Primary Transit,WASP-49 A,-0.23,0.989,1.02,5597.0
WASP-4 b,1.1974,1.3846,1.338231602,0.02312,0.005299999999999999,909.6,Primary Transit,WASP-4,-0.03,0.93,1.15,5500.0
WASP-50 b,1.437,1.138,1.9550959,0.02913,0.008999999999999994,1394.84,Primary Transit,WASP-50,-0.12,0.861,0.855,5400.0
WASP-52 b,0.46,1.27,1.74977083,0.0272,0.0,1319.8,Primary Transit,WASP-52,0.029999999999999995,0.87,0.79,5000.0
WASP-53 b,2.132,1.074,3.3098443,0.04101,0.0,1763.0,Primary Transit,WASP-53,0.21999999999999997,0.839,0.798,4953.0
WASP-54 Ab,0.63,1.57,3.6935995,0.053,0.025,1725.0,Primary Transit,WASP-54 A,-0.119,1.145,1.78,6097.47
WASP-55 Ab,0.61,1.33,4.46563,0.0533,0.0,1290.0,Primary Transit,WASP-55 A,-0.2,1.11,1.09,5900.0
WASP-56 Ab,0.599,1.092,4.617101,0.05614,0.082,1216.0,Primary Transit,WASP-56 A,0.43000000000000005,1.04,1.113,5797.0
WASP-57 b,0.8,1.1,2.8,0.0761,0.08126994191674733,964.7135467756585,Primary Transit,WASP-57,-0.0013422812997046184,0.9367040345199569,0.94,5573.0
WASP-58 Ab,0.89,1.37,5.01718,0.0561,0.0,1599.0,Primary Transit,WASP-58 A,-0.45,0.94,1.17,5800.0
WASP-59 Ab,0.863,0.775,7.919585,0.0697,0.1,670.0,Primary Transit,WASP-59 A,-0.15,0.719,0.613,4650.0
WASP-5 b,1.637,1.171,1.6284246,0.02729,0.0,1411.6,Primary Transit,WASP-5,0.09,1.0,1.084,5700.0
WASP-60 b,0.514,0.86,4.3050011,0.0531,0.0,1320.0,Primary Transit,WASP-60,-0.039999999999999994,1.078,1.14,5900.0
WASP-61 b,2.06,1.24,3.8559,0.0514,0.0,1845.0,Primary Transit,WASP-61,-0.1,1.22,1.36,6250.0
WASP-62 b,0.58,1.39,4.41193811,0.0581,0.0,1415.0,Primary Transit,WASP-62,0.04000000000000001,1.25,1.28,6230.0
WASP-63 b,0.38,1.43,4.37809,0.0574,0.0,1644.8000000000002,Primary Transit,WASP-63,0.08,1.32,1.88,5550.0
WASP-64 Bb,1.221,1.271,1.5732918,0.02648,0.0,1689.0,Primary Transit,WASP-64 B,-0.08,1.0,1.0954,5652.0
WASP-65 b,1.55,1.112,2.3114243,0.0334,0.128,695.6,Primary Transit,WASP-65,-0.07,0.93,0.94,5600.0
WASP-66 b,2.32,1.39,4.086052,0.0546,0.0,1694.2,Primary Transit,WASP-66,-0.31,1.3,1.75,6600.0
WASP-67 b,0.42,1.4,4.61442,0.0517,0.0,1443.8,Primary Transit,WASP-67,-0.07,0.87,0.87,5200.0
WASP-68 Ab,0.95,1.24,5.084298,0.06206,0.0,1728.8000000000002,Primary Transit,WASP-68 A,0.19,1.011,1.74,5692.5
WASP-69 b,0.26,1.057,3.8681382,0.04525,0.0,963.0,Primary Transit,WASP-69,0.144,0.826,0.813,4715.0
WASP-6 b,0.503,1.224,3.361006,0.0421,0.054,1185.8,Primary Transit,WASP-6,-0.2,0.888,0.87,5450.0
WASP-70 Ab,0.59,1.164,3.7130203,0.04853,0.0,1387.0,Primary Transit,WASP-70 A,-0.006,1.106,1.215,5763.0
WASP-71 Ab,2.258,1.5,2.9036747,0.04631,0.0,1661.8000000000002,Primary Transit,WASP-71 A,0.15,1.572,2.32,6050.0
WASP-72 Ab,1.446,1.27,2.2167421,0.03711,0.017,2210.0,Primary Transit,WASP-72 A,-0.361,1.03,2.66,5773.47
WASP-73 b,1.89,1.17,4.087298,0.049,0.0,1890.0,Primary Transit,WASP-73,0.14,1.34,2.07,6030.0
WASP-74 b,0.826,1.248,2.13775138,0.03443,0.0868,1865.0,Primary Transit,WASP-74,0.39,1.48,1.64,5970.0
WASP-75 Ab,1.07,1.27,2.484193,0.0375,0.0,1710.0,Primary Transit,WASP-75 A,0.07,1.14,1.26,6100.0
WASP-76 Ab,0.92,1.83,1.809886,0.033,0.0,2160.0,Primary Transit,WASP-76 A,0.23,1.46,1.73,6250.0
WASP-77 Ab,1.759,1.21,1.3600288,0.02345,0.013499999999999998,1693.0,Primary Transit,WASP-77 A,0.0,1.002,0.955,5500.0
WASP-78 b,0.89,1.7,2.17517656,0.0415,0.0,1462.0,Primary Transit,WASP-78,-0.35,2.02,2.31,6100.0
WASP-79 b,0.835,1.58,3.66239094,0.05014,0.0,1502.0,Primary Transit,WASP-79,0.029999999999999995,1.56,1.64,6600.0
WASP-7 b,0.96,1.33,4.9546416,0.0617,0.0,1482.8,Primary Transit,WASP-7,0.0,1.276,1.432,6400.0
WASP-80 b,0.554,0.952,3.0678504,0.0346,0.07,982.6,Primary Transit,WASP-80,-0.14,0.58,0.63,4145.0
WASP-81 b,0.729,1.429,2.7164762,0.03908,0.0,1657.0,Primary Transit,WASP-81 ,-0.36,1.08,1.283,5870.0
WASP-82 b,1.24,1.63,2.705789,0.0448,0.0,2183.0,Primary Transit,WASP-82,0.12,1.63,2.18,6500.0
WASP-83 b,0.3,1.04,4.071252,0.059,0.0,1120.0,Primary Transit,WASP-83,0.29,1.11,1.05,5480.0
WASP-84 b,0.687,0.976,8.5234962,0.0775,0.0,732.0,Primary Transit,WASP-84,0.0,0.842,0.748,5314.0
WASP-84 c,0.0478,0.174,1.4468849,0.02359,0.037599999999999995,1329.0,Primary Transit,WASP-84,0.0,0.842,0.748,5314.0
WASP-85 Ab,1.265,1.24,2.6556777,0.039,0.0,1452.0,Primary Transit,WASP-85 A,-0.13360000000000005,1.09,0.935,6112.0
WASP-87 Ab,2.21,1.385,1.682795,0.02946,0.0,2322.0,Primary Transit,WASP-87 A,-0.4099999999999999,1.204,1.627,6450.0
WASP-88 b,0.56,1.7,4.954,0.06431,0.0,1775.0,Primary Transit,WASP-88,-0.008,1.45,2.08,6431.0
WASP-89 b,5.9,1.04,3.3564227,0.0427,0.193,1120.0,Primary Transit,WASP-89,0.15,0.92,0.88,4955.0
WASP-8 Ab,2.244,1.038,8.158715,0.0801,0.30999999999999994,1234.6,Primary Transit,WASP-8 A,0.17,1.033,0.953,5600.0
WASP-90 b,0.63,1.63,3.916243,0.0562,0.0,1840.0,Primary Transit,WASP-90,0.11,1.55,1.98,6430.0
WASP-91 b,1.34,1.03,2.798581,0.037,0.0,1531.0,Primary Transit,WASP-91,0.19,0.84,0.86,4920.0
WASP-92 b,0.805,1.461,2.1746742,0.0348,0.0,1871.0,Primary Transit,WASP-92,0.0,1.19,1.341,6280.0
WASP-93 b,1.47,1.597,2.7325321,0.04211,0.007999999999999993,1132.8,Primary Transit,WASP-93,0.07,1.3,1.06,6700.0
WASP-94 Ab,0.452,1.665,3.95020219,0.055,0.0,1625.0,Primary Transit,WASP-94 A,0.26,1.29,1.36,6170.0
WASP-95 b,1.206,1.098,2.1846656,0.0312,0.0,1692.0,Primary Transit,WASP-95,0.14,1.11,1.13,5630.0
WASP-96 b,0.48,1.2,3.4252602,0.0453,0.0,1285.0,Primary Transit,WASP-96,0.14,1.06,1.05,5540.0
WASP-97 b,1.32,1.13,2.07276,0.03303,0.0,1555.0,Primary Transit,WASP-97,0.23,1.12,1.06,5640.0
WASP-98 Ab,0.83,1.1,2.96264,0.036,0.0,1180.0,Primary Transit,WASP-98 A,-0.6,0.97,0.718,5526.0
WASP-99 b,2.78,1.1,5.75251,0.0717,0.0,1480.0,Primary Transit,WASP-99,0.21,1.48,1.76,6180.0
WD 0310-688 b,3.0,1.03,826.5790731957035,1.5,0.011999999999999997,925.46,Other,WD 0310-688,-0.27760000000000007,0.659,0.94,15685.0
WD 0806-661 b,7.0,1.08,57983495.48352448,2500.0,0.1588,357.0,Imaging,WD 0806-661,-0.016,0.62,0.013,10030.0
WD 1856+534 Ab,,0.928,1.407939211,0.0204,0.0,163.0,Primary Transit,WD 1856+534 A,-0.3960000000000001,0.518,0.013,4710.0
Wendelstein-1 Ab,0.59,1.0,2.663416,0.0282,0.011999999999999997,1884.0,Primary Transit,Wendelstein-1 A,-0.0732,0.65,0.61,4125.0
Wendelstein-2 b,0.73,1.0,1.7522239,0.0234,0.193,784.4,Primary Transit,Wendelstein-2,0.024,0.73,0.66,4667.0
WISPIT 2 (AB)b,5.3,1.6,139675.52598556754,57.5,0.044199999999999996,1596.0,Imaging,WISPIT 2 (AB),0.06200000000000001,1.3,1.418,4700.0
WISPIT 2 (AB)c,10.0,1.05,18610.388402459113,15.0,0.044199999999999996,1596.0,Imaging,WISPIT 2 (AB),0.06200000000000001,1.3,1.418,4700.0
Wolf 327 b,2.53,0.1106,0.5734745,0.01,0.0,996.0,Primary Transit,Wolf 327,-0.009999999999999993,1.1508,0.94,5573.0
Wolf 503 b,0.0197,0.18227,6.001127,0.05706,0.41,790.0,Primary Transit,Wolf 503,-0.47,0.688,0.69,4716.0
WTS-1 b,4.01,1.49,3.352059,0.047,0.1,1126.3999999999999,Primary Transit,WTS-1,-0.25,1.2,1.15,6250.0
WTS-2 b,1.12,1.3,1.0187074,0.01855,0.0,2000.0,Primary Transit,WTS-2,0.2,0.82,0.761,5000.0
XO-1 b,0.9,1.184,3.9415128,0.0488,0.0,1280.0,Primary Transit,XO-1,0.014200000000000003,1.0,0.928,5573.0
XO-2N b,0.62,0.973,2.615838,0.0369,0.045,1099.8,Primary Transit,XO-2N,0.37,0.96,0.998,5290.0
XO-3 Ab,11.79,1.217,3.1915239,0.0454,0.26,1906.2,Primary Transit,XO-3 A,-0.08,1.41,1.49,6781.0
XO-4 b,1.616,1.317,4.12473,0.05485,0.0,1641.0,Primary Transit,XO-4,-0.039999999999999994,1.32,1.55,5700.0
XO-5 b,1.077,1.03,4.1877537,0.0487,0.0,1534.6,Primary Transit,XO-5,0.18,0.88,1.06,5510.0
XO-6 b,4.47,2.17,3.7649923,0.0742,0.0,1670.0,Primary Transit,XO-6,-0.07,1.47,1.93,6720.0
XO-7 b,0.726,1.346,2.86413296,0.04329,0.038,1612.0,Primary Transit,XO-7,0.41,1.405,1.48,6000.0
XTE J0929-314 b,,0.389,0.030263263,0.002132,0.094,1861.8000000000002,"Timing, Kinematic",XTE J0929-314,0.18200000000000002,1.4,2e-05,5573.0
